{"v":"5.7.1","fr":22.5814056396484,"ip":0,"op":92.0016526658543,"w":1080,"h":1920,"nm":"扫描动效 确定","ddd":0,"assets":[{"id":"image_0","w":1080,"h":1170,"u":"images/","p":"img_0.jpg","e":0},{"id":"image_1","w":1080,"h":1170,"u":"images/","p":"img_1.jpg","e":0},{"id":"image_2","w":1080,"h":1170,"u":"images/","p":"img_2.jpg","e":0},{"id":"image_3","w":216,"h":154,"u":"images/","p":"img_3.png","e":0},{"id":"image_4","w":537,"h":537,"u":"images/","p":"img_4.png","e":0},{"id":"image_5","w":111,"h":111,"u":"images/","p":"img_5.png","e":0},{"id":"image_6","w":599,"h":599,"u":"images/","p":"img_6.png","e":0},{"id":"image_7","w":778,"h":723,"u":"images/","p":"img_7.png","e":0},{"id":"image_8","w":652,"h":606,"u":"images/","p":"img_8.png","e":0}],"layers":[{"ddd":0,"ind":6,"ty":2,"nm":"s","refId":"image_0","sr":1,"ks":{"o":{"a":0,"k":90.196,"ix":11},"r":{"a":0,"k":0,"ix":10},"p":{"a":0,"k":[170,785,0],"ix":2},"a":{"a":0,"k":[170,555,0],"ix":1},"s":{"a":1,"k":[{"i":{"x":[0.667,0.667,0.667],"y":[1,1,1]},"o":{"x":[0.333,0.333,0.333],"y":[0,0,0]},"t":68.001,"s":[100,100,100]},{"i":{"x":[0.833,0.833,0.833],"y":[1,1,1]},"o":{"x":[0.333,0.333,0.333],"y":[0,0,0]},"t":76.001,"s":[100,100,100]},{"i":{"x":[0.667,0.667,0.667],"y":[1,1,1]},"o":{"x":[0.167,0.167,0.167],"y":[0,0,0]},"t":82.001,"s":[60,60,100]},{"t":88.0015808108172,"s":[100,100,100]}],"ix":6}},"ao":0,"hasMask":true,"masksProperties":[{"inv":false,"mode":"a","pt":{"a":0,"k":{"i":[[0,0],[0,0],[0,0],[0,0],[0,0],[0,0],[0,0],[0,0]],"o":[[0,0],[0,0],[0,0],[0,0],[0,0],[0,0],[0,0],[0,0]],"v":[[221.045,556.384],[185.63,570.934],[176.022,607.995],[161.472,572.581],[124.411,562.972],[159.825,548.422],[169.434,511.361],[183.983,546.775]],"c":true},"ix":1},"o":{"a":0,"k":100,"ix":3},"x":{"a":0,"k":0,"ix":4},"nm":"蒙版 1"}],"ip":68.0012215356314,"op":294.00528134523,"st":68.0012215356314,"bm":0},{"ddd":0,"ind":7,"ty":2,"nm":"s","refId":"image_1","sr":1,"ks":{"o":{"a":0,"k":90.196,"ix":11},"r":{"a":0,"k":0,"ix":10},"p":{"a":0,"k":[767,1134.5,0],"ix":2},"a":{"a":0,"k":[767,904.5,0],"ix":1},"s":{"a":1,"k":[{"i":{"x":[0.833,0.833,0.833],"y":[1,1,1]},"o":{"x":[0.333,0.333,0.333],"y":[0,0,0]},"t":65.001,"s":[0,0,100]},{"i":{"x":[0.833,0.833,0.833],"y":[1,1,1]},"o":{"x":[0.167,0.167,0.167],"y":[0,0,0]},"t":74.001,"s":[100,100,100]},{"i":{"x":[0.833,0.833,0.833],"y":[1,1,1]},"o":{"x":[0.167,0.167,0.167],"y":[0,0,0]},"t":79.001,"s":[60,60,100]},{"t":85.0015269195393,"s":[90,90,100]}],"ix":6}},"ao":0,"hasMask":true,"masksProperties":[{"inv":false,"mode":"a","pt":{"a":0,"k":{"i":[[0,0],[0,0],[0,0],[0,0],[0,0],[0,0],[0,0],[0,0]],"o":[[0,0],[0,0],[0,0],[0,0],[0,0],[0,0],[0,0],[0,0]],"v":[[815.045,902.384],[779.63,916.934],[770.022,953.995],[755.472,918.581],[718.411,908.972],[753.825,894.422],[763.434,857.361],[777.983,892.775]],"c":true},"ix":1},"o":{"a":0,"k":100,"ix":3},"x":{"a":0,"k":0,"ix":4},"nm":"蒙版 1"}],"ip":65.0011676443536,"op":291.005227453952,"st":65.0011676443536,"bm":0},{"ddd":0,"ind":8,"ty":2,"nm":"s","refId":"image_2","sr":1,"ks":{"o":{"a":0,"k":90.196,"ix":11},"r":{"a":0,"k":0,"ix":10},"p":{"a":0,"k":[845,532,0],"ix":2},"a":{"a":0,"k":[845,302,0],"ix":1},"s":{"a":1,"k":[{"i":{"x":[0.833,0.833,0.833],"y":[1,1,1]},"o":{"x":[0.167,0.167,0.167],"y":[0,0,0]},"t":65.001,"s":[0,0,100]},{"i":{"x":[0.833,0.833,0.833],"y":[1,1,1]},"o":{"x":[0.167,0.167,0.167],"y":[0,0,0]},"t":72.001,"s":[100,100,100]},{"i":{"x":[0.833,0.833,0.833],"y":[1,1,1]},"o":{"x":[0.167,0.167,0.167],"y":[0,0,0]},"t":78.001,"s":[50,50,100]},{"i":{"x":[0.833,0.833,0.833],"y":[1,1,1]},"o":{"x":[0.167,0.167,0.167],"y":[0,0,0]},"t":82.001,"s":[100,100,100]},{"t":87.0015628470579,"s":[60,60,100]}],"ix":6}},"ao":0,"hasMask":true,"masksProperties":[{"inv":false,"mode":"a","pt":{"a":0,"k":{"i":[[0,0],[0,0],[0,0],[0,0],[0,0],[0,0],[0,0],[0,0]],"o":[[0,0],[0,0],[0,0],[0,0],[0,0],[0,0],[0,0],[0,0]],"v":[[890.045,301.384],[854.63,315.934],[845.022,352.995],[830.472,317.581],[793.411,307.972],[828.825,293.422],[838.434,256.361],[852.983,291.775]],"c":true},"ix":1},"o":{"a":0,"k":100,"ix":3},"x":{"a":0,"k":0,"ix":4},"nm":"蒙版 1"}],"ip":65.0011676443536,"op":291.005227453952,"st":65.0011676443536,"bm":0},{"ddd":0,"ind":10,"ty":2,"nm":"勾.gif","cl":"gif","refId":"image_3","sr":1,"ks":{"o":{"a":1,"k":[{"i":{"x":[0.833],"y":[1]},"o":{"x":[0.333],"y":[0]},"t":65.001,"s":[0]},{"t":72.0012933906686,"s":[100]}],"ix":11},"r":{"a":0,"k":0,"ix":10},"p":{"a":0,"k":[540,799,0],"ix":2},"a":{"a":0,"k":[108,77,0],"ix":1},"s":{"a":1,"k":[{"i":{"x":[0.667,0.667,0.667],"y":[1,1,1]},"o":{"x":[0.167,0.167,0.167],"y":[0,0,0]},"t":65.001,"s":[0,0,100]},{"i":{"x":[0.667,0.667,0.667],"y":[1,1,1]},"o":{"x":[0.333,0.333,0.333],"y":[0,0,0]},"t":72.001,"s":[120,120,100]},{"t":74.0013293181872,"s":[100,100,100]}],"ix":6}},"ao":0,"ip":65.0011676443536,"op":294.00528134523,"st":65.0011676443536,"bm":0},{"ddd":0,"ind":11,"ty":2,"nm":"勾 拷贝 2","refId":"image_4","sr":1,"ks":{"o":{"a":0,"k":100,"ix":11},"r":{"a":0,"k":0,"ix":10},"p":{"a":0,"k":[540.5,782.5,0],"ix":2},"a":{"a":0,"k":[268.5,268.5,0],"ix":1},"s":{"a":1,"k":[{"i":{"x":[0.667,0.667,0.667],"y":[1,1,1]},"o":{"x":[0.333,0.333,0.333],"y":[0,0,0]},"t":65.001,"s":[0,0,100]},{"i":{"x":[0.667,0.667,0.667],"y":[1,1,1]},"o":{"x":[0.167,0.167,0.167],"y":[0,0,0]},"t":70.001,"s":[126,126,100]},{"t":74.0013293181872,"s":[100,100,100]}],"ix":6}},"ao":0,"ip":65.0011676443536,"op":291.005227453952,"st":65.0011676443536,"bm":0},{"ddd":0,"ind":12,"ty":4,"nm":"658","sr":1,"ks":{"o":{"a":0,"k":40,"ix":11},"r":{"a":0,"k":0,"ix":10},"p":{"a":0,"k":[539.946,796.946,0],"ix":2},"a":{"a":0,"k":[0,0,0],"ix":1},"s":{"a":0,"k":[110.865,110.865,100],"ix":6}},"ao":0,"shapes":[{"ty":"gr","it":[{"d":1,"ty":"el","s":{"a":0,"k":[658,658],"ix":2},"p":{"a":0,"k":[0,0],"ix":3},"nm":"椭圆路径 1","mn":"ADBE Vector Shape - Ellipse","hd":false},{"ty":"st","c":{"a":0,"k":[1,1,1,1],"ix":3},"o":{"a":0,"k":100,"ix":4},"w":{"a":0,"k":3,"ix":5},"lc":1,"lj":1,"ml":4,"bm":0,"nm":"描边 1","mn":"ADBE Vector Graphic - Stroke","hd":false},{"ty":"tr","p":{"a":0,"k":[0,0],"ix":2},"a":{"a":0,"k":[0,0],"ix":1},"s":{"a":0,"k":[100,100],"ix":3},"r":{"a":0,"k":0,"ix":6},"o":{"a":0,"k":100,"ix":7},"sk":{"a":0,"k":0,"ix":4},"sa":{"a":0,"k":0,"ix":5},"nm":"变换"}],"nm":"椭圆 1","np":3,"cix":2,"bm":0,"ix":1,"mn":"ADBE Vector Group","hd":false}],"ip":65.0011676443536,"op":292.005245417712,"st":65.0011676443536,"bm":0},{"ddd":0,"ind":13,"ty":4,"nm":"802","sr":1,"ks":{"o":{"a":0,"k":30,"ix":11},"r":{"a":0,"k":0,"ix":10},"p":{"a":0,"k":[539.946,796.946,0],"ix":2},"a":{"a":0,"k":[0,0,0],"ix":1},"s":{"a":0,"k":[110.865,110.865,100],"ix":6}},"ao":0,"shapes":[{"ty":"gr","it":[{"d":1,"ty":"el","s":{"a":0,"k":[802,802],"ix":2},"p":{"a":0,"k":[0,0],"ix":3},"nm":"椭圆路径 1","mn":"ADBE Vector Shape - Ellipse","hd":false},{"ty":"st","c":{"a":0,"k":[1,1,1,1],"ix":3},"o":{"a":0,"k":100,"ix":4},"w":{"a":0,"k":3,"ix":5},"lc":1,"lj":1,"ml":4,"bm":0,"nm":"描边 1","mn":"ADBE Vector Graphic - Stroke","hd":false},{"ty":"tr","p":{"a":0,"k":[0,0],"ix":2},"a":{"a":0,"k":[0,0],"ix":1},"s":{"a":0,"k":[100,100],"ix":3},"r":{"a":0,"k":0,"ix":6},"o":{"a":0,"k":100,"ix":7},"sk":{"a":0,"k":0,"ix":4},"sa":{"a":0,"k":0,"ix":5},"nm":"变换"}],"nm":"椭圆 1","np":3,"cix":2,"bm":0,"ix":1,"mn":"ADBE Vector Group","hd":false}],"ip":65.0011676443536,"op":292.005245417712,"st":65.0011676443536,"bm":0},{"ddd":0,"ind":14,"ty":4,"nm":"970","sr":1,"ks":{"o":{"a":0,"k":20,"ix":11},"r":{"a":0,"k":0,"ix":10},"p":{"a":0,"k":[539.946,796.946,0],"ix":2},"a":{"a":0,"k":[0,0,0],"ix":1},"s":{"a":0,"k":[110.865,110.865,100],"ix":6}},"ao":0,"shapes":[{"ty":"gr","it":[{"d":1,"ty":"el","s":{"a":0,"k":[970,970],"ix":2},"p":{"a":0,"k":[0,0],"ix":3},"nm":"椭圆路径 1","mn":"ADBE Vector Shape - Ellipse","hd":false},{"ty":"st","c":{"a":0,"k":[1,1,1,1],"ix":3},"o":{"a":0,"k":100,"ix":4},"w":{"a":0,"k":3,"ix":5},"lc":1,"lj":1,"ml":4,"bm":0,"nm":"描边 1","mn":"ADBE Vector Graphic - Stroke","hd":false},{"ty":"tr","p":{"a":0,"k":[0,0],"ix":2},"a":{"a":0,"k":[0,0],"ix":1},"s":{"a":0,"k":[100,100],"ix":3},"r":{"a":0,"k":0,"ix":6},"o":{"a":0,"k":100,"ix":7},"sk":{"a":0,"k":0,"ix":4},"sa":{"a":0,"k":0,"ix":5},"nm":"变换"}],"nm":"椭圆 1","np":3,"cix":2,"bm":0,"ix":1,"mn":"ADBE Vector Group","hd":false}],"ip":65.0011676443536,"op":292.005245417712,"st":65.0011676443536,"bm":0},{"ddd":0,"ind":15,"ty":2,"nm":"气泡 71","refId":"image_5","sr":1,"ks":{"o":{"a":0,"k":40,"ix":11},"r":{"a":0,"k":0,"ix":10},"p":{"a":1,"k":[{"i":{"x":0.833,"y":1},"o":{"x":0.333,"y":0},"t":0,"s":[664.5,1609.5,0],"to":[0,-2.5,0],"ti":[27.667,112.833,0]},{"i":{"x":0.667,"y":1},"o":{"x":0.333,"y":0},"t":2,"s":[664.5,1594.5,0],"to":[-27.667,-112.833,0],"ti":[27.667,137,0]},{"i":{"x":0.667,"y":1},"o":{"x":0.167,"y":0},"t":22,"s":[498.5,932.5,0],"to":[-27.667,-137,0],"ti":[0,26.667,0]},{"t":69.0012394993907,"s":[498.5,772.5,0]}],"ix":2},"a":{"a":0,"k":[55.5,55.5,0],"ix":1},"s":{"a":1,"k":[{"i":{"x":[0.833,0.833,0.833],"y":[1,1,1]},"o":{"x":[0.333,0.333,0.333],"y":[0,0,0]},"t":2,"s":[90,90,100]},{"t":22.0003952027043,"s":[0,0,100]}],"ix":6}},"ao":0,"ip":2.00003592751857,"op":40.0007185503714,"st":23.0004131664636,"bm":0},{"ddd":0,"ind":16,"ty":2,"nm":"气泡 20","refId":"image_5","sr":1,"ks":{"o":{"a":0,"k":40,"ix":11},"r":{"a":0,"k":0,"ix":10},"p":{"a":1,"k":[{"i":{"x":0.833,"y":1},"o":{"x":0.333,"y":0},"t":0,"s":[1144.5,1009.5,0],"to":[0,-2.5,0],"ti":[107.667,12.833,0]},{"i":{"x":0.667,"y":1},"o":{"x":0.333,"y":0},"t":20,"s":[1144.5,994.5,0],"to":[-107.667,-12.833,0],"ti":[107.667,37,0]},{"i":{"x":0.667,"y":1},"o":{"x":0.167,"y":0},"t":47.001,"s":[498.5,932.5,0],"to":[-107.667,-37,0],"ti":[0,26.667,0]},{"t":69.0012394993907,"s":[498.5,772.5,0]}],"ix":2},"a":{"a":0,"k":[55.5,55.5,0],"ix":1},"s":{"a":1,"k":[{"i":{"x":[0.833,0.833,0.833],"y":[1,1,1]},"o":{"x":[0.333,0.333,0.333],"y":[0,0,0]},"t":20,"s":[90,90,100]},{"t":47.0008442966864,"s":[0,0,100]}],"ix":6}},"ao":0,"ip":20.0003592751857,"op":65.0011676443536,"st":12.0002155651114,"bm":0},{"ddd":0,"ind":17,"ty":2,"nm":"气泡 74","refId":"image_5","sr":1,"ks":{"o":{"a":0,"k":40,"ix":11},"r":{"a":0,"k":0,"ix":10},"p":{"a":1,"k":[{"i":{"x":0.667,"y":1},"o":{"x":0.333,"y":0},"t":0,"s":[1136.5,1633.5,0],"to":[0,-2.5,0],"ti":[106.333,116.833,0]},{"i":{"x":0.667,"y":1},"o":{"x":0.333,"y":0},"t":30.001,"s":[1136.5,1618.5,0],"to":[-106.333,-116.833,0],"ti":[106.333,141,0]},{"i":{"x":0.667,"y":1},"o":{"x":0.167,"y":0},"t":59.001,"s":[498.5,932.5,0],"to":[-106.333,-141,0],"ti":[0,26.667,0]},{"t":69.0012394993907,"s":[498.5,772.5,0]}],"ix":2},"a":{"a":0,"k":[55.5,55.5,0],"ix":1},"s":{"a":1,"k":[{"i":{"x":[0.833,0.833,0.833],"y":[1,1,1]},"o":{"x":[0.333,0.333,0.333],"y":[0,0,0]},"t":30.001,"s":[90,90,100]},{"t":59.0010598617979,"s":[0,0,100]}],"ix":6}},"ao":0,"ip":30.0005389127786,"op":65.0011676443536,"st":30.0005389127786,"bm":0},{"ddd":0,"ind":18,"ty":2,"nm":"气泡 19","refId":"image_5","sr":1,"ks":{"o":{"a":0,"k":40,"ix":11},"r":{"a":0,"k":0,"ix":10},"p":{"a":1,"k":[{"i":{"x":0.833,"y":1},"o":{"x":0.333,"y":0},"t":0,"s":[764.5,1621.5,0],"to":[0,-2.5,0],"ti":[44.333,114.833,0]},{"i":{"x":0.667,"y":1},"o":{"x":0.333,"y":0},"t":26,"s":[764.5,1606.5,0],"to":[-44.333,-114.833,0],"ti":[44.333,139,0]},{"i":{"x":0.667,"y":1},"o":{"x":0.167,"y":0},"t":47.001,"s":[498.5,932.5,0],"to":[-44.333,-139,0],"ti":[0,26.667,0]},{"t":69.0012394993907,"s":[498.5,772.5,0]}],"ix":2},"a":{"a":0,"k":[55.5,55.5,0],"ix":1},"s":{"a":1,"k":[{"i":{"x":[0.833,0.833,0.833],"y":[1,1,1]},"o":{"x":[0.333,0.333,0.333],"y":[0,0,0]},"t":26,"s":[90,90,100]},{"t":47.0008442966864,"s":[0,0,100]}],"ix":6}},"ao":0,"ip":20.0003592751857,"op":65.0011676443536,"st":14.00025149263,"bm":0},{"ddd":0,"ind":19,"ty":2,"nm":"气泡 73","refId":"image_5","sr":1,"ks":{"o":{"a":0,"k":40,"ix":11},"r":{"a":0,"k":0,"ix":10},"p":{"a":1,"k":[{"i":{"x":0.833,"y":1},"o":{"x":0.333,"y":0},"t":0,"s":[120.5,1617.5,0],"to":[0,-2.5,0],"ti":[-63,114.167,0]},{"i":{"x":0.667,"y":1},"o":{"x":0.333,"y":0},"t":28.001,"s":[120.5,1602.5,0],"to":[63,-114.167,0],"ti":[-63,138.333,0]},{"i":{"x":0.667,"y":1},"o":{"x":0.167,"y":0},"t":64.001,"s":[498.5,932.5,0],"to":[63,-138.333,0],"ti":[0,26.667,0]},{"t":69.0012394993907,"s":[498.5,772.5,0]}],"ix":2},"a":{"a":0,"k":[55.5,55.5,0],"ix":1},"s":{"a":1,"k":[{"i":{"x":[0.833,0.833,0.833],"y":[1,1,1]},"o":{"x":[0.333,0.333,0.333],"y":[0,0,0]},"t":28.001,"s":[90,90,100]},{"t":64.0011496805943,"s":[0,0,100]}],"ix":6}},"ao":0,"ip":27.0004850215007,"op":65.0011676443536,"st":45.0008083691679,"bm":0},{"ddd":0,"ind":20,"ty":2,"nm":"气泡 69","refId":"image_5","sr":1,"ks":{"o":{"a":0,"k":40,"ix":11},"r":{"a":0,"k":0,"ix":10},"p":{"a":1,"k":[{"i":{"x":0.667,"y":1},"o":{"x":0.333,"y":0},"t":0,"s":[120.5,1617.5,0],"to":[0,-2.5,0],"ti":[-63,114.167,0]},{"i":{"x":0.667,"y":1},"o":{"x":0.333,"y":0},"t":3,"s":[120.5,1602.5,0],"to":[63,-114.167,0],"ti":[-63,138.333,0]},{"i":{"x":0.667,"y":1},"o":{"x":0.167,"y":0},"t":33.001,"s":[498.5,932.5,0],"to":[63,-138.333,0],"ti":[0,26.667,0]},{"t":69.0012394993907,"s":[498.5,772.5,0]}],"ix":2},"a":{"a":0,"k":[55.5,55.5,0],"ix":1},"s":{"a":1,"k":[{"i":{"x":[0.833,0.833,0.833],"y":[1,1,1]},"o":{"x":[0.333,0.333,0.333],"y":[0,0,0]},"t":3,"s":[90,90,100]},{"t":33.0005928040564,"s":[0,0,100]}],"ix":6}},"ao":0,"ip":3.00005389127786,"op":34.0006107678157,"st":3.00005389127786,"bm":0},{"ddd":0,"ind":21,"ty":2,"nm":"气泡 18","refId":"image_5","sr":1,"ks":{"o":{"a":0,"k":40,"ix":11},"r":{"a":0,"k":0,"ix":10},"p":{"a":1,"k":[{"i":{"x":0.833,"y":1},"o":{"x":0.333,"y":0},"t":0,"s":[120.5,1617.5,0],"to":[0,-2.5,0],"ti":[-63,114.167,0]},{"i":{"x":0.667,"y":1},"o":{"x":0.333,"y":0},"t":1,"s":[120.5,1602.5,0],"to":[63,-114.167,0],"ti":[-63,138.333,0]},{"i":{"x":0.667,"y":1},"o":{"x":0.167,"y":0},"t":28.001,"s":[498.5,932.5,0],"to":[63,-138.333,0],"ti":[0,26.667,0]},{"t":69.0012394993907,"s":[498.5,772.5,0]}],"ix":2},"a":{"a":0,"k":[55.5,55.5,0],"ix":1},"s":{"a":1,"k":[{"i":{"x":[0.833,0.833,0.833],"y":[1,1,1]},"o":{"x":[0.333,0.333,0.333],"y":[0,0,0]},"t":1,"s":[90,90,100]},{"t":28.00050298526,"s":[0,0,100]}],"ix":6}},"ao":0,"ip":0,"op":45.0008083691679,"st":-11.0001976013521,"bm":0},{"ddd":0,"ind":22,"ty":2,"nm":"气泡 68","refId":"image_5","sr":1,"ks":{"o":{"a":0,"k":40,"ix":11},"r":{"a":0,"k":0,"ix":10},"p":{"a":1,"k":[{"i":{"x":0.833,"y":1},"o":{"x":0.333,"y":0},"t":0,"s":[1024.5,453.5,0],"to":[0,-2.5,0],"ti":[87.667,-79.833,0]},{"i":{"x":0.667,"y":1},"o":{"x":0.333,"y":0},"t":5,"s":[1024.5,438.5,0],"to":[-87.667,79.833,0],"ti":[87.667,-55.667,0]},{"i":{"x":0.667,"y":1},"o":{"x":0.167,"y":0},"t":25,"s":[498.5,932.5,0],"to":[-87.667,55.667,0],"ti":[0,26.667,0]},{"t":69.0012394993907,"s":[498.5,772.5,0]}],"ix":2},"a":{"a":0,"k":[55.5,55.5,0],"ix":1},"s":{"a":1,"k":[{"i":{"x":[0.833,0.833,0.833],"y":[1,1,1]},"o":{"x":[0.333,0.333,0.333],"y":[0,0,0]},"t":5,"s":[90,90,100]},{"t":25.0004490939821,"s":[0,0,100]}],"ix":6}},"ao":0,"ip":5.00008981879643,"op":48.0008622604457,"st":27.0004850215007,"bm":0},{"ddd":0,"ind":23,"ty":2,"nm":"气泡 34","refId":"image_5","sr":1,"ks":{"o":{"a":0,"k":40,"ix":11},"r":{"a":0,"k":0,"ix":10},"p":{"a":1,"k":[{"i":{"x":0.667,"y":1},"o":{"x":0.333,"y":0},"t":0,"s":[1024.5,453.5,0],"to":[0,-2.5,0],"ti":[87.667,-79.833,0]},{"i":{"x":0.667,"y":1},"o":{"x":0.333,"y":0},"t":21,"s":[1024.5,438.5,0],"to":[-87.667,79.833,0],"ti":[87.667,-55.667,0]},{"i":{"x":0.667,"y":1},"o":{"x":0.167,"y":0},"t":50.001,"s":[498.5,932.5,0],"to":[-87.667,55.667,0],"ti":[0,26.667,0]},{"t":69.0012394993907,"s":[498.5,772.5,0]}],"ix":2},"a":{"a":0,"k":[55.5,55.5,0],"ix":1},"s":{"a":1,"k":[{"i":{"x":[0.833,0.833,0.833],"y":[1,1,1]},"o":{"x":[0.333,0.333,0.333],"y":[0,0,0]},"t":21,"s":[90,90,100]},{"t":50.0008981879643,"s":[0,0,100]}],"ix":6}},"ao":0,"ip":21.000377238945,"op":65.0011676443536,"st":21.000377238945,"bm":0},{"ddd":0,"ind":24,"ty":2,"nm":"气泡 17","refId":"image_5","sr":1,"ks":{"o":{"a":0,"k":40,"ix":11},"r":{"a":0,"k":0,"ix":10},"p":{"a":1,"k":[{"i":{"x":0.833,"y":1},"o":{"x":0.333,"y":0},"t":0,"s":[1024.5,453.5,0],"to":[0,-2.5,0],"ti":[87.667,-79.833,0]},{"i":{"x":0.667,"y":1},"o":{"x":0.333,"y":0},"t":4,"s":[1024.5,438.5,0],"to":[-87.667,79.833,0],"ti":[87.667,-55.667,0]},{"i":{"x":0.667,"y":1},"o":{"x":0.167,"y":0},"t":23,"s":[498.5,932.5,0],"to":[-87.667,55.667,0],"ti":[0,26.667,0]},{"t":69.0012394993907,"s":[498.5,772.5,0]}],"ix":2},"a":{"a":0,"k":[55.5,55.5,0],"ix":1},"s":{"a":1,"k":[{"i":{"x":[0.833,0.833,0.833],"y":[1,1,1]},"o":{"x":[0.333,0.333,0.333],"y":[0,0,0]},"t":4,"s":[90,90,100]},{"t":23.0004131664636,"s":[0,0,100]}],"ix":6}},"ao":0,"ip":4.00007185503714,"op":49.000880224205,"st":-8.00014371007429,"bm":0},{"ddd":0,"ind":25,"ty":2,"nm":"气泡 16","refId":"image_5","sr":1,"ks":{"o":{"a":0,"k":40,"ix":11},"r":{"a":0,"k":0,"ix":10},"p":{"a":1,"k":[{"i":{"x":0.833,"y":1},"o":{"x":0.333,"y":0},"t":0,"s":[1156.5,1653.5,0],"to":[0,-2.5,0],"ti":[109.667,120.167,0]},{"i":{"x":0.667,"y":1},"o":{"x":0.333,"y":0},"t":20,"s":[1156.5,1638.5,0],"to":[-109.667,-120.167,0],"ti":[109.667,144.333,0]},{"i":{"x":0.667,"y":1},"o":{"x":0.167,"y":0},"t":47.001,"s":[498.5,932.5,0],"to":[-109.667,-144.333,0],"ti":[0,26.667,0]},{"t":69.0012394993907,"s":[498.5,772.5,0]}],"ix":2},"a":{"a":0,"k":[55.5,55.5,0],"ix":1},"s":{"a":1,"k":[{"i":{"x":[0.833,0.833,0.833],"y":[1,1,1]},"o":{"x":[0.333,0.333,0.333],"y":[0,0,0]},"t":20,"s":[90,90,100]},{"t":47.0008442966864,"s":[0,0,100]}],"ix":6}},"ao":0,"ip":20.0003592751857,"op":65.0011676443536,"st":9.00016167383357,"bm":0},{"ddd":0,"ind":26,"ty":2,"nm":"气泡 66","refId":"image_5","sr":1,"ks":{"o":{"a":0,"k":40,"ix":11},"r":{"a":0,"k":0,"ix":10},"p":{"a":1,"k":[{"i":{"x":0.833,"y":1},"o":{"x":0.333,"y":0},"t":0,"s":[-27.5,327.5,0],"to":[0,-2.5,0],"ti":[-87.667,-100.833,0]},{"i":{"x":0.667,"y":1},"o":{"x":0.333,"y":0},"t":29.001,"s":[-27.5,312.5,0],"to":[87.667,100.833,0],"ti":[-87.667,-76.667,0]},{"i":{"x":0.667,"y":1},"o":{"x":0.167,"y":0},"t":63.001,"s":[498.5,932.5,0],"to":[87.667,76.667,0],"ti":[0,26.667,0]},{"t":69.0012394993907,"s":[498.5,772.5,0]}],"ix":2},"a":{"a":0,"k":[55.5,55.5,0],"ix":1},"s":{"a":1,"k":[{"i":{"x":[0.833,0.833,0.833],"y":[1,1,1]},"o":{"x":[0.333,0.333,0.333],"y":[0,0,0]},"t":29.001,"s":[90,90,100]},{"t":63.001131716835,"s":[0,0,100]}],"ix":6}},"ao":0,"ip":29.0005209490193,"op":65.0011676443536,"st":32.0005748402972,"bm":0},{"ddd":0,"ind":27,"ty":2,"nm":"气泡 32","refId":"image_5","sr":1,"ks":{"o":{"a":0,"k":40,"ix":11},"r":{"a":0,"k":0,"ix":10},"p":{"a":1,"k":[{"i":{"x":0.667,"y":1},"o":{"x":0.333,"y":0},"t":0,"s":[1256.5,537.5,0],"to":[0,-2.5,0],"ti":[126.333,-65.833,0]},{"i":{"x":0.667,"y":1},"o":{"x":0.333,"y":0},"t":25,"s":[1256.5,522.5,0],"to":[-126.333,65.833,0],"ti":[126.333,-41.667,0]},{"i":{"x":0.667,"y":1},"o":{"x":0.167,"y":0},"t":46.001,"s":[498.5,932.5,0],"to":[-126.333,41.667,0],"ti":[0,26.667,0]},{"t":69.0012394993907,"s":[498.5,772.5,0]}],"ix":2},"a":{"a":0,"k":[55.5,55.5,0],"ix":1},"s":{"a":1,"k":[{"i":{"x":[0.833,0.833,0.833],"y":[1,1,1]},"o":{"x":[0.333,0.333,0.333],"y":[0,0,0]},"t":25,"s":[90,90,100]},{"t":46.0008263329272,"s":[0,0,100]}],"ix":6}},"ao":0,"ip":25.0004490939821,"op":65.0011676443536,"st":25.0004490939821,"bm":0},{"ddd":0,"ind":28,"ty":2,"nm":"气泡 15","refId":"image_5","sr":1,"ks":{"o":{"a":0,"k":40,"ix":11},"r":{"a":0,"k":0,"ix":10},"p":{"a":1,"k":[{"i":{"x":0.833,"y":1},"o":{"x":0.333,"y":0},"t":0,"s":[1256.5,537.5,0],"to":[0,-2.5,0],"ti":[126.333,-65.833,0]},{"i":{"x":0.667,"y":1},"o":{"x":0.333,"y":0},"t":23,"s":[1256.5,522.5,0],"to":[-126.333,65.833,0],"ti":[126.333,-41.667,0]},{"i":{"x":0.667,"y":1},"o":{"x":0.167,"y":0},"t":50.001,"s":[498.5,932.5,0],"to":[-126.333,41.667,0],"ti":[0,26.667,0]},{"t":69.0012394993907,"s":[498.5,772.5,0]}],"ix":2},"a":{"a":0,"k":[55.5,55.5,0],"ix":1},"s":{"a":1,"k":[{"i":{"x":[0.833,0.833,0.833],"y":[1,1,1]},"o":{"x":[0.333,0.333,0.333],"y":[0,0,0]},"t":23,"s":[90,90,100]},{"t":50.0008981879643,"s":[0,0,100]}],"ix":6}},"ao":0,"ip":20.0003592751857,"op":65.0011676443536,"st":12.0002155651114,"bm":0},{"ddd":0,"ind":29,"ty":2,"nm":"气泡 65","refId":"image_5","sr":1,"ks":{"o":{"a":0,"k":40,"ix":11},"r":{"a":0,"k":0,"ix":10},"p":{"a":1,"k":[{"i":{"x":0.833,"y":1},"o":{"x":0.333,"y":0},"t":0,"s":[72.5,1481.5,0],"to":[0,-2.5,0],"ti":[-71,91.5,0]},{"i":{"x":0.667,"y":1},"o":{"x":0.333,"y":0},"t":22,"s":[72.5,1466.5,0],"to":[71,-91.5,0],"ti":[-71,115.667,0]},{"i":{"x":0.667,"y":1},"o":{"x":0.167,"y":0},"t":56.001,"s":[498.5,932.5,0],"to":[71,-115.667,0],"ti":[0,26.667,0]},{"t":69.0012394993907,"s":[498.5,772.5,0]}],"ix":2},"a":{"a":0,"k":[55.5,55.5,0],"ix":1},"s":{"a":1,"k":[{"i":{"x":[0.833,0.833,0.833],"y":[1,1,1]},"o":{"x":[0.333,0.333,0.333],"y":[0,0,0]},"t":22,"s":[79,79,100]},{"t":56.00100597052,"s":[0,0,100]}],"ix":6}},"ao":0,"ip":22.0003952027043,"op":65.0011676443536,"st":36.0006466953343,"bm":0},{"ddd":0,"ind":30,"ty":2,"nm":"气泡 14","refId":"image_5","sr":1,"ks":{"o":{"a":0,"k":40,"ix":11},"r":{"a":0,"k":0,"ix":10},"p":{"a":1,"k":[{"i":{"x":0.833,"y":1},"o":{"x":0.333,"y":0},"t":0,"s":[72.5,1481.5,0],"to":[0,-2.5,0],"ti":[-71,91.5,0]},{"i":{"x":0.667,"y":1},"o":{"x":0.333,"y":0},"t":4,"s":[72.5,1466.5,0],"to":[71,-91.5,0],"ti":[-71,115.667,0]},{"i":{"x":0.667,"y":1},"o":{"x":0.167,"y":0},"t":22,"s":[498.5,932.5,0],"to":[71,-115.667,0],"ti":[0,26.667,0]},{"t":69.0012394993907,"s":[498.5,772.5,0]}],"ix":2},"a":{"a":0,"k":[55.5,55.5,0],"ix":1},"s":{"a":1,"k":[{"i":{"x":[0.833,0.833,0.833],"y":[1,1,1]},"o":{"x":[0.333,0.333,0.333],"y":[0,0,0]},"t":4,"s":[79,79,100]},{"t":22.0003952027043,"s":[0,0,100]}],"ix":6}},"ao":0,"ip":4.00007185503714,"op":50.0008981879643,"st":-1.00001796375929,"bm":0},{"ddd":0,"ind":31,"ty":2,"nm":"气泡 64","refId":"image_5","sr":1,"ks":{"o":{"a":0,"k":40,"ix":11},"r":{"a":0,"k":0,"ix":10},"p":{"a":1,"k":[{"i":{"x":0.667,"y":1},"o":{"x":0.333,"y":0},"t":0,"s":[-79.5,637.5,0],"to":[0,-2.5,0],"ti":[-96.333,-49.167,0]},{"i":{"x":0.667,"y":1},"o":{"x":0.333,"y":0},"t":32.001,"s":[-79.5,622.5,0],"to":[96.333,49.167,0],"ti":[-96.333,-25,0]},{"i":{"x":0.667,"y":1},"o":{"x":0.167,"y":0},"t":65.001,"s":[498.5,932.5,0],"to":[96.333,25,0],"ti":[0,26.667,0]},{"t":69.0012394993907,"s":[498.5,772.5,0]}],"ix":2},"a":{"a":0,"k":[55.5,55.5,0],"ix":1},"s":{"a":1,"k":[{"i":{"x":[0.833,0.833,0.833],"y":[1,1,1]},"o":{"x":[0.333,0.333,0.333],"y":[0,0,0]},"t":32.001,"s":[100,100,100]},{"t":65.0011676443536,"s":[0,0,100]}],"ix":6}},"ao":0,"ip":32.0005748402972,"op":66.0011856081129,"st":32.0005748402972,"bm":0},{"ddd":0,"ind":32,"ty":2,"nm":"气泡 13","refId":"image_5","sr":1,"ks":{"o":{"a":0,"k":40,"ix":11},"r":{"a":0,"k":0,"ix":10},"p":{"a":1,"k":[{"i":{"x":0.833,"y":1},"o":{"x":0.333,"y":0},"t":0,"s":[-79.5,637.5,0],"to":[0,-2.5,0],"ti":[-96.333,-49.167,0]},{"i":{"x":0.667,"y":1},"o":{"x":0.333,"y":0},"t":20,"s":[-79.5,622.5,0],"to":[96.333,49.167,0],"ti":[-96.333,-25,0]},{"i":{"x":0.667,"y":1},"o":{"x":0.167,"y":0},"t":45.001,"s":[498.5,932.5,0],"to":[96.333,25,0],"ti":[0,26.667,0]},{"t":69.0012394993907,"s":[498.5,772.5,0]}],"ix":2},"a":{"a":0,"k":[55.5,55.5,0],"ix":1},"s":{"a":1,"k":[{"i":{"x":[0.833,0.833,0.833],"y":[1,1,1]},"o":{"x":[0.333,0.333,0.333],"y":[0,0,0]},"t":20,"s":[100,100,100]},{"t":45.0008083691679,"s":[0,0,100]}],"ix":6}},"ao":0,"ip":20.0003592751857,"op":66.0011856081129,"st":13.0002335288707,"bm":0},{"ddd":0,"ind":33,"ty":2,"nm":"气泡 75","refId":"image_5","sr":1,"ks":{"o":{"a":0,"k":40,"ix":11},"r":{"a":0,"k":0,"ix":10},"p":{"a":1,"k":[{"i":{"x":0.833,"y":1},"o":{"x":0.333,"y":0},"t":0,"s":[468.5,293.5,0],"to":[0,-2.5,0],"ti":[-5,-106.5,0]},{"i":{"x":0.667,"y":1},"o":{"x":0.333,"y":0},"t":26,"s":[468.5,278.5,0],"to":[5,106.5,0],"ti":[-5,-82.333,0]},{"i":{"x":0.667,"y":1},"o":{"x":0.167,"y":0},"t":60.001,"s":[498.5,932.5,0],"to":[5,82.333,0],"ti":[0,26.667,0]},{"t":69.0012394993907,"s":[498.5,772.5,0]}],"ix":2},"a":{"a":0,"k":[55.5,55.5,0],"ix":1},"s":{"a":1,"k":[{"i":{"x":[0.833,0.833,0.833],"y":[1,1,1]},"o":{"x":[0.333,0.333,0.333],"y":[0,0,0]},"t":26,"s":[90,90,100]},{"t":60.0010778255572,"s":[0,0,100]}],"ix":6}},"ao":0,"ip":26.0004670577414,"op":65.0011676443536,"st":40.0007185503714,"bm":0},{"ddd":0,"ind":34,"ty":2,"nm":"气泡 63","refId":"image_5","sr":1,"ks":{"o":{"a":0,"k":40,"ix":11},"r":{"a":0,"k":0,"ix":10},"p":{"a":1,"k":[{"i":{"x":0.667,"y":1},"o":{"x":0.333,"y":0},"t":0,"s":[316.5,1621.5,0],"to":[0,-2.5,0],"ti":[-30.333,114.833,0]},{"i":{"x":0.667,"y":1},"o":{"x":0.333,"y":0},"t":26,"s":[316.5,1606.5,0],"to":[30.333,-114.833,0],"ti":[-30.333,139,0]},{"i":{"x":0.667,"y":1},"o":{"x":0.167,"y":0},"t":58.001,"s":[498.5,932.5,0],"to":[30.333,-139,0],"ti":[0,26.667,0]},{"t":69.0012394993907,"s":[498.5,772.5,0]}],"ix":2},"a":{"a":0,"k":[55.5,55.5,0],"ix":1},"s":{"a":1,"k":[{"i":{"x":[0.833,0.833,0.833],"y":[1,1,1]},"o":{"x":[0.333,0.333,0.333],"y":[0,0,0]},"t":26,"s":[90,90,100]},{"t":58.0010418980386,"s":[0,0,100]}],"ix":6}},"ao":0,"ip":26.0004670577414,"op":59.0010598617979,"st":26.0004670577414,"bm":0},{"ddd":0,"ind":35,"ty":2,"nm":"气泡 29","refId":"image_5","sr":1,"ks":{"o":{"a":0,"k":40,"ix":11},"r":{"a":0,"k":0,"ix":10},"p":{"a":1,"k":[{"i":{"x":0.667,"y":1},"o":{"x":0.333,"y":0},"t":0,"s":[412.5,317.5,0],"to":[0,-2.5,0],"ti":[-14.333,-102.5,0]},{"i":{"x":0.667,"y":1},"o":{"x":0.333,"y":0},"t":19,"s":[412.5,302.5,0],"to":[14.333,102.5,0],"ti":[-14.333,-78.333,0]},{"i":{"x":0.667,"y":1},"o":{"x":0.167,"y":0},"t":51.001,"s":[498.5,932.5,0],"to":[14.333,78.333,0],"ti":[0,26.667,0]},{"t":69.0012394993907,"s":[498.5,772.5,0]}],"ix":2},"a":{"a":0,"k":[55.5,55.5,0],"ix":1},"s":{"a":1,"k":[{"i":{"x":[0.833,0.833,0.833],"y":[1,1,1]},"o":{"x":[0.333,0.333,0.333],"y":[0,0,0]},"t":19,"s":[90,90,100]},{"t":51.0009161517236,"s":[0,0,100]}],"ix":6}},"ao":0,"ip":19.0003413114264,"op":65.0011676443536,"st":19.0003413114264,"bm":0},{"ddd":0,"ind":36,"ty":2,"nm":"气泡 12","refId":"image_5","sr":1,"ks":{"o":{"a":0,"k":40,"ix":11},"r":{"a":0,"k":0,"ix":10},"p":{"a":1,"k":[{"i":{"x":0.833,"y":1},"o":{"x":0.333,"y":0},"t":0,"s":[316.5,1621.5,0],"to":[0,-2.5,0],"ti":[-30.333,114.833,0]},{"i":{"x":0.667,"y":1},"o":{"x":0.333,"y":0},"t":3,"s":[316.5,1606.5,0],"to":[30.333,-114.833,0],"ti":[-30.333,139,0]},{"i":{"x":0.667,"y":1},"o":{"x":0.167,"y":0},"t":17,"s":[498.5,932.5,0],"to":[30.333,-139,0],"ti":[0,26.667,0]},{"t":69.0012394993907,"s":[498.5,772.5,0]}],"ix":2},"a":{"a":0,"k":[55.5,55.5,0],"ix":1},"s":{"a":1,"k":[{"i":{"x":[0.833,0.833,0.833],"y":[1,1,1]},"o":{"x":[0.333,0.333,0.333],"y":[0,0,0]},"t":3,"s":[90,90,100]},{"t":17.0003053839079,"s":[0,0,100]}],"ix":6}},"ao":0,"ip":3.00005389127786,"op":50.0008981879643,"st":-9.00016167383357,"bm":0},{"ddd":0,"ind":37,"ty":2,"nm":"气泡 62","refId":"image_5","sr":1,"ks":{"o":{"a":0,"k":40,"ix":11},"r":{"a":0,"k":0,"ix":10},"p":{"a":1,"k":[{"i":{"x":0.833,"y":1},"o":{"x":0.333,"y":0},"t":0,"s":[-123.5,745.5,0],"to":[0,-2.5,0],"ti":[-103.667,-31.167,0]},{"i":{"x":0.667,"y":1},"o":{"x":0.333,"y":0},"t":12,"s":[-123.5,730.5,0],"to":[103.667,31.167,0],"ti":[-103.667,-7,0]},{"i":{"x":0.667,"y":1},"o":{"x":0.167,"y":0},"t":44.001,"s":[498.5,932.5,0],"to":[103.667,7,0],"ti":[0,26.667,0]},{"t":69.0012394993907,"s":[498.5,772.5,0]}],"ix":2},"a":{"a":0,"k":[55.5,55.5,0],"ix":1},"s":{"a":1,"k":[{"i":{"x":[0.833,0.833,0.833],"y":[1,1,1]},"o":{"x":[0.333,0.333,0.333],"y":[0,0,0]},"t":12,"s":[90,90,100]},{"t":44.0007904054086,"s":[0,0,100]}],"ix":6}},"ao":0,"ip":12.0002155651114,"op":46.0008263329272,"st":25.0004490939821,"bm":0},{"ddd":0,"ind":38,"ty":2,"nm":"气泡 11","refId":"image_5","sr":1,"ks":{"o":{"a":0,"k":40,"ix":11},"r":{"a":0,"k":0,"ix":10},"p":{"a":1,"k":[{"i":{"x":0.667,"y":1},"o":{"x":0.333,"y":0},"t":0,"s":[-123.5,745.5,0],"to":[0,-2.5,0],"ti":[-103.667,-31.167,0]},{"i":{"x":0.667,"y":1},"o":{"x":0.333,"y":0},"t":8,"s":[-123.5,730.5,0],"to":[103.667,31.167,0],"ti":[-103.667,-7,0]},{"i":{"x":0.667,"y":1},"o":{"x":0.167,"y":0},"t":46.001,"s":[498.5,932.5,0],"to":[103.667,7,0],"ti":[0,26.667,0]},{"t":69.0012394993907,"s":[498.5,772.5,0]}],"ix":2},"a":{"a":0,"k":[55.5,55.5,0],"ix":1},"s":{"a":1,"k":[{"i":{"x":[0.833,0.833,0.833],"y":[1,1,1]},"o":{"x":[0.333,0.333,0.333],"y":[0,0,0]},"t":8,"s":[90,90,100]},{"t":46.0008263329272,"s":[0,0,100]}],"ix":6}},"ao":0,"ip":8.00014371007429,"op":65.0011676443536,"st":8.00014371007429,"bm":0},{"ddd":0,"ind":39,"ty":2,"nm":"气泡 8","refId":"image_5","sr":1,"ks":{"o":{"a":0,"k":40,"ix":11},"r":{"a":0,"k":0,"ix":10},"p":{"a":1,"k":[{"i":{"x":0.667,"y":1},"o":{"x":0.333,"y":0},"t":0,"s":[1144.5,1009.5,0],"to":[0,-2.5,0],"ti":[107.667,12.833,0]},{"i":{"x":0.667,"y":1},"o":{"x":0.333,"y":0},"t":6,"s":[1144.5,994.5,0],"to":[-107.667,-12.833,0],"ti":[107.667,37,0]},{"i":{"x":0.667,"y":1},"o":{"x":0.167,"y":0},"t":32.001,"s":[498.5,932.5,0],"to":[-107.667,-37,0],"ti":[0,26.667,0]},{"t":69.0012394993907,"s":[498.5,772.5,0]}],"ix":2},"a":{"a":0,"k":[55.5,55.5,0],"ix":1},"s":{"a":1,"k":[{"i":{"x":[0.833,0.833,0.833],"y":[1,1,1]},"o":{"x":[0.333,0.333,0.333],"y":[0,0,0]},"t":6,"s":[90,90,100]},{"t":32.0005748402972,"s":[0,0,100]}],"ix":6}},"ao":0,"ip":6.00010778255572,"op":65.0011676443536,"st":6.00010778255572,"bm":0},{"ddd":0,"ind":40,"ty":2,"nm":"气泡 7","refId":"image_5","sr":1,"ks":{"o":{"a":0,"k":40,"ix":11},"r":{"a":0,"k":0,"ix":10},"p":{"a":1,"k":[{"i":{"x":0.667,"y":1},"o":{"x":0.333,"y":0},"t":0,"s":[764.5,1621.5,0],"to":[0,-2.5,0],"ti":[44.333,114.833,0]},{"i":{"x":0.667,"y":1},"o":{"x":0.333,"y":0},"t":8,"s":[764.5,1606.5,0],"to":[-44.333,-114.833,0],"ti":[44.333,139,0]},{"i":{"x":0.667,"y":1},"o":{"x":0.167,"y":0},"t":27,"s":[498.5,932.5,0],"to":[-44.333,-139,0],"ti":[0,26.667,0]},{"t":69.0012394993907,"s":[498.5,772.5,0]}],"ix":2},"a":{"a":0,"k":[55.5,55.5,0],"ix":1},"s":{"a":1,"k":[{"i":{"x":[0.833,0.833,0.833],"y":[1,1,1]},"o":{"x":[0.333,0.333,0.333],"y":[0,0,0]},"t":8,"s":[90,90,100]},{"t":27.0004850215007,"s":[0,0,100]}],"ix":6}},"ao":0,"ip":8.00014371007429,"op":65.0011676443536,"st":8.00014371007429,"bm":0},{"ddd":0,"ind":41,"ty":2,"nm":"气泡 6","refId":"image_5","sr":1,"ks":{"o":{"a":0,"k":40,"ix":11},"r":{"a":0,"k":0,"ix":10},"p":{"a":1,"k":[{"i":{"x":0.667,"y":1},"o":{"x":0.333,"y":0},"t":0,"s":[120.5,1617.5,0],"to":[0,-2.5,0],"ti":[-63,114.167,0]},{"i":{"x":0.667,"y":1},"o":{"x":0.333,"y":0},"t":6,"s":[120.5,1602.5,0],"to":[63,-114.167,0],"ti":[-63,138.333,0]},{"i":{"x":0.667,"y":1},"o":{"x":0.167,"y":0},"t":24,"s":[498.5,932.5,0],"to":[63,-138.333,0],"ti":[0,26.667,0]},{"t":69.0012394993907,"s":[498.5,772.5,0]}],"ix":2},"a":{"a":0,"k":[55.5,55.5,0],"ix":1},"s":{"a":1,"k":[{"i":{"x":[0.833,0.833,0.833],"y":[1,1,1]},"o":{"x":[0.333,0.333,0.333],"y":[0,0,0]},"t":6,"s":[90,90,100]},{"t":24.0004311302229,"s":[0,0,100]}],"ix":6}},"ao":0,"ip":6.00010778255572,"op":65.0011676443536,"st":6.00010778255572,"bm":0},{"ddd":0,"ind":42,"ty":2,"nm":"气泡 5","refId":"image_5","sr":1,"ks":{"o":{"a":0,"k":40,"ix":11},"r":{"a":0,"k":0,"ix":10},"p":{"a":1,"k":[{"i":{"x":0.667,"y":1},"o":{"x":0.333,"y":0},"t":0,"s":[-83.5,1461.5,0],"to":[0,-2.5,0],"ti":[-97,88.167,0]},{"i":{"x":0.667,"y":1},"o":{"x":0.333,"y":0},"t":3,"s":[-83.5,1446.5,0],"to":[97,-88.167,0],"ti":[-97,112.333,0]},{"i":{"x":0.667,"y":1},"o":{"x":0.167,"y":0},"t":25,"s":[498.5,932.5,0],"to":[97,-112.333,0],"ti":[0,26.667,0]},{"t":69.0012394993907,"s":[498.5,772.5,0]}],"ix":2},"a":{"a":0,"k":[55.5,55.5,0],"ix":1},"s":{"a":1,"k":[{"i":{"x":[0.833,0.833,0.833],"y":[1,1,1]},"o":{"x":[0.333,0.333,0.333],"y":[0,0,0]},"t":3,"s":[90,90,100]},{"t":25.0004490939821,"s":[0,0,100]}],"ix":6}},"ao":0,"ip":3.00005389127786,"op":65.0011676443536,"st":3.00005389127786,"bm":0},{"ddd":0,"ind":43,"ty":2,"nm":"气泡 4","refId":"image_5","sr":1,"ks":{"o":{"a":0,"k":40,"ix":11},"r":{"a":0,"k":0,"ix":10},"p":{"a":1,"k":[{"i":{"x":0.667,"y":1},"o":{"x":0.333,"y":0},"t":0,"s":[1156.5,1653.5,0],"to":[0,-2.5,0],"ti":[109.667,120.167,0]},{"i":{"x":0.667,"y":1},"o":{"x":0.333,"y":0},"t":4,"s":[1156.5,1638.5,0],"to":[-109.667,-120.167,0],"ti":[109.667,144.333,0]},{"i":{"x":0.667,"y":1},"o":{"x":0.167,"y":0},"t":18,"s":[498.5,932.5,0],"to":[-109.667,-144.333,0],"ti":[0,26.667,0]},{"t":69.0012394993907,"s":[498.5,772.5,0]}],"ix":2},"a":{"a":0,"k":[55.5,55.5,0],"ix":1},"s":{"a":1,"k":[{"i":{"x":[0.833,0.833,0.833],"y":[1,1,1]},"o":{"x":[0.333,0.333,0.333],"y":[0,0,0]},"t":4,"s":[90,90,100]},{"t":18.0003233476671,"s":[0,0,100]}],"ix":6}},"ao":0,"ip":4.00007185503714,"op":65.0011676443536,"st":4.00007185503714,"bm":0},{"ddd":0,"ind":44,"ty":2,"nm":"气泡 3","refId":"image_5","sr":1,"ks":{"o":{"a":0,"k":40,"ix":11},"r":{"a":0,"k":0,"ix":10},"p":{"a":1,"k":[{"i":{"x":0.667,"y":1},"o":{"x":0.333,"y":0},"t":0,"s":[1256.5,537.5,0],"to":[-126.333,65.833,0],"ti":[126.333,-39.167,0]},{"i":{"x":0.667,"y":1},"o":{"x":0.167,"y":0},"t":14,"s":[498.5,932.5,0],"to":[-126.333,39.167,0],"ti":[0,26.667,0]},{"t":69.0012394993907,"s":[498.5,772.5,0]}],"ix":2},"a":{"a":0,"k":[55.5,55.5,0],"ix":1},"s":{"a":1,"k":[{"i":{"x":[0.833,0.833,0.833],"y":[1,1,1]},"o":{"x":[0.333,0.333,0.333],"y":[0,0,0]},"t":0,"s":[90,90,100]},{"t":14.00025149263,"s":[0,0,100]}],"ix":6}},"ao":0,"ip":0,"op":65.0011676443536,"st":0,"bm":0},{"ddd":0,"ind":45,"ty":2,"nm":"气泡 2","refId":"image_5","sr":1,"ks":{"o":{"a":0,"k":40,"ix":11},"r":{"a":0,"k":0,"ix":10},"p":{"a":1,"k":[{"i":{"x":0.667,"y":1},"o":{"x":0.333,"y":0},"t":0,"s":[320.5,329.5,0],"to":[0,-2.5,0],"ti":[-29.667,-100.5,0]},{"i":{"x":0.667,"y":1},"o":{"x":0.333,"y":0},"t":2,"s":[320.5,314.5,0],"to":[29.667,100.5,0],"ti":[-29.667,-76.333,0]},{"i":{"x":0.667,"y":1},"o":{"x":0.167,"y":0},"t":20,"s":[498.5,932.5,0],"to":[29.667,76.333,0],"ti":[0,26.667,0]},{"t":69.0012394993907,"s":[498.5,772.5,0]}],"ix":2},"a":{"a":0,"k":[55.5,55.5,0],"ix":1},"s":{"a":1,"k":[{"i":{"x":[0.833,0.833,0.833],"y":[1,1,1]},"o":{"x":[0.333,0.333,0.333],"y":[0,0,0]},"t":2,"s":[79,79,100]},{"t":20.0003592751857,"s":[0,0,100]}],"ix":6}},"ao":0,"ip":2.00003592751857,"op":65.0011676443536,"st":2.00003592751857,"bm":0},{"ddd":0,"ind":46,"ty":2,"nm":"气泡 ","refId":"image_5","sr":1,"ks":{"o":{"a":0,"k":40,"ix":11},"r":{"a":0,"k":0,"ix":10},"p":{"a":1,"k":[{"i":{"x":0.667,"y":1},"o":{"x":0.333,"y":0},"t":0,"s":[-79.5,637.5,0],"to":[96.333,49.167,0],"ti":[-96.333,-22.5,0]},{"i":{"x":0.667,"y":1},"o":{"x":0.167,"y":0},"t":16,"s":[498.5,932.5,0],"to":[96.333,22.5,0],"ti":[0,26.667,0]},{"t":69.0012394993907,"s":[498.5,772.5,0]}],"ix":2},"a":{"a":0,"k":[55.5,55.5,0],"ix":1},"s":{"a":1,"k":[{"i":{"x":[0.833,0.833,0.833],"y":[1,1,1]},"o":{"x":[0.333,0.333,0.333],"y":[0,0,0]},"t":0,"s":[100,100,100]},{"t":16.0002874201486,"s":[0,0,100]}],"ix":6}},"ao":0,"ip":0,"op":65.0011676443536,"st":0,"bm":0},{"ddd":0,"ind":47,"ty":2,"nm":"扫描顶圆","refId":"image_6","sr":1,"ks":{"o":{"a":0,"k":100,"ix":11},"r":{"a":0,"k":0,"ix":10},"p":{"a":0,"k":[540.5,796.5,0],"ix":2},"a":{"a":0,"k":[299.5,299.5,0],"ix":1},"s":{"a":1,"k":[{"i":{"x":[0.833,0.833,0.833],"y":[1,1,1]},"o":{"x":[0.167,0.167,0.167],"y":[0,0,0]},"t":0,"s":[100,100,100]},{"t":10.0001796375929,"s":[100,100,100]}],"ix":6}},"ao":0,"ip":0,"op":65.0011676443536,"st":0,"bm":0},{"ddd":0,"ind":48,"ty":2,"nm":"扫描圆点","refId":"image_7","sr":1,"ks":{"o":{"a":0,"k":100,"ix":11},"r":{"a":1,"k":[{"i":{"x":[0.833],"y":[1]},"o":{"x":[0.333],"y":[0]},"t":0,"s":[0]},{"i":{"x":[0.667],"y":[1]},"o":{"x":[0.167],"y":[0]},"t":49.001,"s":[180]},{"t":64.0011496805943,"s":[0]}],"ix":10},"p":{"a":0,"k":[537,808.5,0],"ix":2},"a":{"a":0,"k":[389,361.5,0],"ix":1},"s":{"a":0,"k":[100,100,100],"ix":6}},"ao":0,"ip":0,"op":65.0011676443536,"st":0,"bm":0},{"ddd":0,"ind":49,"ty":2,"nm":"扫描椭圆","refId":"image_8","sr":1,"ks":{"o":{"a":0,"k":100,"ix":11},"r":{"a":1,"k":[{"i":{"x":[0.833],"y":[1]},"o":{"x":[0.167],"y":[0]},"t":9,"s":[0]},{"t":64.0011496805943,"s":[160]}],"ix":10},"p":{"a":0,"k":[534,778,0],"ix":2},"a":{"a":0,"k":[326,303,0],"ix":1},"s":{"a":1,"k":[{"i":{"x":[0.833,0.833,0.833],"y":[1,1,1]},"o":{"x":[0.167,0.167,0.167],"y":[0,0,0]},"t":9,"s":[100,100,100]},{"i":{"x":[0.833,0.833,0.833],"y":[1,1,1]},"o":{"x":[0.167,0.167,0.167],"y":[0,0,0]},"t":35.001,"s":[90,90,100]},{"t":64.0011496805943,"s":[100,100,100]}],"ix":6}},"ao":0,"ip":0,"op":65.0011676443536,"st":0,"bm":0},{"ddd":0,"ind":50,"ty":4,"nm":"大圆 2","sr":1,"ks":{"o":{"a":1,"k":[{"i":{"x":[0.833],"y":[1]},"o":{"x":[0.333],"y":[0]},"t":61.001,"s":[20]},{"t":62.0011137530757,"s":[0]}],"ix":11},"r":{"a":0,"k":0,"ix":10},"p":{"a":0,"k":[527.875,809.125,0],"ix":2},"a":{"a":0,"k":[0,0,0],"ix":1},"s":{"a":1,"k":[{"i":{"x":[0.833,0.833,0.833],"y":[1,1,1]},"o":{"x":[0.167,0.167,0.167],"y":[0,0,0]},"t":61.001,"s":[100,100,100]},{"t":62.0011137530757,"s":[79,79,100]}],"ix":6}},"ao":0,"shapes":[{"ty":"gr","it":[{"d":1,"ty":"el","s":{"a":0,"k":[764,764],"ix":2},"p":{"a":0,"k":[0,0],"ix":3},"nm":"椭圆路径 1","mn":"ADBE Vector Shape - Ellipse","hd":false},{"ty":"fl","c":{"a":0,"k":[1,1,1,1],"ix":4},"o":{"a":0,"k":100,"ix":5},"r":1,"bm":0,"nm":"填充 1","mn":"ADBE Vector Graphic - Fill","hd":false},{"ty":"tr","p":{"a":0,"k":[12,-13],"ix":2},"a":{"a":0,"k":[0,0],"ix":1},"s":{"a":0,"k":[100,100],"ix":3},"r":{"a":0,"k":0,"ix":6},"o":{"a":0,"k":100,"ix":7},"sk":{"a":0,"k":0,"ix":4},"sa":{"a":0,"k":0,"ix":5},"nm":"变换"}],"nm":"椭圆 1","np":3,"cix":2,"bm":0,"ix":1,"mn":"ADBE Vector Group","hd":false}],"ip":0,"op":65.0011676443536,"st":0,"bm":0},{"ddd":0,"ind":51,"ty":4,"nm":"大圆 5","sr":1,"ks":{"o":{"a":1,"k":[{"i":{"x":[0.833],"y":[1]},"o":{"x":[0.333],"y":[0]},"t":62.001,"s":[20]},{"t":90.0016167383357,"s":[0]}],"ix":11},"r":{"a":0,"k":0,"ix":10},"p":{"a":0,"k":[527.875,809.125,0],"ix":2},"a":{"a":0,"k":[0,0,0],"ix":1},"s":{"a":1,"k":[{"i":{"x":[0.833,0.833,0.833],"y":[1,1,1]},"o":{"x":[0.333,0.333,0.333],"y":[0,0,0]},"t":62.001,"s":[86,86,100]},{"t":90.0016167383357,"s":[220,220,100]}],"ix":6}},"ao":0,"shapes":[{"ty":"gr","it":[{"d":1,"ty":"el","s":{"a":0,"k":[764,764],"ix":2},"p":{"a":0,"k":[0,0],"ix":3},"nm":"椭圆路径 1","mn":"ADBE Vector Shape - Ellipse","hd":false},{"ty":"fl","c":{"a":0,"k":[1,1,1,1],"ix":4},"o":{"a":0,"k":100,"ix":5},"r":1,"bm":0,"nm":"填充 1","mn":"ADBE Vector Graphic - Fill","hd":false},{"ty":"tr","p":{"a":0,"k":[12,-13],"ix":2},"a":{"a":0,"k":[0,0],"ix":1},"s":{"a":0,"k":[100,100],"ix":3},"r":{"a":0,"k":0,"ix":6},"o":{"a":0,"k":100,"ix":7},"sk":{"a":0,"k":0,"ix":4},"sa":{"a":0,"k":0,"ix":5},"nm":"变换"}],"nm":"椭圆 1","np":3,"cix":2,"bm":0,"ix":1,"mn":"ADBE Vector Group","hd":false}],"ip":61.0010957893165,"op":92.0016526658543,"st":66.0011856081129,"bm":0},{"ddd":0,"ind":52,"ty":4,"nm":"大圆 4","sr":1,"ks":{"o":{"a":1,"k":[{"i":{"x":[0.833],"y":[1]},"o":{"x":[0.333],"y":[0]},"t":39.001,"s":[20]},{"t":63.001131716835,"s":[0]}],"ix":11},"r":{"a":0,"k":0,"ix":10},"p":{"a":0,"k":[527.875,809.125,0],"ix":2},"a":{"a":0,"k":[0,0,0],"ix":1},"s":{"a":1,"k":[{"i":{"x":[0.833,0.833,0.833],"y":[1,1,1]},"o":{"x":[0.333,0.333,0.333],"y":[0,0,0]},"t":39.001,"s":[100,100,100]},{"t":63.001131716835,"s":[220,220,100]}],"ix":6}},"ao":0,"shapes":[{"ty":"gr","it":[{"d":1,"ty":"el","s":{"a":0,"k":[764,764],"ix":2},"p":{"a":0,"k":[0,0],"ix":3},"nm":"椭圆路径 1","mn":"ADBE Vector Shape - Ellipse","hd":false},{"ty":"fl","c":{"a":0,"k":[1,1,1,1],"ix":4},"o":{"a":0,"k":100,"ix":5},"r":1,"bm":0,"nm":"填充 1","mn":"ADBE Vector Graphic - Fill","hd":false},{"ty":"tr","p":{"a":0,"k":[12,-13],"ix":2},"a":{"a":0,"k":[0,0],"ix":1},"s":{"a":0,"k":[100,100],"ix":3},"r":{"a":0,"k":0,"ix":6},"o":{"a":0,"k":100,"ix":7},"sk":{"a":0,"k":0,"ix":4},"sa":{"a":0,"k":0,"ix":5},"nm":"变换"}],"nm":"椭圆 1","np":3,"cix":2,"bm":0,"ix":1,"mn":"ADBE Vector Group","hd":false}],"ip":39.0007005866122,"op":65.0011676443536,"st":39.0007005866122,"bm":0},{"ddd":0,"ind":53,"ty":4,"nm":"大圆 3","sr":1,"ks":{"o":{"a":1,"k":[{"i":{"x":[0.833],"y":[1]},"o":{"x":[0.333],"y":[0]},"t":20,"s":[20]},{"t":44.0007904054086,"s":[0]}],"ix":11},"r":{"a":0,"k":0,"ix":10},"p":{"a":0,"k":[527.875,809.125,0],"ix":2},"a":{"a":0,"k":[0,0,0],"ix":1},"s":{"a":1,"k":[{"i":{"x":[0.833,0.833,0.833],"y":[1,1,1]},"o":{"x":[0.333,0.333,0.333],"y":[0,0,0]},"t":20,"s":[100,100,100]},{"t":44.0007904054086,"s":[220,220,100]}],"ix":6}},"ao":0,"shapes":[{"ty":"gr","it":[{"d":1,"ty":"el","s":{"a":0,"k":[764,764],"ix":2},"p":{"a":0,"k":[0,0],"ix":3},"nm":"椭圆路径 1","mn":"ADBE Vector Shape - Ellipse","hd":false},{"ty":"fl","c":{"a":0,"k":[1,1,1,1],"ix":4},"o":{"a":0,"k":100,"ix":5},"r":1,"bm":0,"nm":"填充 1","mn":"ADBE Vector Graphic - Fill","hd":false},{"ty":"tr","p":{"a":0,"k":[12,-13],"ix":2},"a":{"a":0,"k":[0,0],"ix":1},"s":{"a":0,"k":[100,100],"ix":3},"r":{"a":0,"k":0,"ix":6},"o":{"a":0,"k":100,"ix":7},"sk":{"a":0,"k":0,"ix":4},"sa":{"a":0,"k":0,"ix":5},"nm":"变换"}],"nm":"椭圆 1","np":3,"cix":2,"bm":0,"ix":1,"mn":"ADBE Vector Group","hd":false}],"ip":20.0003592751857,"op":46.0008263329272,"st":20.0003592751857,"bm":0},{"ddd":0,"ind":54,"ty":4,"nm":"大圆","sr":1,"ks":{"o":{"a":1,"k":[{"i":{"x":[0.833],"y":[1]},"o":{"x":[0.333],"y":[0]},"t":0,"s":[20]},{"t":24.0004311302229,"s":[0]}],"ix":11},"r":{"a":0,"k":0,"ix":10},"p":{"a":0,"k":[527.875,809.125,0],"ix":2},"a":{"a":0,"k":[0,0,0],"ix":1},"s":{"a":1,"k":[{"i":{"x":[0.833,0.833,0.833],"y":[1,1,1]},"o":{"x":[0.333,0.333,0.333],"y":[0,0,0]},"t":0,"s":[100,100,100]},{"t":24.0004311302229,"s":[220,220,100]}],"ix":6}},"ao":0,"shapes":[{"ty":"gr","it":[{"d":1,"ty":"el","s":{"a":0,"k":[764,764],"ix":2},"p":{"a":0,"k":[0,0],"ix":3},"nm":"椭圆路径 1","mn":"ADBE Vector Shape - Ellipse","hd":false},{"ty":"fl","c":{"a":0,"k":[1,1,1,1],"ix":4},"o":{"a":0,"k":100,"ix":5},"r":1,"bm":0,"nm":"填充 1","mn":"ADBE Vector Graphic - Fill","hd":false},{"ty":"tr","p":{"a":0,"k":[12,-13],"ix":2},"a":{"a":0,"k":[0,0],"ix":1},"s":{"a":0,"k":[100,100],"ix":3},"r":{"a":0,"k":0,"ix":6},"o":{"a":0,"k":100,"ix":7},"sk":{"a":0,"k":0,"ix":4},"sa":{"a":0,"k":0,"ix":5},"nm":"变换"}],"nm":"椭圆 1","np":3,"cix":2,"bm":0,"ix":1,"mn":"ADBE Vector Group","hd":false}],"ip":0,"op":26.0004670577414,"st":0,"bm":0}],"markers":[]}