{"v":"5.7.1","fr":22.7388000488281,"ip":0,"op":114.998988768866,"w":1080,"h":1120,"nm":"热点动效","ddd":0,"assets":[{"id":"image_0","w":1080,"h":1170,"u":"images/","p":"img_0.jpg","e":0},{"id":"image_1","w":1080,"h":1170,"u":"images/","p":"img_1.jpg","e":0},{"id":"image_2","w":1080,"h":1170,"u":"images/","p":"img_2.jpg","e":0},{"id":"image_3","w":216,"h":154,"u":"images/","p":"img_3.png","e":0},{"id":"image_4","w":537,"h":537,"u":"images/","p":"img_4.png","e":0},{"id":"image_5","w":537,"h":537,"u":"images/","p":"img_5.png","e":0},{"id":"image_6","w":1080,"h":929,"u":"images/","p":"img_6.png","e":0},{"id":"comp_0","layers":[{"ddd":0,"ind":1,"ty":4,"nm":"“z1”轮廓 5","sr":1,"ks":{"o":{"a":0,"k":100,"ix":11},"r":{"a":0,"k":0,"ix":10},"p":{"a":0,"k":[383.572,493.16,0],"ix":2},"a":{"a":0,"k":[81.854,249.538,0],"ix":1},"s":{"a":0,"k":[51.6,51.6,100],"ix":6}},"ao":0,"shapes":[{"ty":"gr","it":[{"ind":0,"ty":"sh","ix":1,"ks":{"a":0,"k":{"i":[[0,0],[7.528,-0.823],[4.732,-5.911],[-111.719,-139.245],[-11.146,9.084],[7.64,12.183],[-95.043,118.42],[0.823,7.527],[5.912,4.734]],"o":[[-5.898,-4.749],[-7.528,0.822],[-111.719,139.246],[10.392,9.941],[11.147,-9.087],[-95.043,-118.421],[4.749,-5.898],[-0.822,-7.528],[0,0]],"v":[[70.238,-242.333],[49.266,-248.465],[30.115,-237.948],[30.115,238.705],[67.822,240.204],[73.964,202.968],[73.964,-202.429],[80.096,-223.4],[69.578,-242.552]],"c":true},"ix":2},"nm":"路径 1","mn":"ADBE Vector Shape - Group","hd":false},{"ty":"fl","c":{"a":0,"k":[1,1,1,1],"ix":4},"o":{"a":0,"k":100,"ix":5},"r":1,"bm":0,"nm":"填充 1","mn":"ADBE Vector Graphic - Fill","hd":false},{"ty":"tr","p":{"a":0,"k":[81.854,249.538],"ix":2},"a":{"a":0,"k":[0,0],"ix":1},"s":{"a":0,"k":[100,100],"ix":3},"r":{"a":0,"k":0,"ix":6},"o":{"a":0,"k":100,"ix":7},"sk":{"a":0,"k":0,"ix":4},"sa":{"a":0,"k":0,"ix":5},"nm":"变换"}],"nm":"组 1","np":2,"cix":2,"bm":0,"ix":1,"mn":"ADBE Vector Group","hd":false}],"ip":59.9994724011473,"op":64.9994284345762,"st":59.9994724011473,"bm":0},{"ddd":0,"ind":2,"ty":4,"nm":"“y1”轮廓 5","sr":1,"ks":{"o":{"a":0,"k":100,"ix":11},"r":{"a":0,"k":0,"ix":10},"p":{"a":0,"k":[696.405,493.659,0],"ix":2},"a":{"a":0,"k":[81.855,249.538,0],"ix":1},"s":{"a":0,"k":[51.6,51.6,100],"ix":6}},"ao":0,"shapes":[{"ty":"gr","it":[{"ind":0,"ty":"sh","ix":1,"ks":{"a":0,"k":{"i":[[0,0],[0.823,-7.527],[-4.75,-5.898],[95.043,-118.42],[-11.147,-9.087],[-10.393,9.941],[111.719,139.247],[7.528,0.822],[5.897,-4.749]],"o":[[-5.911,4.734],[-0.822,7.528],[95.043,118.42],[-7.64,12.184],[11.146,9.084],[111.719,-139.245],[-4.733,-5.911],[-7.528,-0.823],[0,0]],"v":[[-69.579,-242.552],[-80.097,-223.4],[-73.964,-202.429],[-73.964,202.968],[-67.823,240.204],[-30.115,238.705],[-30.115,-237.948],[-49.268,-248.465],[-70.237,-242.333]],"c":true},"ix":2},"nm":"路径 1","mn":"ADBE Vector Shape - Group","hd":false},{"ty":"fl","c":{"a":0,"k":[1,1,1,1],"ix":4},"o":{"a":0,"k":100,"ix":5},"r":1,"bm":0,"nm":"填充 1","mn":"ADBE Vector Graphic - Fill","hd":false},{"ty":"tr","p":{"a":0,"k":[81.854,249.538],"ix":2},"a":{"a":0,"k":[0,0],"ix":1},"s":{"a":0,"k":[100,100],"ix":3},"r":{"a":0,"k":0,"ix":6},"o":{"a":0,"k":100,"ix":7},"sk":{"a":0,"k":0,"ix":4},"sa":{"a":0,"k":0,"ix":5},"nm":"变换"}],"nm":"组 1","np":2,"cix":2,"bm":0,"ix":1,"mn":"ADBE Vector Group","hd":false}],"ip":59.9994724011473,"op":64.9994284345762,"st":59.9994724011473,"bm":0},{"ddd":0,"ind":3,"ty":4,"nm":"“z2”轮廓 5","sr":1,"ks":{"o":{"a":0,"k":100,"ix":11},"r":{"a":0,"k":0,"ix":10},"p":{"a":0,"k":[436.602,492.284,0],"ix":2},"a":{"a":0,"k":[67.519,183.042,0],"ix":1},"s":{"a":0,"k":[51.6,51.6,100],"ix":6}},"ao":0,"shapes":[{"ty":"gr","it":[{"ind":0,"ty":"sh","ix":1,"ks":{"a":0,"k":{"i":[[7.275,12.174],[-63.187,78.789],[3.491,10.461],[10.95,1.309],[5.858,-9.345],[-79.861,-99.616],[-11.019,8.926]],"o":[[-63.187,-78.79],[7.97,-7.624],[-3.491,-10.462],[-10.952,-1.309],[-79.861,99.615],[10.398,9.645],[11.022,-8.928]],"v":[[56.442,137.094],[56.442,-132.585],[63.778,-162.205],[40.124,-181.483],[12.592,-168.322],[12.592,172.613],[49.916,173.866]],"c":true},"ix":2},"nm":"路径 1","mn":"ADBE Vector Shape - Group","hd":false},{"ty":"fl","c":{"a":0,"k":[1,1,1,1],"ix":4},"o":{"a":0,"k":100,"ix":5},"r":1,"bm":0,"nm":"填充 1","mn":"ADBE Vector Graphic - Fill","hd":false},{"ty":"tr","p":{"a":0,"k":[67.519,183.043],"ix":2},"a":{"a":0,"k":[0,0],"ix":1},"s":{"a":0,"k":[100,100],"ix":3},"r":{"a":0,"k":0,"ix":6},"o":{"a":0,"k":100,"ix":7},"sk":{"a":0,"k":0,"ix":4},"sa":{"a":0,"k":0,"ix":5},"nm":"变换"}],"nm":"组 1","np":2,"cix":2,"bm":0,"ix":1,"mn":"ADBE Vector Group","hd":false}],"ip":55.9995075744041,"op":64.9994284345762,"st":55.9995075744041,"bm":0},{"ddd":0,"ind":4,"ty":4,"nm":"“y2”轮廓 5","sr":1,"ks":{"o":{"a":0,"k":100,"ix":11},"r":{"a":0,"k":0,"ix":10},"p":{"a":0,"k":[643.374,492.284,0],"ix":2},"a":{"a":0,"k":[67.519,183.042,0],"ix":1},"s":{"a":0,"k":[51.6,51.6,100],"ix":6}},"ao":0,"shapes":[{"ty":"gr","it":[{"ind":0,"ty":"sh","ix":1,"ks":{"a":0,"k":{"i":[[63.188,-78.79],[-11.02,-8.928],[-10.398,9.645],[79.862,99.615],[10.952,-1.309],[3.492,-10.462],[-7.97,-7.624]],"o":[[-7.275,12.174],[11.021,8.926],[79.862,-99.616],[-5.858,-9.345],[-10.951,1.309],[-3.49,10.461],[63.188,78.789]],"v":[[-56.442,137.094],[-49.918,173.866],[-12.592,172.613],[-12.592,-168.322],[-40.124,-181.483],[-63.78,-162.205],[-56.442,-132.585]],"c":true},"ix":2},"nm":"路径 1","mn":"ADBE Vector Shape - Group","hd":false},{"ty":"fl","c":{"a":0,"k":[1,1,1,1],"ix":4},"o":{"a":0,"k":100,"ix":5},"r":1,"bm":0,"nm":"填充 1","mn":"ADBE Vector Graphic - Fill","hd":false},{"ty":"tr","p":{"a":0,"k":[67.519,183.043],"ix":2},"a":{"a":0,"k":[0,0],"ix":1},"s":{"a":0,"k":[100,100],"ix":3},"r":{"a":0,"k":0,"ix":6},"o":{"a":0,"k":100,"ix":7},"sk":{"a":0,"k":0,"ix":4},"sa":{"a":0,"k":0,"ix":5},"nm":"变换"}],"nm":"组 1","np":2,"cix":2,"bm":0,"ix":1,"mn":"ADBE Vector Group","hd":false}],"ip":55.9995075744041,"op":64.9994284345762,"st":55.9995075744041,"bm":0},{"ddd":0,"ind":5,"ty":4,"nm":"“z3”轮廓 5","sr":1,"ks":{"o":{"a":0,"k":100,"ix":11},"r":{"a":0,"k":0,"ix":10},"p":{"a":0,"k":[487.243,493.488,0],"ix":2},"a":{"a":0,"k":[50.322,113.492,0],"ix":1},"s":{"a":0,"k":[51.6,51.6,100],"ix":6}},"ao":0,"shapes":[{"ty":"gr","it":[{"ind":0,"ty":"sh","ix":1,"ks":{"a":0,"k":{"i":[[0,0],[7.528,-0.823],[4.734,-5.909],[-48.654,-59.508],[-11.148,9.084],[7.638,12.184],[-31.394,38.89],[0.823,7.527],[5.91,4.734]],"o":[[-5.898,-4.748],[-7.528,0.824],[-48.654,59.51],[10.392,9.942],[11.147,-9.085],[-31.394,-38.89],[4.747,-5.901],[-0.822,-7.528],[0,0]],"v":[[38.705,-106.287],[17.734,-112.419],[-1.418,-101.902],[-1.418,102.66],[36.291,104.158],[42.434,66.922],[42.434,-66.381],[48.566,-87.354],[38.048,-106.506]],"c":true},"ix":2},"nm":"路径 1","mn":"ADBE Vector Shape - Group","hd":false},{"ty":"fl","c":{"a":0,"k":[1,1,1,1],"ix":4},"o":{"a":0,"k":100,"ix":5},"r":1,"bm":0,"nm":"填充 1","mn":"ADBE Vector Graphic - Fill","hd":false},{"ty":"tr","p":{"a":0,"k":[50.322,113.492],"ix":2},"a":{"a":0,"k":[0,0],"ix":1},"s":{"a":0,"k":[100,100],"ix":3},"r":{"a":0,"k":0,"ix":6},"o":{"a":0,"k":100,"ix":7},"sk":{"a":0,"k":0,"ix":4},"sa":{"a":0,"k":0,"ix":5},"nm":"变换"}],"nm":"组 1","np":2,"cix":2,"bm":0,"ix":1,"mn":"ADBE Vector Group","hd":false}],"ip":51.999542747661,"op":64.9994284345762,"st":51.999542747661,"bm":0},{"ddd":0,"ind":6,"ty":4,"nm":"“y3”轮廓 5","sr":1,"ks":{"o":{"a":0,"k":100,"ix":11},"r":{"a":0,"k":0,"ix":10},"p":{"a":0,"k":[592.733,493.488,0],"ix":2},"a":{"a":0,"k":[50.321,113.492,0],"ix":1},"s":{"a":0,"k":[51.6,51.6,100],"ix":6}},"ao":0,"shapes":[{"ty":"gr","it":[{"ind":0,"ty":"sh","ix":1,"ks":{"a":0,"k":{"i":[[0,0],[0.823,-7.527],[-4.748,-5.9],[31.393,-38.89],[-11.148,-9.085],[-10.393,9.941],[48.653,59.51],[7.528,0.824],[5.897,-4.747]],"o":[[-5.91,4.734],[-0.822,7.528],[31.393,38.89],[-7.638,12.183],[11.148,9.084],[48.653,-59.508],[-4.736,-5.909],[-7.528,-0.822],[0,0]],"v":[[-38.048,-106.507],[-48.566,-87.355],[-42.434,-66.382],[-42.434,66.922],[-36.292,104.158],[1.418,102.66],[1.418,-101.903],[-17.734,-112.42],[-38.704,-106.288]],"c":true},"ix":2},"nm":"路径 1","mn":"ADBE Vector Shape - Group","hd":false},{"ty":"fl","c":{"a":0,"k":[1,1,1,1],"ix":4},"o":{"a":0,"k":100,"ix":5},"r":1,"bm":0,"nm":"填充 1","mn":"ADBE Vector Graphic - Fill","hd":false},{"ty":"tr","p":{"a":0,"k":[50.321,113.492],"ix":2},"a":{"a":0,"k":[0,0],"ix":1},"s":{"a":0,"k":[100,100],"ix":3},"r":{"a":0,"k":0,"ix":6},"o":{"a":0,"k":100,"ix":7},"sk":{"a":0,"k":0,"ix":4},"sa":{"a":0,"k":0,"ix":5},"nm":"变换"}],"nm":"组 1","np":2,"cix":2,"bm":0,"ix":1,"mn":"ADBE Vector Group","hd":false}],"ip":51.999542747661,"op":64.9994284345762,"st":51.999542747661,"bm":0},{"ddd":0,"ind":7,"ty":4,"nm":"“z1”轮廓 4","sr":1,"ks":{"o":{"a":0,"k":100,"ix":11},"r":{"a":0,"k":0,"ix":10},"p":{"a":0,"k":[383.572,493.16,0],"ix":2},"a":{"a":0,"k":[81.854,249.538,0],"ix":1},"s":{"a":0,"k":[51.6,51.6,100],"ix":6}},"ao":0,"shapes":[{"ty":"gr","it":[{"ind":0,"ty":"sh","ix":1,"ks":{"a":0,"k":{"i":[[0,0],[7.528,-0.823],[4.732,-5.911],[-111.719,-139.245],[-11.146,9.084],[7.64,12.183],[-95.043,118.42],[0.823,7.527],[5.912,4.734]],"o":[[-5.898,-4.749],[-7.528,0.822],[-111.719,139.246],[10.392,9.941],[11.147,-9.087],[-95.043,-118.421],[4.749,-5.898],[-0.822,-7.528],[0,0]],"v":[[70.238,-242.333],[49.266,-248.465],[30.115,-237.948],[30.115,238.705],[67.822,240.204],[73.964,202.968],[73.964,-202.429],[80.096,-223.4],[69.578,-242.552]],"c":true},"ix":2},"nm":"路径 1","mn":"ADBE Vector Shape - Group","hd":false},{"ty":"fl","c":{"a":0,"k":[1,1,1,1],"ix":4},"o":{"a":0,"k":100,"ix":5},"r":1,"bm":0,"nm":"填充 1","mn":"ADBE Vector Graphic - Fill","hd":false},{"ty":"tr","p":{"a":0,"k":[81.854,249.538],"ix":2},"a":{"a":0,"k":[0,0],"ix":1},"s":{"a":0,"k":[100,100],"ix":3},"r":{"a":0,"k":0,"ix":6},"o":{"a":0,"k":100,"ix":7},"sk":{"a":0,"k":0,"ix":4},"sa":{"a":0,"k":0,"ix":5},"nm":"变换"}],"nm":"组 1","np":2,"cix":2,"bm":0,"ix":1,"mn":"ADBE Vector Group","hd":false}],"ip":43.9996130941747,"op":48.9995691276036,"st":43.9996130941747,"bm":0},{"ddd":0,"ind":8,"ty":4,"nm":"“y1”轮廓 4","sr":1,"ks":{"o":{"a":0,"k":100,"ix":11},"r":{"a":0,"k":0,"ix":10},"p":{"a":0,"k":[696.405,493.659,0],"ix":2},"a":{"a":0,"k":[81.855,249.538,0],"ix":1},"s":{"a":0,"k":[51.6,51.6,100],"ix":6}},"ao":0,"shapes":[{"ty":"gr","it":[{"ind":0,"ty":"sh","ix":1,"ks":{"a":0,"k":{"i":[[0,0],[0.823,-7.527],[-4.75,-5.898],[95.043,-118.42],[-11.147,-9.087],[-10.393,9.941],[111.719,139.247],[7.528,0.822],[5.897,-4.749]],"o":[[-5.911,4.734],[-0.822,7.528],[95.043,118.42],[-7.64,12.184],[11.146,9.084],[111.719,-139.245],[-4.733,-5.911],[-7.528,-0.823],[0,0]],"v":[[-69.579,-242.552],[-80.097,-223.4],[-73.964,-202.429],[-73.964,202.968],[-67.823,240.204],[-30.115,238.705],[-30.115,-237.948],[-49.268,-248.465],[-70.237,-242.333]],"c":true},"ix":2},"nm":"路径 1","mn":"ADBE Vector Shape - Group","hd":false},{"ty":"fl","c":{"a":0,"k":[1,1,1,1],"ix":4},"o":{"a":0,"k":100,"ix":5},"r":1,"bm":0,"nm":"填充 1","mn":"ADBE Vector Graphic - Fill","hd":false},{"ty":"tr","p":{"a":0,"k":[81.854,249.538],"ix":2},"a":{"a":0,"k":[0,0],"ix":1},"s":{"a":0,"k":[100,100],"ix":3},"r":{"a":0,"k":0,"ix":6},"o":{"a":0,"k":100,"ix":7},"sk":{"a":0,"k":0,"ix":4},"sa":{"a":0,"k":0,"ix":5},"nm":"变换"}],"nm":"组 1","np":2,"cix":2,"bm":0,"ix":1,"mn":"ADBE Vector Group","hd":false}],"ip":43.9996130941747,"op":48.9995691276036,"st":43.9996130941747,"bm":0},{"ddd":0,"ind":9,"ty":4,"nm":"“z2”轮廓 4","sr":1,"ks":{"o":{"a":0,"k":100,"ix":11},"r":{"a":0,"k":0,"ix":10},"p":{"a":0,"k":[436.602,492.284,0],"ix":2},"a":{"a":0,"k":[67.519,183.042,0],"ix":1},"s":{"a":0,"k":[51.6,51.6,100],"ix":6}},"ao":0,"shapes":[{"ty":"gr","it":[{"ind":0,"ty":"sh","ix":1,"ks":{"a":0,"k":{"i":[[7.275,12.174],[-63.187,78.789],[3.491,10.461],[10.95,1.309],[5.858,-9.345],[-79.861,-99.616],[-11.019,8.926]],"o":[[-63.187,-78.79],[7.97,-7.624],[-3.491,-10.462],[-10.952,-1.309],[-79.861,99.615],[10.398,9.645],[11.022,-8.928]],"v":[[56.442,137.094],[56.442,-132.585],[63.778,-162.205],[40.124,-181.483],[12.592,-168.322],[12.592,172.613],[49.916,173.866]],"c":true},"ix":2},"nm":"路径 1","mn":"ADBE Vector Shape - Group","hd":false},{"ty":"fl","c":{"a":0,"k":[1,1,1,1],"ix":4},"o":{"a":0,"k":100,"ix":5},"r":1,"bm":0,"nm":"填充 1","mn":"ADBE Vector Graphic - Fill","hd":false},{"ty":"tr","p":{"a":0,"k":[67.519,183.043],"ix":2},"a":{"a":0,"k":[0,0],"ix":1},"s":{"a":0,"k":[100,100],"ix":3},"r":{"a":0,"k":0,"ix":6},"o":{"a":0,"k":100,"ix":7},"sk":{"a":0,"k":0,"ix":4},"sa":{"a":0,"k":0,"ix":5},"nm":"变换"}],"nm":"组 1","np":2,"cix":2,"bm":0,"ix":1,"mn":"ADBE Vector Group","hd":false}],"ip":39.9996482674315,"op":48.9995691276036,"st":39.9996482674315,"bm":0},{"ddd":0,"ind":10,"ty":4,"nm":"“y2”轮廓 4","sr":1,"ks":{"o":{"a":0,"k":100,"ix":11},"r":{"a":0,"k":0,"ix":10},"p":{"a":0,"k":[643.374,492.284,0],"ix":2},"a":{"a":0,"k":[67.519,183.042,0],"ix":1},"s":{"a":0,"k":[51.6,51.6,100],"ix":6}},"ao":0,"shapes":[{"ty":"gr","it":[{"ind":0,"ty":"sh","ix":1,"ks":{"a":0,"k":{"i":[[63.188,-78.79],[-11.02,-8.928],[-10.398,9.645],[79.862,99.615],[10.952,-1.309],[3.492,-10.462],[-7.97,-7.624]],"o":[[-7.275,12.174],[11.021,8.926],[79.862,-99.616],[-5.858,-9.345],[-10.951,1.309],[-3.49,10.461],[63.188,78.789]],"v":[[-56.442,137.094],[-49.918,173.866],[-12.592,172.613],[-12.592,-168.322],[-40.124,-181.483],[-63.78,-162.205],[-56.442,-132.585]],"c":true},"ix":2},"nm":"路径 1","mn":"ADBE Vector Shape - Group","hd":false},{"ty":"fl","c":{"a":0,"k":[1,1,1,1],"ix":4},"o":{"a":0,"k":100,"ix":5},"r":1,"bm":0,"nm":"填充 1","mn":"ADBE Vector Graphic - Fill","hd":false},{"ty":"tr","p":{"a":0,"k":[67.519,183.043],"ix":2},"a":{"a":0,"k":[0,0],"ix":1},"s":{"a":0,"k":[100,100],"ix":3},"r":{"a":0,"k":0,"ix":6},"o":{"a":0,"k":100,"ix":7},"sk":{"a":0,"k":0,"ix":4},"sa":{"a":0,"k":0,"ix":5},"nm":"变换"}],"nm":"组 1","np":2,"cix":2,"bm":0,"ix":1,"mn":"ADBE Vector Group","hd":false}],"ip":39.9996482674315,"op":48.9995691276036,"st":39.9996482674315,"bm":0},{"ddd":0,"ind":11,"ty":4,"nm":"“z3”轮廓 4","sr":1,"ks":{"o":{"a":0,"k":100,"ix":11},"r":{"a":0,"k":0,"ix":10},"p":{"a":0,"k":[487.243,493.488,0],"ix":2},"a":{"a":0,"k":[50.322,113.492,0],"ix":1},"s":{"a":0,"k":[51.6,51.6,100],"ix":6}},"ao":0,"shapes":[{"ty":"gr","it":[{"ind":0,"ty":"sh","ix":1,"ks":{"a":0,"k":{"i":[[0,0],[7.528,-0.823],[4.734,-5.909],[-48.654,-59.508],[-11.148,9.084],[7.638,12.184],[-31.394,38.89],[0.823,7.527],[5.91,4.734]],"o":[[-5.898,-4.748],[-7.528,0.824],[-48.654,59.51],[10.392,9.942],[11.147,-9.085],[-31.394,-38.89],[4.747,-5.901],[-0.822,-7.528],[0,0]],"v":[[38.705,-106.287],[17.734,-112.419],[-1.418,-101.902],[-1.418,102.66],[36.291,104.158],[42.434,66.922],[42.434,-66.381],[48.566,-87.354],[38.048,-106.506]],"c":true},"ix":2},"nm":"路径 1","mn":"ADBE Vector Shape - Group","hd":false},{"ty":"fl","c":{"a":0,"k":[1,1,1,1],"ix":4},"o":{"a":0,"k":100,"ix":5},"r":1,"bm":0,"nm":"填充 1","mn":"ADBE Vector Graphic - Fill","hd":false},{"ty":"tr","p":{"a":0,"k":[50.322,113.492],"ix":2},"a":{"a":0,"k":[0,0],"ix":1},"s":{"a":0,"k":[100,100],"ix":3},"r":{"a":0,"k":0,"ix":6},"o":{"a":0,"k":100,"ix":7},"sk":{"a":0,"k":0,"ix":4},"sa":{"a":0,"k":0,"ix":5},"nm":"变换"}],"nm":"组 1","np":2,"cix":2,"bm":0,"ix":1,"mn":"ADBE Vector Group","hd":false}],"ip":35.9996834406884,"op":48.9995691276036,"st":35.9996834406884,"bm":0},{"ddd":0,"ind":12,"ty":4,"nm":"“y3”轮廓 4","sr":1,"ks":{"o":{"a":0,"k":100,"ix":11},"r":{"a":0,"k":0,"ix":10},"p":{"a":0,"k":[592.733,493.488,0],"ix":2},"a":{"a":0,"k":[50.321,113.492,0],"ix":1},"s":{"a":0,"k":[51.6,51.6,100],"ix":6}},"ao":0,"shapes":[{"ty":"gr","it":[{"ind":0,"ty":"sh","ix":1,"ks":{"a":0,"k":{"i":[[0,0],[0.823,-7.527],[-4.748,-5.9],[31.393,-38.89],[-11.148,-9.085],[-10.393,9.941],[48.653,59.51],[7.528,0.824],[5.897,-4.747]],"o":[[-5.91,4.734],[-0.822,7.528],[31.393,38.89],[-7.638,12.183],[11.148,9.084],[48.653,-59.508],[-4.736,-5.909],[-7.528,-0.822],[0,0]],"v":[[-38.048,-106.507],[-48.566,-87.355],[-42.434,-66.382],[-42.434,66.922],[-36.292,104.158],[1.418,102.66],[1.418,-101.903],[-17.734,-112.42],[-38.704,-106.288]],"c":true},"ix":2},"nm":"路径 1","mn":"ADBE Vector Shape - Group","hd":false},{"ty":"fl","c":{"a":0,"k":[1,1,1,1],"ix":4},"o":{"a":0,"k":100,"ix":5},"r":1,"bm":0,"nm":"填充 1","mn":"ADBE Vector Graphic - Fill","hd":false},{"ty":"tr","p":{"a":0,"k":[50.321,113.492],"ix":2},"a":{"a":0,"k":[0,0],"ix":1},"s":{"a":0,"k":[100,100],"ix":3},"r":{"a":0,"k":0,"ix":6},"o":{"a":0,"k":100,"ix":7},"sk":{"a":0,"k":0,"ix":4},"sa":{"a":0,"k":0,"ix":5},"nm":"变换"}],"nm":"组 1","np":2,"cix":2,"bm":0,"ix":1,"mn":"ADBE Vector Group","hd":false}],"ip":35.9996834406884,"op":48.9995691276036,"st":35.9996834406884,"bm":0},{"ddd":0,"ind":13,"ty":4,"nm":"“z1”轮廓 3","sr":1,"ks":{"o":{"a":0,"k":100,"ix":11},"r":{"a":0,"k":0,"ix":10},"p":{"a":0,"k":[383.572,493.16,0],"ix":2},"a":{"a":0,"k":[81.854,249.538,0],"ix":1},"s":{"a":0,"k":[51.6,51.6,100],"ix":6}},"ao":0,"shapes":[{"ty":"gr","it":[{"ind":0,"ty":"sh","ix":1,"ks":{"a":0,"k":{"i":[[0,0],[7.528,-0.823],[4.732,-5.911],[-111.719,-139.245],[-11.146,9.084],[7.64,12.183],[-95.043,118.42],[0.823,7.527],[5.912,4.734]],"o":[[-5.898,-4.749],[-7.528,0.822],[-111.719,139.246],[10.392,9.941],[11.147,-9.087],[-95.043,-118.421],[4.749,-5.898],[-0.822,-7.528],[0,0]],"v":[[70.238,-242.333],[49.266,-248.465],[30.115,-237.948],[30.115,238.705],[67.822,240.204],[73.964,202.968],[73.964,-202.429],[80.096,-223.4],[69.578,-242.552]],"c":true},"ix":2},"nm":"路径 1","mn":"ADBE Vector Shape - Group","hd":false},{"ty":"fl","c":{"a":0,"k":[1,1,1,1],"ix":4},"o":{"a":0,"k":100,"ix":5},"r":1,"bm":0,"nm":"填充 1","mn":"ADBE Vector Graphic - Fill","hd":false},{"ty":"tr","p":{"a":0,"k":[81.854,249.538],"ix":2},"a":{"a":0,"k":[0,0],"ix":1},"s":{"a":0,"k":[100,100],"ix":3},"r":{"a":0,"k":0,"ix":6},"o":{"a":0,"k":100,"ix":7},"sk":{"a":0,"k":0,"ix":4},"sa":{"a":0,"k":0,"ix":5},"nm":"变换"}],"nm":"组 1","np":2,"cix":2,"bm":0,"ix":1,"mn":"ADBE Vector Group","hd":false}],"ip":27.9997537872021,"op":32.999709820631,"st":27.9997537872021,"bm":0},{"ddd":0,"ind":14,"ty":4,"nm":"“y1”轮廓 3","sr":1,"ks":{"o":{"a":0,"k":100,"ix":11},"r":{"a":0,"k":0,"ix":10},"p":{"a":0,"k":[696.405,493.659,0],"ix":2},"a":{"a":0,"k":[81.855,249.538,0],"ix":1},"s":{"a":0,"k":[51.6,51.6,100],"ix":6}},"ao":0,"shapes":[{"ty":"gr","it":[{"ind":0,"ty":"sh","ix":1,"ks":{"a":0,"k":{"i":[[0,0],[0.823,-7.527],[-4.75,-5.898],[95.043,-118.42],[-11.147,-9.087],[-10.393,9.941],[111.719,139.247],[7.528,0.822],[5.897,-4.749]],"o":[[-5.911,4.734],[-0.822,7.528],[95.043,118.42],[-7.64,12.184],[11.146,9.084],[111.719,-139.245],[-4.733,-5.911],[-7.528,-0.823],[0,0]],"v":[[-69.579,-242.552],[-80.097,-223.4],[-73.964,-202.429],[-73.964,202.968],[-67.823,240.204],[-30.115,238.705],[-30.115,-237.948],[-49.268,-248.465],[-70.237,-242.333]],"c":true},"ix":2},"nm":"路径 1","mn":"ADBE Vector Shape - Group","hd":false},{"ty":"fl","c":{"a":0,"k":[1,1,1,1],"ix":4},"o":{"a":0,"k":100,"ix":5},"r":1,"bm":0,"nm":"填充 1","mn":"ADBE Vector Graphic - Fill","hd":false},{"ty":"tr","p":{"a":0,"k":[81.854,249.538],"ix":2},"a":{"a":0,"k":[0,0],"ix":1},"s":{"a":0,"k":[100,100],"ix":3},"r":{"a":0,"k":0,"ix":6},"o":{"a":0,"k":100,"ix":7},"sk":{"a":0,"k":0,"ix":4},"sa":{"a":0,"k":0,"ix":5},"nm":"变换"}],"nm":"组 1","np":2,"cix":2,"bm":0,"ix":1,"mn":"ADBE Vector Group","hd":false}],"ip":27.9997537872021,"op":32.999709820631,"st":27.9997537872021,"bm":0},{"ddd":0,"ind":15,"ty":4,"nm":"“z2”轮廓 3","sr":1,"ks":{"o":{"a":0,"k":100,"ix":11},"r":{"a":0,"k":0,"ix":10},"p":{"a":0,"k":[436.602,492.284,0],"ix":2},"a":{"a":0,"k":[67.519,183.042,0],"ix":1},"s":{"a":0,"k":[51.6,51.6,100],"ix":6}},"ao":0,"shapes":[{"ty":"gr","it":[{"ind":0,"ty":"sh","ix":1,"ks":{"a":0,"k":{"i":[[7.275,12.174],[-63.187,78.789],[3.491,10.461],[10.95,1.309],[5.858,-9.345],[-79.861,-99.616],[-11.019,8.926]],"o":[[-63.187,-78.79],[7.97,-7.624],[-3.491,-10.462],[-10.952,-1.309],[-79.861,99.615],[10.398,9.645],[11.022,-8.928]],"v":[[56.442,137.094],[56.442,-132.585],[63.778,-162.205],[40.124,-181.483],[12.592,-168.322],[12.592,172.613],[49.916,173.866]],"c":true},"ix":2},"nm":"路径 1","mn":"ADBE Vector Shape - Group","hd":false},{"ty":"fl","c":{"a":0,"k":[1,1,1,1],"ix":4},"o":{"a":0,"k":100,"ix":5},"r":1,"bm":0,"nm":"填充 1","mn":"ADBE Vector Graphic - Fill","hd":false},{"ty":"tr","p":{"a":0,"k":[67.519,183.043],"ix":2},"a":{"a":0,"k":[0,0],"ix":1},"s":{"a":0,"k":[100,100],"ix":3},"r":{"a":0,"k":0,"ix":6},"o":{"a":0,"k":100,"ix":7},"sk":{"a":0,"k":0,"ix":4},"sa":{"a":0,"k":0,"ix":5},"nm":"变换"}],"nm":"组 1","np":2,"cix":2,"bm":0,"ix":1,"mn":"ADBE Vector Group","hd":false}],"ip":23.9997889604589,"op":32.999709820631,"st":23.9997889604589,"bm":0},{"ddd":0,"ind":16,"ty":4,"nm":"“y2”轮廓 3","sr":1,"ks":{"o":{"a":0,"k":100,"ix":11},"r":{"a":0,"k":0,"ix":10},"p":{"a":0,"k":[643.374,492.284,0],"ix":2},"a":{"a":0,"k":[67.519,183.042,0],"ix":1},"s":{"a":0,"k":[51.6,51.6,100],"ix":6}},"ao":0,"shapes":[{"ty":"gr","it":[{"ind":0,"ty":"sh","ix":1,"ks":{"a":0,"k":{"i":[[63.188,-78.79],[-11.02,-8.928],[-10.398,9.645],[79.862,99.615],[10.952,-1.309],[3.492,-10.462],[-7.97,-7.624]],"o":[[-7.275,12.174],[11.021,8.926],[79.862,-99.616],[-5.858,-9.345],[-10.951,1.309],[-3.49,10.461],[63.188,78.789]],"v":[[-56.442,137.094],[-49.918,173.866],[-12.592,172.613],[-12.592,-168.322],[-40.124,-181.483],[-63.78,-162.205],[-56.442,-132.585]],"c":true},"ix":2},"nm":"路径 1","mn":"ADBE Vector Shape - Group","hd":false},{"ty":"fl","c":{"a":0,"k":[1,1,1,1],"ix":4},"o":{"a":0,"k":100,"ix":5},"r":1,"bm":0,"nm":"填充 1","mn":"ADBE Vector Graphic - Fill","hd":false},{"ty":"tr","p":{"a":0,"k":[67.519,183.043],"ix":2},"a":{"a":0,"k":[0,0],"ix":1},"s":{"a":0,"k":[100,100],"ix":3},"r":{"a":0,"k":0,"ix":6},"o":{"a":0,"k":100,"ix":7},"sk":{"a":0,"k":0,"ix":4},"sa":{"a":0,"k":0,"ix":5},"nm":"变换"}],"nm":"组 1","np":2,"cix":2,"bm":0,"ix":1,"mn":"ADBE Vector Group","hd":false}],"ip":23.9997889604589,"op":32.999709820631,"st":23.9997889604589,"bm":0},{"ddd":0,"ind":17,"ty":4,"nm":"“z3”轮廓 3","sr":1,"ks":{"o":{"a":0,"k":100,"ix":11},"r":{"a":0,"k":0,"ix":10},"p":{"a":0,"k":[487.243,493.488,0],"ix":2},"a":{"a":0,"k":[50.322,113.492,0],"ix":1},"s":{"a":0,"k":[51.6,51.6,100],"ix":6}},"ao":0,"shapes":[{"ty":"gr","it":[{"ind":0,"ty":"sh","ix":1,"ks":{"a":0,"k":{"i":[[0,0],[7.528,-0.823],[4.734,-5.909],[-48.654,-59.508],[-11.148,9.084],[7.638,12.184],[-31.394,38.89],[0.823,7.527],[5.91,4.734]],"o":[[-5.898,-4.748],[-7.528,0.824],[-48.654,59.51],[10.392,9.942],[11.147,-9.085],[-31.394,-38.89],[4.747,-5.901],[-0.822,-7.528],[0,0]],"v":[[38.705,-106.287],[17.734,-112.419],[-1.418,-101.902],[-1.418,102.66],[36.291,104.158],[42.434,66.922],[42.434,-66.381],[48.566,-87.354],[38.048,-106.506]],"c":true},"ix":2},"nm":"路径 1","mn":"ADBE Vector Shape - Group","hd":false},{"ty":"fl","c":{"a":0,"k":[1,1,1,1],"ix":4},"o":{"a":0,"k":100,"ix":5},"r":1,"bm":0,"nm":"填充 1","mn":"ADBE Vector Graphic - Fill","hd":false},{"ty":"tr","p":{"a":0,"k":[50.322,113.492],"ix":2},"a":{"a":0,"k":[0,0],"ix":1},"s":{"a":0,"k":[100,100],"ix":3},"r":{"a":0,"k":0,"ix":6},"o":{"a":0,"k":100,"ix":7},"sk":{"a":0,"k":0,"ix":4},"sa":{"a":0,"k":0,"ix":5},"nm":"变换"}],"nm":"组 1","np":2,"cix":2,"bm":0,"ix":1,"mn":"ADBE Vector Group","hd":false}],"ip":19.9998241337158,"op":32.999709820631,"st":19.9998241337158,"bm":0},{"ddd":0,"ind":18,"ty":4,"nm":"“y3”轮廓 3","sr":1,"ks":{"o":{"a":0,"k":100,"ix":11},"r":{"a":0,"k":0,"ix":10},"p":{"a":0,"k":[592.733,493.488,0],"ix":2},"a":{"a":0,"k":[50.321,113.492,0],"ix":1},"s":{"a":0,"k":[51.6,51.6,100],"ix":6}},"ao":0,"shapes":[{"ty":"gr","it":[{"ind":0,"ty":"sh","ix":1,"ks":{"a":0,"k":{"i":[[0,0],[0.823,-7.527],[-4.748,-5.9],[31.393,-38.89],[-11.148,-9.085],[-10.393,9.941],[48.653,59.51],[7.528,0.824],[5.897,-4.747]],"o":[[-5.91,4.734],[-0.822,7.528],[31.393,38.89],[-7.638,12.183],[11.148,9.084],[48.653,-59.508],[-4.736,-5.909],[-7.528,-0.822],[0,0]],"v":[[-38.048,-106.507],[-48.566,-87.355],[-42.434,-66.382],[-42.434,66.922],[-36.292,104.158],[1.418,102.66],[1.418,-101.903],[-17.734,-112.42],[-38.704,-106.288]],"c":true},"ix":2},"nm":"路径 1","mn":"ADBE Vector Shape - Group","hd":false},{"ty":"fl","c":{"a":0,"k":[1,1,1,1],"ix":4},"o":{"a":0,"k":100,"ix":5},"r":1,"bm":0,"nm":"填充 1","mn":"ADBE Vector Graphic - Fill","hd":false},{"ty":"tr","p":{"a":0,"k":[50.321,113.492],"ix":2},"a":{"a":0,"k":[0,0],"ix":1},"s":{"a":0,"k":[100,100],"ix":3},"r":{"a":0,"k":0,"ix":6},"o":{"a":0,"k":100,"ix":7},"sk":{"a":0,"k":0,"ix":4},"sa":{"a":0,"k":0,"ix":5},"nm":"变换"}],"nm":"组 1","np":2,"cix":2,"bm":0,"ix":1,"mn":"ADBE Vector Group","hd":false}],"ip":19.9998241337158,"op":32.999709820631,"st":19.9998241337158,"bm":0},{"ddd":0,"ind":19,"ty":4,"nm":"“z1”轮廓 2","sr":1,"ks":{"o":{"a":0,"k":100,"ix":11},"r":{"a":0,"k":0,"ix":10},"p":{"a":0,"k":[383.572,493.16,0],"ix":2},"a":{"a":0,"k":[81.854,249.538,0],"ix":1},"s":{"a":0,"k":[51.6,51.6,100],"ix":6}},"ao":0,"shapes":[{"ty":"gr","it":[{"ind":0,"ty":"sh","ix":1,"ks":{"a":0,"k":{"i":[[0,0],[7.528,-0.823],[4.732,-5.911],[-111.719,-139.245],[-11.146,9.084],[7.64,12.183],[-95.043,118.42],[0.823,7.527],[5.912,4.734]],"o":[[-5.898,-4.749],[-7.528,0.822],[-111.719,139.246],[10.392,9.941],[11.147,-9.087],[-95.043,-118.421],[4.749,-5.898],[-0.822,-7.528],[0,0]],"v":[[70.238,-242.333],[49.266,-248.465],[30.115,-237.948],[30.115,238.705],[67.822,240.204],[73.964,202.968],[73.964,-202.429],[80.096,-223.4],[69.578,-242.552]],"c":true},"ix":2},"nm":"路径 1","mn":"ADBE Vector Shape - Group","hd":false},{"ty":"fl","c":{"a":0,"k":[1,1,1,1],"ix":4},"o":{"a":0,"k":100,"ix":5},"r":1,"bm":0,"nm":"填充 1","mn":"ADBE Vector Graphic - Fill","hd":false},{"ty":"tr","p":{"a":0,"k":[81.854,249.538],"ix":2},"a":{"a":0,"k":[0,0],"ix":1},"s":{"a":0,"k":[100,100],"ix":3},"r":{"a":0,"k":0,"ix":6},"o":{"a":0,"k":100,"ix":7},"sk":{"a":0,"k":0,"ix":4},"sa":{"a":0,"k":0,"ix":5},"nm":"变换"}],"nm":"组 1","np":2,"cix":2,"bm":0,"ix":1,"mn":"ADBE Vector Group","hd":false}],"ip":11.9998944802295,"op":16.9998505136584,"st":11.9998944802295,"bm":0},{"ddd":0,"ind":20,"ty":4,"nm":"“y1”轮廓 2","sr":1,"ks":{"o":{"a":0,"k":100,"ix":11},"r":{"a":0,"k":0,"ix":10},"p":{"a":0,"k":[696.405,493.659,0],"ix":2},"a":{"a":0,"k":[81.855,249.538,0],"ix":1},"s":{"a":0,"k":[51.6,51.6,100],"ix":6}},"ao":0,"shapes":[{"ty":"gr","it":[{"ind":0,"ty":"sh","ix":1,"ks":{"a":0,"k":{"i":[[0,0],[0.823,-7.527],[-4.75,-5.898],[95.043,-118.42],[-11.147,-9.087],[-10.393,9.941],[111.719,139.247],[7.528,0.822],[5.897,-4.749]],"o":[[-5.911,4.734],[-0.822,7.528],[95.043,118.42],[-7.64,12.184],[11.146,9.084],[111.719,-139.245],[-4.733,-5.911],[-7.528,-0.823],[0,0]],"v":[[-69.579,-242.552],[-80.097,-223.4],[-73.964,-202.429],[-73.964,202.968],[-67.823,240.204],[-30.115,238.705],[-30.115,-237.948],[-49.268,-248.465],[-70.237,-242.333]],"c":true},"ix":2},"nm":"路径 1","mn":"ADBE Vector Shape - Group","hd":false},{"ty":"fl","c":{"a":0,"k":[1,1,1,1],"ix":4},"o":{"a":0,"k":100,"ix":5},"r":1,"bm":0,"nm":"填充 1","mn":"ADBE Vector Graphic - Fill","hd":false},{"ty":"tr","p":{"a":0,"k":[81.854,249.538],"ix":2},"a":{"a":0,"k":[0,0],"ix":1},"s":{"a":0,"k":[100,100],"ix":3},"r":{"a":0,"k":0,"ix":6},"o":{"a":0,"k":100,"ix":7},"sk":{"a":0,"k":0,"ix":4},"sa":{"a":0,"k":0,"ix":5},"nm":"变换"}],"nm":"组 1","np":2,"cix":2,"bm":0,"ix":1,"mn":"ADBE Vector Group","hd":false}],"ip":11.9998944802295,"op":16.9998505136584,"st":11.9998944802295,"bm":0},{"ddd":0,"ind":21,"ty":4,"nm":"“z2”轮廓 2","sr":1,"ks":{"o":{"a":0,"k":100,"ix":11},"r":{"a":0,"k":0,"ix":10},"p":{"a":0,"k":[436.602,492.284,0],"ix":2},"a":{"a":0,"k":[67.519,183.042,0],"ix":1},"s":{"a":0,"k":[51.6,51.6,100],"ix":6}},"ao":0,"shapes":[{"ty":"gr","it":[{"ind":0,"ty":"sh","ix":1,"ks":{"a":0,"k":{"i":[[7.275,12.174],[-63.187,78.789],[3.491,10.461],[10.95,1.309],[5.858,-9.345],[-79.861,-99.616],[-11.019,8.926]],"o":[[-63.187,-78.79],[7.97,-7.624],[-3.491,-10.462],[-10.952,-1.309],[-79.861,99.615],[10.398,9.645],[11.022,-8.928]],"v":[[56.442,137.094],[56.442,-132.585],[63.778,-162.205],[40.124,-181.483],[12.592,-168.322],[12.592,172.613],[49.916,173.866]],"c":true},"ix":2},"nm":"路径 1","mn":"ADBE Vector Shape - Group","hd":false},{"ty":"fl","c":{"a":0,"k":[1,1,1,1],"ix":4},"o":{"a":0,"k":100,"ix":5},"r":1,"bm":0,"nm":"填充 1","mn":"ADBE Vector Graphic - Fill","hd":false},{"ty":"tr","p":{"a":0,"k":[67.519,183.043],"ix":2},"a":{"a":0,"k":[0,0],"ix":1},"s":{"a":0,"k":[100,100],"ix":3},"r":{"a":0,"k":0,"ix":6},"o":{"a":0,"k":100,"ix":7},"sk":{"a":0,"k":0,"ix":4},"sa":{"a":0,"k":0,"ix":5},"nm":"变换"}],"nm":"组 1","np":2,"cix":2,"bm":0,"ix":1,"mn":"ADBE Vector Group","hd":false}],"ip":7.9999296534863,"op":16.9998505136584,"st":7.9999296534863,"bm":0},{"ddd":0,"ind":22,"ty":4,"nm":"“y2”轮廓 2","sr":1,"ks":{"o":{"a":0,"k":100,"ix":11},"r":{"a":0,"k":0,"ix":10},"p":{"a":0,"k":[643.374,492.284,0],"ix":2},"a":{"a":0,"k":[67.519,183.042,0],"ix":1},"s":{"a":0,"k":[51.6,51.6,100],"ix":6}},"ao":0,"shapes":[{"ty":"gr","it":[{"ind":0,"ty":"sh","ix":1,"ks":{"a":0,"k":{"i":[[63.188,-78.79],[-11.02,-8.928],[-10.398,9.645],[79.862,99.615],[10.952,-1.309],[3.492,-10.462],[-7.97,-7.624]],"o":[[-7.275,12.174],[11.021,8.926],[79.862,-99.616],[-5.858,-9.345],[-10.951,1.309],[-3.49,10.461],[63.188,78.789]],"v":[[-56.442,137.094],[-49.918,173.866],[-12.592,172.613],[-12.592,-168.322],[-40.124,-181.483],[-63.78,-162.205],[-56.442,-132.585]],"c":true},"ix":2},"nm":"路径 1","mn":"ADBE Vector Shape - Group","hd":false},{"ty":"fl","c":{"a":0,"k":[1,1,1,1],"ix":4},"o":{"a":0,"k":100,"ix":5},"r":1,"bm":0,"nm":"填充 1","mn":"ADBE Vector Graphic - Fill","hd":false},{"ty":"tr","p":{"a":0,"k":[67.519,183.043],"ix":2},"a":{"a":0,"k":[0,0],"ix":1},"s":{"a":0,"k":[100,100],"ix":3},"r":{"a":0,"k":0,"ix":6},"o":{"a":0,"k":100,"ix":7},"sk":{"a":0,"k":0,"ix":4},"sa":{"a":0,"k":0,"ix":5},"nm":"变换"}],"nm":"组 1","np":2,"cix":2,"bm":0,"ix":1,"mn":"ADBE Vector Group","hd":false}],"ip":7.9999296534863,"op":16.9998505136584,"st":7.9999296534863,"bm":0},{"ddd":0,"ind":23,"ty":4,"nm":"“z3”轮廓 2","sr":1,"ks":{"o":{"a":0,"k":100,"ix":11},"r":{"a":0,"k":0,"ix":10},"p":{"a":0,"k":[487.243,493.488,0],"ix":2},"a":{"a":0,"k":[50.322,113.492,0],"ix":1},"s":{"a":0,"k":[51.6,51.6,100],"ix":6}},"ao":0,"shapes":[{"ty":"gr","it":[{"ind":0,"ty":"sh","ix":1,"ks":{"a":0,"k":{"i":[[0,0],[7.528,-0.823],[4.734,-5.909],[-48.654,-59.508],[-11.148,9.084],[7.638,12.184],[-31.394,38.89],[0.823,7.527],[5.91,4.734]],"o":[[-5.898,-4.748],[-7.528,0.824],[-48.654,59.51],[10.392,9.942],[11.147,-9.085],[-31.394,-38.89],[4.747,-5.901],[-0.822,-7.528],[0,0]],"v":[[38.705,-106.287],[17.734,-112.419],[-1.418,-101.902],[-1.418,102.66],[36.291,104.158],[42.434,66.922],[42.434,-66.381],[48.566,-87.354],[38.048,-106.506]],"c":true},"ix":2},"nm":"路径 1","mn":"ADBE Vector Shape - Group","hd":false},{"ty":"fl","c":{"a":0,"k":[1,1,1,1],"ix":4},"o":{"a":0,"k":100,"ix":5},"r":1,"bm":0,"nm":"填充 1","mn":"ADBE Vector Graphic - Fill","hd":false},{"ty":"tr","p":{"a":0,"k":[50.322,113.492],"ix":2},"a":{"a":0,"k":[0,0],"ix":1},"s":{"a":0,"k":[100,100],"ix":3},"r":{"a":0,"k":0,"ix":6},"o":{"a":0,"k":100,"ix":7},"sk":{"a":0,"k":0,"ix":4},"sa":{"a":0,"k":0,"ix":5},"nm":"变换"}],"nm":"组 1","np":2,"cix":2,"bm":0,"ix":1,"mn":"ADBE Vector Group","hd":false}],"ip":3.99996482674315,"op":16.9998505136584,"st":3.99996482674315,"bm":0},{"ddd":0,"ind":24,"ty":4,"nm":"“y3”轮廓 2","sr":1,"ks":{"o":{"a":0,"k":100,"ix":11},"r":{"a":0,"k":0,"ix":10},"p":{"a":0,"k":[592.733,493.488,0],"ix":2},"a":{"a":0,"k":[50.321,113.492,0],"ix":1},"s":{"a":0,"k":[51.6,51.6,100],"ix":6}},"ao":0,"shapes":[{"ty":"gr","it":[{"ind":0,"ty":"sh","ix":1,"ks":{"a":0,"k":{"i":[[0,0],[0.823,-7.527],[-4.748,-5.9],[31.393,-38.89],[-11.148,-9.085],[-10.393,9.941],[48.653,59.51],[7.528,0.824],[5.897,-4.747]],"o":[[-5.91,4.734],[-0.822,7.528],[31.393,38.89],[-7.638,12.183],[11.148,9.084],[48.653,-59.508],[-4.736,-5.909],[-7.528,-0.822],[0,0]],"v":[[-38.048,-106.507],[-48.566,-87.355],[-42.434,-66.382],[-42.434,66.922],[-36.292,104.158],[1.418,102.66],[1.418,-101.903],[-17.734,-112.42],[-38.704,-106.288]],"c":true},"ix":2},"nm":"路径 1","mn":"ADBE Vector Shape - Group","hd":false},{"ty":"fl","c":{"a":0,"k":[1,1,1,1],"ix":4},"o":{"a":0,"k":100,"ix":5},"r":1,"bm":0,"nm":"填充 1","mn":"ADBE Vector Graphic - Fill","hd":false},{"ty":"tr","p":{"a":0,"k":[50.321,113.492],"ix":2},"a":{"a":0,"k":[0,0],"ix":1},"s":{"a":0,"k":[100,100],"ix":3},"r":{"a":0,"k":0,"ix":6},"o":{"a":0,"k":100,"ix":7},"sk":{"a":0,"k":0,"ix":4},"sa":{"a":0,"k":0,"ix":5},"nm":"变换"}],"nm":"组 1","np":2,"cix":2,"bm":0,"ix":1,"mn":"ADBE Vector Group","hd":false}],"ip":3.99996482674315,"op":16.9998505136584,"st":3.99996482674315,"bm":0},{"ddd":0,"ind":25,"ty":4,"nm":"“z1”轮廓","sr":1,"ks":{"o":{"a":0,"k":100,"ix":11},"r":{"a":0,"k":0,"ix":10},"p":{"a":0,"k":[383.572,493.16,0],"ix":2},"a":{"a":0,"k":[81.854,249.538,0],"ix":1},"s":{"a":0,"k":[51.6,51.6,100],"ix":6}},"ao":0,"shapes":[{"ty":"gr","it":[{"ind":0,"ty":"sh","ix":1,"ks":{"a":0,"k":{"i":[[0,0],[7.528,-0.823],[4.732,-5.911],[-111.719,-139.245],[-11.146,9.084],[7.64,12.183],[-95.043,118.42],[0.823,7.527],[5.912,4.734]],"o":[[-5.898,-4.749],[-7.528,0.822],[-111.719,139.246],[10.392,9.941],[11.147,-9.087],[-95.043,-118.421],[4.749,-5.898],[-0.822,-7.528],[0,0]],"v":[[70.238,-242.333],[49.266,-248.465],[30.115,-237.948],[30.115,238.705],[67.822,240.204],[73.964,202.968],[73.964,-202.429],[80.096,-223.4],[69.578,-242.552]],"c":true},"ix":2},"nm":"路径 1","mn":"ADBE Vector Shape - Group","hd":false},{"ty":"fl","c":{"a":0,"k":[0.090196078431,0.764705882353,0.443137254902,1],"ix":4},"o":{"a":0,"k":100,"ix":5},"r":1,"bm":0,"nm":"填充 1","mn":"ADBE Vector Graphic - Fill","hd":false},{"ty":"tr","p":{"a":0,"k":[81.854,249.538],"ix":2},"a":{"a":0,"k":[0,0],"ix":1},"s":{"a":0,"k":[100,100],"ix":3},"r":{"a":0,"k":0,"ix":6},"o":{"a":0,"k":100,"ix":7},"sk":{"a":0,"k":0,"ix":4},"sa":{"a":0,"k":0,"ix":5},"nm":"变换"}],"nm":"组 1","np":2,"cix":2,"bm":0,"ix":1,"mn":"ADBE Vector Group","hd":false}],"ip":0,"op":67.9994020546336,"st":0,"bm":0},{"ddd":0,"ind":26,"ty":4,"nm":"“z2”轮廓","sr":1,"ks":{"o":{"a":0,"k":100,"ix":11},"r":{"a":0,"k":0,"ix":10},"p":{"a":0,"k":[436.602,492.284,0],"ix":2},"a":{"a":0,"k":[67.519,183.042,0],"ix":1},"s":{"a":0,"k":[51.6,51.6,100],"ix":6}},"ao":0,"shapes":[{"ty":"gr","it":[{"ind":0,"ty":"sh","ix":1,"ks":{"a":0,"k":{"i":[[7.275,12.174],[-63.187,78.789],[3.491,10.461],[10.95,1.309],[5.858,-9.345],[-79.861,-99.616],[-11.019,8.926]],"o":[[-63.187,-78.79],[7.97,-7.624],[-3.491,-10.462],[-10.952,-1.309],[-79.861,99.615],[10.398,9.645],[11.022,-8.928]],"v":[[56.442,137.094],[56.442,-132.585],[63.778,-162.205],[40.124,-181.483],[12.592,-168.322],[12.592,172.613],[49.916,173.866]],"c":true},"ix":2},"nm":"路径 1","mn":"ADBE Vector Shape - Group","hd":false},{"ty":"fl","c":{"a":0,"k":[0.090196078431,0.764705882353,0.443137254902,1],"ix":4},"o":{"a":0,"k":100,"ix":5},"r":1,"bm":0,"nm":"填充 1","mn":"ADBE Vector Graphic - Fill","hd":false},{"ty":"tr","p":{"a":0,"k":[67.519,183.043],"ix":2},"a":{"a":0,"k":[0,0],"ix":1},"s":{"a":0,"k":[100,100],"ix":3},"r":{"a":0,"k":0,"ix":6},"o":{"a":0,"k":100,"ix":7},"sk":{"a":0,"k":0,"ix":4},"sa":{"a":0,"k":0,"ix":5},"nm":"变换"}],"nm":"组 1","np":2,"cix":2,"bm":0,"ix":1,"mn":"ADBE Vector Group","hd":false}],"ip":0,"op":67.9994020546336,"st":0,"bm":0},{"ddd":0,"ind":27,"ty":4,"nm":"“z3”轮廓","sr":1,"ks":{"o":{"a":0,"k":100,"ix":11},"r":{"a":0,"k":0,"ix":10},"p":{"a":0,"k":[487.243,493.488,0],"ix":2},"a":{"a":0,"k":[50.322,113.492,0],"ix":1},"s":{"a":0,"k":[51.6,51.6,100],"ix":6}},"ao":0,"shapes":[{"ty":"gr","it":[{"ind":0,"ty":"sh","ix":1,"ks":{"a":0,"k":{"i":[[0,0],[7.528,-0.823],[4.734,-5.909],[-48.654,-59.508],[-11.148,9.084],[7.638,12.184],[-31.394,38.89],[0.823,7.527],[5.91,4.734]],"o":[[-5.898,-4.748],[-7.528,0.824],[-48.654,59.51],[10.392,9.942],[11.147,-9.085],[-31.394,-38.89],[4.747,-5.901],[-0.822,-7.528],[0,0]],"v":[[38.705,-106.287],[17.734,-112.419],[-1.418,-101.902],[-1.418,102.66],[36.291,104.158],[42.434,66.922],[42.434,-66.381],[48.566,-87.354],[38.048,-106.506]],"c":true},"ix":2},"nm":"路径 1","mn":"ADBE Vector Shape - Group","hd":false},{"ty":"fl","c":{"a":0,"k":[0.090196078431,0.764705882353,0.443137254902,1],"ix":4},"o":{"a":0,"k":100,"ix":5},"r":1,"bm":0,"nm":"填充 1","mn":"ADBE Vector Graphic - Fill","hd":false},{"ty":"tr","p":{"a":0,"k":[50.322,113.492],"ix":2},"a":{"a":0,"k":[0,0],"ix":1},"s":{"a":0,"k":[100,100],"ix":3},"r":{"a":0,"k":0,"ix":6},"o":{"a":0,"k":100,"ix":7},"sk":{"a":0,"k":0,"ix":4},"sa":{"a":0,"k":0,"ix":5},"nm":"变换"}],"nm":"组 1","np":2,"cix":2,"bm":0,"ix":1,"mn":"ADBE Vector Group","hd":false}],"ip":0,"op":67.9994020546336,"st":0,"bm":0},{"ddd":0,"ind":28,"ty":4,"nm":"“y1”轮廓","sr":1,"ks":{"o":{"a":0,"k":100,"ix":11},"r":{"a":0,"k":0,"ix":10},"p":{"a":0,"k":[696.405,493.659,0],"ix":2},"a":{"a":0,"k":[81.855,249.538,0],"ix":1},"s":{"a":0,"k":[51.6,51.6,100],"ix":6}},"ao":0,"shapes":[{"ty":"gr","it":[{"ind":0,"ty":"sh","ix":1,"ks":{"a":0,"k":{"i":[[0,0],[0.823,-7.527],[-4.75,-5.898],[95.043,-118.42],[-11.147,-9.087],[-10.393,9.941],[111.719,139.247],[7.528,0.822],[5.897,-4.749]],"o":[[-5.911,4.734],[-0.822,7.528],[95.043,118.42],[-7.64,12.184],[11.146,9.084],[111.719,-139.245],[-4.733,-5.911],[-7.528,-0.823],[0,0]],"v":[[-69.579,-242.552],[-80.097,-223.4],[-73.964,-202.429],[-73.964,202.968],[-67.823,240.204],[-30.115,238.705],[-30.115,-237.948],[-49.268,-248.465],[-70.237,-242.333]],"c":true},"ix":2},"nm":"路径 1","mn":"ADBE Vector Shape - Group","hd":false},{"ty":"fl","c":{"a":0,"k":[0.090196078431,0.764705882353,0.443137254902,1],"ix":4},"o":{"a":0,"k":100,"ix":5},"r":1,"bm":0,"nm":"填充 1","mn":"ADBE Vector Graphic - Fill","hd":false},{"ty":"tr","p":{"a":0,"k":[81.854,249.538],"ix":2},"a":{"a":0,"k":[0,0],"ix":1},"s":{"a":0,"k":[100,100],"ix":3},"r":{"a":0,"k":0,"ix":6},"o":{"a":0,"k":100,"ix":7},"sk":{"a":0,"k":0,"ix":4},"sa":{"a":0,"k":0,"ix":5},"nm":"变换"}],"nm":"组 1","np":2,"cix":2,"bm":0,"ix":1,"mn":"ADBE Vector Group","hd":false}],"ip":0,"op":67.9994020546336,"st":0,"bm":0},{"ddd":0,"ind":29,"ty":4,"nm":"“y2”轮廓","sr":1,"ks":{"o":{"a":0,"k":100,"ix":11},"r":{"a":0,"k":0,"ix":10},"p":{"a":0,"k":[643.374,492.284,0],"ix":2},"a":{"a":0,"k":[67.519,183.042,0],"ix":1},"s":{"a":0,"k":[51.6,51.6,100],"ix":6}},"ao":0,"shapes":[{"ty":"gr","it":[{"ind":0,"ty":"sh","ix":1,"ks":{"a":0,"k":{"i":[[63.188,-78.79],[-11.02,-8.928],[-10.398,9.645],[79.862,99.615],[10.952,-1.309],[3.492,-10.462],[-7.97,-7.624]],"o":[[-7.275,12.174],[11.021,8.926],[79.862,-99.616],[-5.858,-9.345],[-10.951,1.309],[-3.49,10.461],[63.188,78.789]],"v":[[-56.442,137.094],[-49.918,173.866],[-12.592,172.613],[-12.592,-168.322],[-40.124,-181.483],[-63.78,-162.205],[-56.442,-132.585]],"c":true},"ix":2},"nm":"路径 1","mn":"ADBE Vector Shape - Group","hd":false},{"ty":"fl","c":{"a":0,"k":[0.090196078431,0.764705882353,0.443137254902,1],"ix":4},"o":{"a":0,"k":100,"ix":5},"r":1,"bm":0,"nm":"填充 1","mn":"ADBE Vector Graphic - Fill","hd":false},{"ty":"tr","p":{"a":0,"k":[67.519,183.043],"ix":2},"a":{"a":0,"k":[0,0],"ix":1},"s":{"a":0,"k":[100,100],"ix":3},"r":{"a":0,"k":0,"ix":6},"o":{"a":0,"k":100,"ix":7},"sk":{"a":0,"k":0,"ix":4},"sa":{"a":0,"k":0,"ix":5},"nm":"变换"}],"nm":"组 1","np":2,"cix":2,"bm":0,"ix":1,"mn":"ADBE Vector Group","hd":false}],"ip":0,"op":67.9994020546336,"st":0,"bm":0},{"ddd":0,"ind":30,"ty":4,"nm":"“y3”轮廓","sr":1,"ks":{"o":{"a":0,"k":100,"ix":11},"r":{"a":0,"k":0,"ix":10},"p":{"a":0,"k":[592.733,493.488,0],"ix":2},"a":{"a":0,"k":[50.321,113.492,0],"ix":1},"s":{"a":0,"k":[51.6,51.6,100],"ix":6}},"ao":0,"shapes":[{"ty":"gr","it":[{"ind":0,"ty":"sh","ix":1,"ks":{"a":0,"k":{"i":[[0,0],[0.823,-7.527],[-4.748,-5.9],[31.393,-38.89],[-11.148,-9.085],[-10.393,9.941],[48.653,59.51],[7.528,0.824],[5.897,-4.747]],"o":[[-5.91,4.734],[-0.822,7.528],[31.393,38.89],[-7.638,12.183],[11.148,9.084],[48.653,-59.508],[-4.736,-5.909],[-7.528,-0.822],[0,0]],"v":[[-38.048,-106.507],[-48.566,-87.355],[-42.434,-66.382],[-42.434,66.922],[-36.292,104.158],[1.418,102.66],[1.418,-101.903],[-17.734,-112.42],[-38.704,-106.288]],"c":true},"ix":2},"nm":"路径 1","mn":"ADBE Vector Shape - Group","hd":false},{"ty":"fl","c":{"a":0,"k":[0.090196078431,0.764705882353,0.443137254902,1],"ix":4},"o":{"a":0,"k":100,"ix":5},"r":1,"bm":0,"nm":"填充 1","mn":"ADBE Vector Graphic - Fill","hd":false},{"ty":"tr","p":{"a":0,"k":[50.321,113.492],"ix":2},"a":{"a":0,"k":[0,0],"ix":1},"s":{"a":0,"k":[100,100],"ix":3},"r":{"a":0,"k":0,"ix":6},"o":{"a":0,"k":100,"ix":7},"sk":{"a":0,"k":0,"ix":4},"sa":{"a":0,"k":0,"ix":5},"nm":"变换"}],"nm":"组 1","np":2,"cix":2,"bm":0,"ix":1,"mn":"ADBE Vector Group","hd":false}],"ip":0,"op":67.9994020546336,"st":0,"bm":0},{"ddd":0,"ind":31,"ty":4,"nm":"“zj”轮廓","sr":1,"ks":{"o":{"a":0,"k":100,"ix":11},"r":{"a":0,"k":0,"ix":10},"p":{"a":0,"k":[540.257,597.837,0],"ix":2},"a":{"a":0,"k":[57.384,262.584,0],"ix":1},"s":{"a":0,"k":[51.6,51.6,100],"ix":6}},"ao":0,"shapes":[{"ty":"gr","it":[{"ind":0,"ty":"sh","ix":1,"ks":{"a":0,"k":{"i":[[0.859,0.125],[1.715,3.617],[-1.164,20.59],[-0.676,12.994],[-0.676,12.5],[-0.672,12.992],[-0.675,11.641],[0,2.023],[-0.672,11.641],[-0.676,12.868],[-1.226,20.71],[0.489,0.183],[1.222,0.86],[0.184,0],[0,0.855],[0.492,0.492],[1.531,3.619],[0,6.125],[-5.332,8.27],[-1.778,1.469],[-1.164,1.1],[-9.187,1.901],[-9.987,-25.794],[3.98,-10.414],[2.816,-3.067],[0.735,-0.859],[3.675,-1.899],[-0.246,-0.98],[-0.242,-6.25],[-0.675,-13.664],[-0.676,-15.133],[-0.672,-14.158],[-0.676,-15.132],[-0.672,-13.112],[0,-2.207],[-0.738,-13.479],[0.063,-8.579],[1.532,-2.392],[1.531,-1.043],[0,0],[0,0]],"o":[[-3.125,-0.612],[-1.285,-2.754],[0.489,-9.065],[0.672,-12.988],[0.676,-12.439],[0.676,-12.987],[0.672,-11.639],[0,-2.02],[0.675,-11.644],[3,-57.411],[0.918,-15.747],[-0.367,-0.125],[-1.227,-0.792],[-0.922,0],[0,-0.367],[-0.918,-1.102],[-1.777,-4.105],[0,-9.742],[1.715,-2.699],[0.859,-0.734],[5.453,-4.966],[28.246,-5.943],[3.98,10.417],[-2.024,5.269],[-0.922,0.98],[-2.328,2.695],[-1.29,0.614],[0.184,0.676],[0.188,6.25],[0.672,13.664],[0.675,15.195],[0.676,14.151],[0.672,15.197],[0.676,13.172],[0,2.207],[3.184,63.599],[0,8.882],[-0.859,1.346],[0,0],[0,0],[-20.523,0.061]],"v":[[-39.978,262.088],[-48.741,254.428],[-48.862,229.123],[-46.716,188.99],[-44.267,142.734],[-41.819,96.471],[-39.366,51.744],[-38.138,26.928],[-36.915,2.115],[-34.462,-42.431],[-29.44,-134.829],[-28.827,-157.068],[-31.704,-158.787],[-34.28,-160.256],[-47.944,-173.857],[-48.802,-175.513],[-53.763,-185.01],[-57.134,-204.248],[-48.862,-232.248],[-41.204,-241.502],[-37.53,-244.809],[-12.776,-256.391],[53.155,-222.079],[53.155,-185.439],[44.272,-170.302],[41.268,-166.994],[28.464,-157.193],[27.052,-155.049],[27.725,-142.486],[29.259,-106.338],[31.71,-53.951],[34.159,-0.641],[36.612,52.662],[39.061,104.131],[40.288,132.01],[41.513,160.502],[45.19,244.444],[43.595,256.148],[39.186,260.437],[36.302,262.213],[-1.073,262.273]],"c":true},"ix":2},"nm":"路径 1","mn":"ADBE Vector Shape - Group","hd":false},{"ty":"fl","c":{"a":0,"k":[1,1,1,1],"ix":4},"o":{"a":0,"k":100,"ix":5},"r":1,"bm":0,"nm":"填充 1","mn":"ADBE Vector Graphic - Fill","hd":false},{"ty":"tr","p":{"a":0,"k":[57.384,262.584],"ix":2},"a":{"a":0,"k":[0,0],"ix":1},"s":{"a":0,"k":[100,100],"ix":3},"r":{"a":0,"k":0,"ix":6},"o":{"a":0,"k":100,"ix":7},"sk":{"a":0,"k":0,"ix":4},"sa":{"a":0,"k":0,"ix":5},"nm":"变换"}],"nm":"组 1","np":2,"cix":2,"bm":0,"ix":1,"mn":"ADBE Vector Group","hd":false}],"ip":0,"op":67.9994020546336,"st":0,"bm":0}]},{"id":"comp_1","layers":[{"ddd":0,"ind":1,"ty":4,"nm":"cir_mb 18","parent":2,"sr":1,"ks":{"o":{"a":1,"k":[{"i":{"x":[0.833],"y":[0.833]},"o":{"x":[0.167],"y":[0.167]},"t":121.999,"s":[10]},{"t":127.998874455781,"s":[0]}],"ix":11},"r":{"a":0,"k":0,"ix":10},"p":{"a":0,"k":[25.5,-251.5,0],"ix":2},"a":{"a":0,"k":[25.5,-251.5,0],"ix":1},"s":{"a":0,"k":[100,100,100],"ix":6}},"ao":0,"shapes":[{"ty":"gr","it":[{"d":1,"ty":"el","s":{"a":0,"k":[608,608],"ix":2},"p":{"a":0,"k":[0,0],"ix":3},"nm":"椭圆路径 1","mn":"ADBE Vector Shape - Ellipse","hd":false},{"ty":"st","c":{"a":0,"k":[1,1,1,1],"ix":3},"o":{"a":0,"k":100,"ix":4},"w":{"a":0,"k":2,"ix":5},"lc":1,"lj":1,"ml":4,"bm":0,"nm":"描边 1","mn":"ADBE Vector Graphic - Stroke","hd":false},{"ty":"tr","p":{"a":0,"k":[24.5,-251.5],"ix":2},"a":{"a":0,"k":[0,0],"ix":1},"s":{"a":0,"k":[100,100],"ix":3},"r":{"a":0,"k":0,"ix":6},"o":{"a":0,"k":100,"ix":7},"sk":{"a":0,"k":0,"ix":4},"sa":{"a":0,"k":0,"ix":5},"nm":"变换"}],"nm":"椭圆 1","np":3,"cix":2,"bm":0,"ix":1,"mn":"ADBE Vector Group","hd":false}],"ip":90.9991998084067,"op":324.620457118894,"st":90.9991998084067,"bm":0},{"ddd":0,"ind":2,"ty":4,"nm":"cir 18","sr":1,"ks":{"o":{"a":1,"k":[{"i":{"x":[0.833],"y":[0.833]},"o":{"x":[0.167],"y":[0.167]},"t":121.999,"s":[7]},{"t":127.998874455781,"s":[0]}],"ix":11},"r":{"a":0,"k":0,"ix":10},"p":{"a":0,"k":[541,704,0],"ix":2},"a":{"a":0,"k":[25.5,-251.5,0],"ix":1},"s":{"a":1,"k":[{"i":{"x":[0.833,0.833,0.833],"y":[0.833,0.833,0.833]},"o":{"x":[0.167,0.167,0.167],"y":[0.167,0.167,0.167]},"t":90.999,"s":[80,80,100]},{"t":127.998874455781,"s":[177,177,100]}],"ix":6}},"ao":0,"shapes":[{"ty":"gr","it":[{"d":1,"ty":"el","s":{"a":0,"k":[608,608],"ix":2},"p":{"a":0,"k":[0,0],"ix":3},"nm":"椭圆路径 1","mn":"ADBE Vector Shape - Ellipse","hd":false},{"ty":"fl","c":{"a":0,"k":[1,1,1,1],"ix":4},"o":{"a":0,"k":100,"ix":5},"r":1,"bm":0,"nm":"填充 1","mn":"ADBE Vector Graphic - Fill","hd":false},{"ty":"tr","p":{"a":0,"k":[24.5,-251.5],"ix":2},"a":{"a":0,"k":[0,0],"ix":1},"s":{"a":0,"k":[100,100],"ix":3},"r":{"a":0,"k":0,"ix":6},"o":{"a":0,"k":100,"ix":7},"sk":{"a":0,"k":0,"ix":4},"sa":{"a":0,"k":0,"ix":5},"nm":"变换"}],"nm":"椭圆 1","np":3,"cix":2,"bm":0,"ix":1,"mn":"ADBE Vector Group","hd":false}],"ip":90.9991998084067,"op":324.620457118894,"st":90.9991998084067,"bm":0},{"ddd":0,"ind":3,"ty":4,"nm":"cir_mb 17","parent":4,"sr":1,"ks":{"o":{"a":1,"k":[{"i":{"x":[0.833],"y":[0.833]},"o":{"x":[0.167],"y":[0.167]},"t":115.999,"s":[10]},{"t":120.99893600898,"s":[0]}],"ix":11},"r":{"a":0,"k":0,"ix":10},"p":{"a":0,"k":[25.5,-251.5,0],"ix":2},"a":{"a":0,"k":[25.5,-251.5,0],"ix":1},"s":{"a":0,"k":[100,100,100],"ix":6}},"ao":0,"shapes":[{"ty":"gr","it":[{"d":1,"ty":"el","s":{"a":0,"k":[608,608],"ix":2},"p":{"a":0,"k":[0,0],"ix":3},"nm":"椭圆路径 1","mn":"ADBE Vector Shape - Ellipse","hd":false},{"ty":"st","c":{"a":0,"k":[1,1,1,1],"ix":3},"o":{"a":0,"k":100,"ix":4},"w":{"a":0,"k":2,"ix":5},"lc":1,"lj":1,"ml":4,"bm":0,"nm":"描边 1","mn":"ADBE Vector Graphic - Stroke","hd":false},{"ty":"tr","p":{"a":0,"k":[24.5,-251.5],"ix":2},"a":{"a":0,"k":[0,0],"ix":1},"s":{"a":0,"k":[100,100],"ix":3},"r":{"a":0,"k":0,"ix":6},"o":{"a":0,"k":100,"ix":7},"sk":{"a":0,"k":0,"ix":4},"sa":{"a":0,"k":0,"ix":5},"nm":"变换"}],"nm":"椭圆 1","np":3,"cix":2,"bm":0,"ix":1,"mn":"ADBE Vector Group","hd":false}],"ip":86.9992349816635,"op":320.620492292151,"st":86.9992349816635,"bm":0},{"ddd":0,"ind":4,"ty":4,"nm":"cir 17","sr":1,"ks":{"o":{"a":1,"k":[{"i":{"x":[0.833],"y":[0.833]},"o":{"x":[0.167],"y":[0.167]},"t":115.999,"s":[7]},{"t":120.99893600898,"s":[0]}],"ix":11},"r":{"a":0,"k":0,"ix":10},"p":{"a":0,"k":[541,704,0],"ix":2},"a":{"a":0,"k":[25.5,-251.5,0],"ix":1},"s":{"a":1,"k":[{"i":{"x":[0.833,0.833,0.833],"y":[0.833,0.833,0.833]},"o":{"x":[0.167,0.167,0.167],"y":[0.167,0.167,0.167]},"t":86.999,"s":[80,80,100]},{"t":120.99893600898,"s":[177,177,100]}],"ix":6}},"ao":0,"shapes":[{"ty":"gr","it":[{"d":1,"ty":"el","s":{"a":0,"k":[608,608],"ix":2},"p":{"a":0,"k":[0,0],"ix":3},"nm":"椭圆路径 1","mn":"ADBE Vector Shape - Ellipse","hd":false},{"ty":"fl","c":{"a":0,"k":[1,1,1,1],"ix":4},"o":{"a":0,"k":100,"ix":5},"r":1,"bm":0,"nm":"填充 1","mn":"ADBE Vector Graphic - Fill","hd":false},{"ty":"tr","p":{"a":0,"k":[24.5,-251.5],"ix":2},"a":{"a":0,"k":[0,0],"ix":1},"s":{"a":0,"k":[100,100],"ix":3},"r":{"a":0,"k":0,"ix":6},"o":{"a":0,"k":100,"ix":7},"sk":{"a":0,"k":0,"ix":4},"sa":{"a":0,"k":0,"ix":5},"nm":"变换"}],"nm":"椭圆 1","np":3,"cix":2,"bm":0,"ix":1,"mn":"ADBE Vector Group","hd":false}],"ip":86.9992349816635,"op":320.620492292151,"st":86.9992349816635,"bm":0},{"ddd":0,"ind":5,"ty":4,"nm":"cir_mb 16","parent":6,"sr":1,"ks":{"o":{"a":1,"k":[{"i":{"x":[0.833],"y":[0.833]},"o":{"x":[0.167],"y":[0.167]},"t":97.999,"s":[10]},{"t":106.999059115379,"s":[0]}],"ix":11},"r":{"a":0,"k":0,"ix":10},"p":{"a":0,"k":[25.5,-251.5,0],"ix":2},"a":{"a":0,"k":[25.5,-251.5,0],"ix":1},"s":{"a":0,"k":[100,100,100],"ix":6}},"ao":0,"shapes":[{"ty":"gr","it":[{"d":1,"ty":"el","s":{"a":0,"k":[608,608],"ix":2},"p":{"a":0,"k":[0,0],"ix":3},"nm":"椭圆路径 1","mn":"ADBE Vector Shape - Ellipse","hd":false},{"ty":"st","c":{"a":0,"k":[1,1,1,1],"ix":3},"o":{"a":0,"k":100,"ix":4},"w":{"a":0,"k":2,"ix":5},"lc":1,"lj":1,"ml":4,"bm":0,"nm":"描边 1","mn":"ADBE Vector Graphic - Stroke","hd":false},{"ty":"tr","p":{"a":0,"k":[24.5,-251.5],"ix":2},"a":{"a":0,"k":[0,0],"ix":1},"s":{"a":0,"k":[100,100],"ix":3},"r":{"a":0,"k":0,"ix":6},"o":{"a":0,"k":100,"ix":7},"sk":{"a":0,"k":0,"ix":4},"sa":{"a":0,"k":0,"ix":5},"nm":"变换"}],"nm":"椭圆 1","np":3,"cix":2,"bm":0,"ix":1,"mn":"ADBE Vector Group","hd":false}],"ip":71.9993668813767,"op":305.620624191865,"st":71.9993668813767,"bm":0},{"ddd":0,"ind":6,"ty":4,"nm":"cir 16","sr":1,"ks":{"o":{"a":1,"k":[{"i":{"x":[0.833],"y":[0.833]},"o":{"x":[0.167],"y":[0.167]},"t":97.999,"s":[7]},{"t":106.999059115379,"s":[0]}],"ix":11},"r":{"a":0,"k":0,"ix":10},"p":{"a":0,"k":[541,704,0],"ix":2},"a":{"a":0,"k":[25.5,-251.5,0],"ix":1},"s":{"a":1,"k":[{"i":{"x":[0.833,0.833,0.833],"y":[0.833,0.833,0.833]},"o":{"x":[0.167,0.167,0.167],"y":[0.167,0.167,0.167]},"t":71.999,"s":[80,80,100]},{"t":106.999059115379,"s":[177,177,100]}],"ix":6}},"ao":0,"shapes":[{"ty":"gr","it":[{"d":1,"ty":"el","s":{"a":0,"k":[608,608],"ix":2},"p":{"a":0,"k":[0,0],"ix":3},"nm":"椭圆路径 1","mn":"ADBE Vector Shape - Ellipse","hd":false},{"ty":"fl","c":{"a":0,"k":[1,1,1,1],"ix":4},"o":{"a":0,"k":100,"ix":5},"r":1,"bm":0,"nm":"填充 1","mn":"ADBE Vector Graphic - Fill","hd":false},{"ty":"tr","p":{"a":0,"k":[24.5,-251.5],"ix":2},"a":{"a":0,"k":[0,0],"ix":1},"s":{"a":0,"k":[100,100],"ix":3},"r":{"a":0,"k":0,"ix":6},"o":{"a":0,"k":100,"ix":7},"sk":{"a":0,"k":0,"ix":4},"sa":{"a":0,"k":0,"ix":5},"nm":"变换"}],"nm":"椭圆 1","np":3,"cix":2,"bm":0,"ix":1,"mn":"ADBE Vector Group","hd":false}],"ip":71.9993668813767,"op":305.620624191865,"st":71.9993668813767,"bm":0},{"ddd":0,"ind":7,"ty":4,"nm":"cir_mb 15","parent":8,"sr":1,"ks":{"o":{"a":1,"k":[{"i":{"x":[0.833],"y":[0.833]},"o":{"x":[0.167],"y":[0.167]},"t":80.999,"s":[10]},{"t":89.9992086017209,"s":[0]}],"ix":11},"r":{"a":0,"k":0,"ix":10},"p":{"a":0,"k":[25.5,-251.5,0],"ix":2},"a":{"a":0,"k":[25.5,-251.5,0],"ix":1},"s":{"a":0,"k":[100,100,100],"ix":6}},"ao":0,"shapes":[{"ty":"gr","it":[{"d":1,"ty":"el","s":{"a":0,"k":[608,608],"ix":2},"p":{"a":0,"k":[0,0],"ix":3},"nm":"椭圆路径 1","mn":"ADBE Vector Shape - Ellipse","hd":false},{"ty":"st","c":{"a":0,"k":[1,1,1,1],"ix":3},"o":{"a":0,"k":100,"ix":4},"w":{"a":0,"k":2,"ix":5},"lc":1,"lj":1,"ml":4,"bm":0,"nm":"描边 1","mn":"ADBE Vector Graphic - Stroke","hd":false},{"ty":"tr","p":{"a":0,"k":[24.5,-251.5],"ix":2},"a":{"a":0,"k":[0,0],"ix":1},"s":{"a":0,"k":[100,100],"ix":3},"r":{"a":0,"k":0,"ix":6},"o":{"a":0,"k":100,"ix":7},"sk":{"a":0,"k":0,"ix":4},"sa":{"a":0,"k":0,"ix":5},"nm":"变换"}],"nm":"椭圆 1","np":3,"cix":2,"bm":0,"ix":1,"mn":"ADBE Vector Group","hd":false}],"ip":68.9993932613193,"op":302.620650571807,"st":68.9993932613193,"bm":0},{"ddd":0,"ind":8,"ty":4,"nm":"cir 15","sr":1,"ks":{"o":{"a":1,"k":[{"i":{"x":[0.833],"y":[0.833]},"o":{"x":[0.167],"y":[0.167]},"t":80.999,"s":[7]},{"t":89.9992086017209,"s":[0]}],"ix":11},"r":{"a":0,"k":0,"ix":10},"p":{"a":0,"k":[541,704,0],"ix":2},"a":{"a":0,"k":[25.5,-251.5,0],"ix":1},"s":{"a":1,"k":[{"i":{"x":[0.833,0.833,0.833],"y":[0.833,0.833,0.833]},"o":{"x":[0.167,0.167,0.167],"y":[0.167,0.167,0.167]},"t":68.999,"s":[80,80,100]},{"t":89.9992086017209,"s":[177,177,100]}],"ix":6}},"ao":0,"shapes":[{"ty":"gr","it":[{"d":1,"ty":"el","s":{"a":0,"k":[608,608],"ix":2},"p":{"a":0,"k":[0,0],"ix":3},"nm":"椭圆路径 1","mn":"ADBE Vector Shape - Ellipse","hd":false},{"ty":"fl","c":{"a":0,"k":[1,1,1,1],"ix":4},"o":{"a":0,"k":100,"ix":5},"r":1,"bm":0,"nm":"填充 1","mn":"ADBE Vector Graphic - Fill","hd":false},{"ty":"tr","p":{"a":0,"k":[24.5,-251.5],"ix":2},"a":{"a":0,"k":[0,0],"ix":1},"s":{"a":0,"k":[100,100],"ix":3},"r":{"a":0,"k":0,"ix":6},"o":{"a":0,"k":100,"ix":7},"sk":{"a":0,"k":0,"ix":4},"sa":{"a":0,"k":0,"ix":5},"nm":"变换"}],"nm":"椭圆 1","np":3,"cix":2,"bm":0,"ix":1,"mn":"ADBE Vector Group","hd":false}],"ip":68.9993932613193,"op":302.620650571807,"st":68.9993932613193,"bm":0},{"ddd":0,"ind":9,"ty":4,"nm":"cir_mb 14","parent":10,"sr":1,"ks":{"o":{"a":1,"k":[{"i":{"x":[0.833],"y":[0.833]},"o":{"x":[0.167],"y":[0.167]},"t":89.999,"s":[10]},{"t":98.999129461893,"s":[0]}],"ix":11},"r":{"a":0,"k":0,"ix":10},"p":{"a":0,"k":[25.5,-251.5,0],"ix":2},"a":{"a":0,"k":[25.5,-251.5,0],"ix":1},"s":{"a":0,"k":[100,100,100],"ix":6}},"ao":0,"shapes":[{"ty":"gr","it":[{"d":1,"ty":"el","s":{"a":0,"k":[608,608],"ix":2},"p":{"a":0,"k":[0,0],"ix":3},"nm":"椭圆路径 1","mn":"ADBE Vector Shape - Ellipse","hd":false},{"ty":"st","c":{"a":0,"k":[1,1,1,1],"ix":3},"o":{"a":0,"k":100,"ix":4},"w":{"a":0,"k":2,"ix":5},"lc":1,"lj":1,"ml":4,"bm":0,"nm":"描边 1","mn":"ADBE Vector Graphic - Stroke","hd":false},{"ty":"tr","p":{"a":0,"k":[24.5,-251.5],"ix":2},"a":{"a":0,"k":[0,0],"ix":1},"s":{"a":0,"k":[100,100],"ix":3},"r":{"a":0,"k":0,"ix":6},"o":{"a":0,"k":100,"ix":7},"sk":{"a":0,"k":0,"ix":4},"sa":{"a":0,"k":0,"ix":5},"nm":"变换"}],"nm":"椭圆 1","np":3,"cix":2,"bm":0,"ix":1,"mn":"ADBE Vector Group","hd":false}],"ip":57.9994899877757,"op":291.620747298263,"st":57.9994899877757,"bm":0},{"ddd":0,"ind":10,"ty":4,"nm":"cir 14","sr":1,"ks":{"o":{"a":1,"k":[{"i":{"x":[0.833],"y":[0.833]},"o":{"x":[0.167],"y":[0.167]},"t":89.999,"s":[7]},{"t":98.999129461893,"s":[0]}],"ix":11},"r":{"a":0,"k":0,"ix":10},"p":{"a":0,"k":[541,704,0],"ix":2},"a":{"a":0,"k":[25.5,-251.5,0],"ix":1},"s":{"a":1,"k":[{"i":{"x":[0.833,0.833,0.833],"y":[0.833,0.833,0.833]},"o":{"x":[0.167,0.167,0.167],"y":[0.167,0.167,0.167]},"t":57.999,"s":[80,80,100]},{"t":98.999129461893,"s":[177,177,100]}],"ix":6}},"ao":0,"shapes":[{"ty":"gr","it":[{"d":1,"ty":"el","s":{"a":0,"k":[608,608],"ix":2},"p":{"a":0,"k":[0,0],"ix":3},"nm":"椭圆路径 1","mn":"ADBE Vector Shape - Ellipse","hd":false},{"ty":"fl","c":{"a":0,"k":[1,1,1,1],"ix":4},"o":{"a":0,"k":100,"ix":5},"r":1,"bm":0,"nm":"填充 1","mn":"ADBE Vector Graphic - Fill","hd":false},{"ty":"tr","p":{"a":0,"k":[24.5,-251.5],"ix":2},"a":{"a":0,"k":[0,0],"ix":1},"s":{"a":0,"k":[100,100],"ix":3},"r":{"a":0,"k":0,"ix":6},"o":{"a":0,"k":100,"ix":7},"sk":{"a":0,"k":0,"ix":4},"sa":{"a":0,"k":0,"ix":5},"nm":"变换"}],"nm":"椭圆 1","np":3,"cix":2,"bm":0,"ix":1,"mn":"ADBE Vector Group","hd":false}],"ip":57.9994899877757,"op":291.620747298263,"st":57.9994899877757,"bm":0},{"ddd":0,"ind":11,"ty":4,"nm":"cir_mb 13","parent":12,"sr":1,"ks":{"o":{"a":1,"k":[{"i":{"x":[0.833],"y":[0.833]},"o":{"x":[0.167],"y":[0.167]},"t":64.999,"s":[10]},{"t":73.9993492947483,"s":[0]}],"ix":11},"r":{"a":0,"k":0,"ix":10},"p":{"a":0,"k":[25.5,-251.5,0],"ix":2},"a":{"a":0,"k":[25.5,-251.5,0],"ix":1},"s":{"a":0,"k":[100,100,100],"ix":6}},"ao":0,"shapes":[{"ty":"gr","it":[{"d":1,"ty":"el","s":{"a":0,"k":[608,608],"ix":2},"p":{"a":0,"k":[0,0],"ix":3},"nm":"椭圆路径 1","mn":"ADBE Vector Shape - Ellipse","hd":false},{"ty":"st","c":{"a":0,"k":[1,1,1,1],"ix":3},"o":{"a":0,"k":100,"ix":4},"w":{"a":0,"k":2,"ix":5},"lc":1,"lj":1,"ml":4,"bm":0,"nm":"描边 1","mn":"ADBE Vector Graphic - Stroke","hd":false},{"ty":"tr","p":{"a":0,"k":[24.5,-251.5],"ix":2},"a":{"a":0,"k":[0,0],"ix":1},"s":{"a":0,"k":[100,100],"ix":3},"r":{"a":0,"k":0,"ix":6},"o":{"a":0,"k":100,"ix":7},"sk":{"a":0,"k":0,"ix":4},"sa":{"a":0,"k":0,"ix":5},"nm":"变换"}],"nm":"椭圆 1","np":3,"cix":2,"bm":0,"ix":1,"mn":"ADBE Vector Group","hd":false}],"ip":55.9995075744041,"op":289.620764884892,"st":55.9995075744041,"bm":0},{"ddd":0,"ind":12,"ty":4,"nm":"cir 13","sr":1,"ks":{"o":{"a":1,"k":[{"i":{"x":[0.833],"y":[0.833]},"o":{"x":[0.167],"y":[0.167]},"t":64.999,"s":[7]},{"t":73.9993492947483,"s":[0]}],"ix":11},"r":{"a":0,"k":0,"ix":10},"p":{"a":0,"k":[541,704,0],"ix":2},"a":{"a":0,"k":[25.5,-251.5,0],"ix":1},"s":{"a":1,"k":[{"i":{"x":[0.833,0.833,0.833],"y":[0.833,0.833,0.833]},"o":{"x":[0.167,0.167,0.167],"y":[0.167,0.167,0.167]},"t":56,"s":[86,86,100]},{"t":73.9993492947483,"s":[177,177,100]}],"ix":6}},"ao":0,"shapes":[{"ty":"gr","it":[{"d":1,"ty":"el","s":{"a":0,"k":[608,608],"ix":2},"p":{"a":0,"k":[0,0],"ix":3},"nm":"椭圆路径 1","mn":"ADBE Vector Shape - Ellipse","hd":false},{"ty":"fl","c":{"a":0,"k":[1,1,1,1],"ix":4},"o":{"a":0,"k":100,"ix":5},"r":1,"bm":0,"nm":"填充 1","mn":"ADBE Vector Graphic - Fill","hd":false},{"ty":"tr","p":{"a":0,"k":[24.5,-251.5],"ix":2},"a":{"a":0,"k":[0,0],"ix":1},"s":{"a":0,"k":[100,100],"ix":3},"r":{"a":0,"k":0,"ix":6},"o":{"a":0,"k":100,"ix":7},"sk":{"a":0,"k":0,"ix":4},"sa":{"a":0,"k":0,"ix":5},"nm":"变换"}],"nm":"椭圆 1","np":3,"cix":2,"bm":0,"ix":1,"mn":"ADBE Vector Group","hd":false}],"ip":55.9995075744041,"op":289.620764884892,"st":55.9995075744041,"bm":0},{"ddd":0,"ind":13,"ty":4,"nm":"cir_mb 12","parent":14,"sr":1,"ks":{"o":{"a":1,"k":[{"i":{"x":[0.833],"y":[0.833]},"o":{"x":[0.167],"y":[0.167]},"t":65.999,"s":[10]},{"t":71.9993668813767,"s":[0]}],"ix":11},"r":{"a":0,"k":0,"ix":10},"p":{"a":0,"k":[25.5,-251.5,0],"ix":2},"a":{"a":0,"k":[25.5,-251.5,0],"ix":1},"s":{"a":0,"k":[100,100,100],"ix":6}},"ao":0,"shapes":[{"ty":"gr","it":[{"d":1,"ty":"el","s":{"a":0,"k":[608,608],"ix":2},"p":{"a":0,"k":[0,0],"ix":3},"nm":"椭圆路径 1","mn":"ADBE Vector Shape - Ellipse","hd":false},{"ty":"st","c":{"a":0,"k":[1,1,1,1],"ix":3},"o":{"a":0,"k":100,"ix":4},"w":{"a":0,"k":2,"ix":5},"lc":1,"lj":1,"ml":4,"bm":0,"nm":"描边 1","mn":"ADBE Vector Graphic - Stroke","hd":false},{"ty":"tr","p":{"a":0,"k":[24.5,-251.5],"ix":2},"a":{"a":0,"k":[0,0],"ix":1},"s":{"a":0,"k":[100,100],"ix":3},"r":{"a":0,"k":0,"ix":6},"o":{"a":0,"k":100,"ix":7},"sk":{"a":0,"k":0,"ix":4},"sa":{"a":0,"k":0,"ix":5},"nm":"变换"}],"nm":"椭圆 1","np":3,"cix":2,"bm":0,"ix":1,"mn":"ADBE Vector Group","hd":false}],"ip":34.9996922340026,"op":268.62094954449,"st":34.9996922340026,"bm":0},{"ddd":0,"ind":14,"ty":4,"nm":"cir 12","sr":1,"ks":{"o":{"a":1,"k":[{"i":{"x":[0.833],"y":[0.833]},"o":{"x":[0.167],"y":[0.167]},"t":65.999,"s":[7]},{"t":71.9993668813767,"s":[0]}],"ix":11},"r":{"a":0,"k":0,"ix":10},"p":{"a":0,"k":[541,704,0],"ix":2},"a":{"a":0,"k":[25.5,-251.5,0],"ix":1},"s":{"a":1,"k":[{"i":{"x":[0.833,0.833,0.833],"y":[0.833,0.833,0.833]},"o":{"x":[0.167,0.167,0.167],"y":[0.167,0.167,0.167]},"t":35,"s":[80,80,100]},{"t":71.9993668813767,"s":[177,177,100]}],"ix":6}},"ao":0,"shapes":[{"ty":"gr","it":[{"d":1,"ty":"el","s":{"a":0,"k":[608,608],"ix":2},"p":{"a":0,"k":[0,0],"ix":3},"nm":"椭圆路径 1","mn":"ADBE Vector Shape - Ellipse","hd":false},{"ty":"fl","c":{"a":0,"k":[1,1,1,1],"ix":4},"o":{"a":0,"k":100,"ix":5},"r":1,"bm":0,"nm":"填充 1","mn":"ADBE Vector Graphic - Fill","hd":false},{"ty":"tr","p":{"a":0,"k":[24.5,-251.5],"ix":2},"a":{"a":0,"k":[0,0],"ix":1},"s":{"a":0,"k":[100,100],"ix":3},"r":{"a":0,"k":0,"ix":6},"o":{"a":0,"k":100,"ix":7},"sk":{"a":0,"k":0,"ix":4},"sa":{"a":0,"k":0,"ix":5},"nm":"变换"}],"nm":"椭圆 1","np":3,"cix":2,"bm":0,"ix":1,"mn":"ADBE Vector Group","hd":false}],"ip":34.9996922340026,"op":268.62094954449,"st":34.9996922340026,"bm":0},{"ddd":0,"ind":15,"ty":4,"nm":"cir_mb 11","parent":16,"sr":1,"ks":{"o":{"a":1,"k":[{"i":{"x":[0.833],"y":[0.833]},"o":{"x":[0.167],"y":[0.167]},"t":59.999,"s":[10]},{"t":64.9994284345762,"s":[0]}],"ix":11},"r":{"a":0,"k":0,"ix":10},"p":{"a":0,"k":[25.5,-251.5,0],"ix":2},"a":{"a":0,"k":[25.5,-251.5,0],"ix":1},"s":{"a":0,"k":[100,100,100],"ix":6}},"ao":0,"shapes":[{"ty":"gr","it":[{"d":1,"ty":"el","s":{"a":0,"k":[608,608],"ix":2},"p":{"a":0,"k":[0,0],"ix":3},"nm":"椭圆路径 1","mn":"ADBE Vector Shape - Ellipse","hd":false},{"ty":"st","c":{"a":0,"k":[1,1,1,1],"ix":3},"o":{"a":0,"k":100,"ix":4},"w":{"a":0,"k":2,"ix":5},"lc":1,"lj":1,"ml":4,"bm":0,"nm":"描边 1","mn":"ADBE Vector Graphic - Stroke","hd":false},{"ty":"tr","p":{"a":0,"k":[24.5,-251.5],"ix":2},"a":{"a":0,"k":[0,0],"ix":1},"s":{"a":0,"k":[100,100],"ix":3},"r":{"a":0,"k":0,"ix":6},"o":{"a":0,"k":100,"ix":7},"sk":{"a":0,"k":0,"ix":4},"sa":{"a":0,"k":0,"ix":5},"nm":"变换"}],"nm":"椭圆 1","np":3,"cix":2,"bm":0,"ix":1,"mn":"ADBE Vector Group","hd":false}],"ip":30.9997274072594,"op":264.620984717747,"st":30.9997274072594,"bm":0},{"ddd":0,"ind":16,"ty":4,"nm":"cir 11","sr":1,"ks":{"o":{"a":1,"k":[{"i":{"x":[0.833],"y":[0.833]},"o":{"x":[0.167],"y":[0.167]},"t":59.999,"s":[7]},{"t":64.9994284345762,"s":[0]}],"ix":11},"r":{"a":0,"k":0,"ix":10},"p":{"a":0,"k":[541,704,0],"ix":2},"a":{"a":0,"k":[25.5,-251.5,0],"ix":1},"s":{"a":1,"k":[{"i":{"x":[0.833,0.833,0.833],"y":[0.833,0.833,0.833]},"o":{"x":[0.167,0.167,0.167],"y":[0.167,0.167,0.167]},"t":31,"s":[80,80,100]},{"t":64.9994284345762,"s":[177,177,100]}],"ix":6}},"ao":0,"shapes":[{"ty":"gr","it":[{"d":1,"ty":"el","s":{"a":0,"k":[608,608],"ix":2},"p":{"a":0,"k":[0,0],"ix":3},"nm":"椭圆路径 1","mn":"ADBE Vector Shape - Ellipse","hd":false},{"ty":"fl","c":{"a":0,"k":[1,1,1,1],"ix":4},"o":{"a":0,"k":100,"ix":5},"r":1,"bm":0,"nm":"填充 1","mn":"ADBE Vector Graphic - Fill","hd":false},{"ty":"tr","p":{"a":0,"k":[24.5,-251.5],"ix":2},"a":{"a":0,"k":[0,0],"ix":1},"s":{"a":0,"k":[100,100],"ix":3},"r":{"a":0,"k":0,"ix":6},"o":{"a":0,"k":100,"ix":7},"sk":{"a":0,"k":0,"ix":4},"sa":{"a":0,"k":0,"ix":5},"nm":"变换"}],"nm":"椭圆 1","np":3,"cix":2,"bm":0,"ix":1,"mn":"ADBE Vector Group","hd":false}],"ip":30.9997274072594,"op":264.620984717747,"st":30.9997274072594,"bm":0},{"ddd":0,"ind":17,"ty":4,"nm":"cir_mb 10","parent":18,"sr":1,"ks":{"o":{"a":1,"k":[{"i":{"x":[0.833],"y":[0.833]},"o":{"x":[0.167],"y":[0.167]},"t":42,"s":[10]},{"t":50.9995515409752,"s":[0]}],"ix":11},"r":{"a":0,"k":0,"ix":10},"p":{"a":0,"k":[25.5,-251.5,0],"ix":2},"a":{"a":0,"k":[25.5,-251.5,0],"ix":1},"s":{"a":0,"k":[100,100,100],"ix":6}},"ao":0,"shapes":[{"ty":"gr","it":[{"d":1,"ty":"el","s":{"a":0,"k":[608,608],"ix":2},"p":{"a":0,"k":[0,0],"ix":3},"nm":"椭圆路径 1","mn":"ADBE Vector Shape - Ellipse","hd":false},{"ty":"st","c":{"a":0,"k":[1,1,1,1],"ix":3},"o":{"a":0,"k":100,"ix":4},"w":{"a":0,"k":2,"ix":5},"lc":1,"lj":1,"ml":4,"bm":0,"nm":"描边 1","mn":"ADBE Vector Graphic - Stroke","hd":false},{"ty":"tr","p":{"a":0,"k":[24.5,-251.5],"ix":2},"a":{"a":0,"k":[0,0],"ix":1},"s":{"a":0,"k":[100,100],"ix":3},"r":{"a":0,"k":0,"ix":6},"o":{"a":0,"k":100,"ix":7},"sk":{"a":0,"k":0,"ix":4},"sa":{"a":0,"k":0,"ix":5},"nm":"变换"}],"nm":"椭圆 1","np":3,"cix":2,"bm":0,"ix":1,"mn":"ADBE Vector Group","hd":false}],"ip":15.9998593069726,"op":249.62111661746,"st":15.9998593069726,"bm":0},{"ddd":0,"ind":18,"ty":4,"nm":"cir 10","sr":1,"ks":{"o":{"a":1,"k":[{"i":{"x":[0.833],"y":[0.833]},"o":{"x":[0.167],"y":[0.167]},"t":42,"s":[7]},{"t":50.9995515409752,"s":[0]}],"ix":11},"r":{"a":0,"k":0,"ix":10},"p":{"a":0,"k":[541,704,0],"ix":2},"a":{"a":0,"k":[25.5,-251.5,0],"ix":1},"s":{"a":1,"k":[{"i":{"x":[0.833,0.833,0.833],"y":[0.833,0.833,0.833]},"o":{"x":[0.167,0.167,0.167],"y":[0.167,0.167,0.167]},"t":16,"s":[80,80,100]},{"t":50.9995515409752,"s":[177,177,100]}],"ix":6}},"ao":0,"shapes":[{"ty":"gr","it":[{"d":1,"ty":"el","s":{"a":0,"k":[608,608],"ix":2},"p":{"a":0,"k":[0,0],"ix":3},"nm":"椭圆路径 1","mn":"ADBE Vector Shape - Ellipse","hd":false},{"ty":"fl","c":{"a":0,"k":[1,1,1,1],"ix":4},"o":{"a":0,"k":100,"ix":5},"r":1,"bm":0,"nm":"填充 1","mn":"ADBE Vector Graphic - Fill","hd":false},{"ty":"tr","p":{"a":0,"k":[24.5,-251.5],"ix":2},"a":{"a":0,"k":[0,0],"ix":1},"s":{"a":0,"k":[100,100],"ix":3},"r":{"a":0,"k":0,"ix":6},"o":{"a":0,"k":100,"ix":7},"sk":{"a":0,"k":0,"ix":4},"sa":{"a":0,"k":0,"ix":5},"nm":"变换"}],"nm":"椭圆 1","np":3,"cix":2,"bm":0,"ix":1,"mn":"ADBE Vector Group","hd":false}],"ip":15.9998593069726,"op":249.62111661746,"st":15.9998593069726,"bm":0},{"ddd":0,"ind":19,"ty":4,"nm":"cir_mb 9","parent":20,"sr":1,"ks":{"o":{"a":1,"k":[{"i":{"x":[0.833],"y":[0.833]},"o":{"x":[0.167],"y":[0.167]},"t":25,"s":[10]},{"t":33.9997010273168,"s":[0]}],"ix":11},"r":{"a":0,"k":0,"ix":10},"p":{"a":0,"k":[25.5,-251.5,0],"ix":2},"a":{"a":0,"k":[25.5,-251.5,0],"ix":1},"s":{"a":0,"k":[100,100,100],"ix":6}},"ao":0,"shapes":[{"ty":"gr","it":[{"d":1,"ty":"el","s":{"a":0,"k":[608,608],"ix":2},"p":{"a":0,"k":[0,0],"ix":3},"nm":"椭圆路径 1","mn":"ADBE Vector Shape - Ellipse","hd":false},{"ty":"st","c":{"a":0,"k":[1,1,1,1],"ix":3},"o":{"a":0,"k":100,"ix":4},"w":{"a":0,"k":2,"ix":5},"lc":1,"lj":1,"ml":4,"bm":0,"nm":"描边 1","mn":"ADBE Vector Graphic - Stroke","hd":false},{"ty":"tr","p":{"a":0,"k":[24.5,-251.5],"ix":2},"a":{"a":0,"k":[0,0],"ix":1},"s":{"a":0,"k":[100,100],"ix":3},"r":{"a":0,"k":0,"ix":6},"o":{"a":0,"k":100,"ix":7},"sk":{"a":0,"k":0,"ix":4},"sa":{"a":0,"k":0,"ix":5},"nm":"变换"}],"nm":"椭圆 1","np":3,"cix":2,"bm":0,"ix":1,"mn":"ADBE Vector Group","hd":false}],"ip":12.9998856869152,"op":246.621142997403,"st":12.9998856869152,"bm":0},{"ddd":0,"ind":20,"ty":4,"nm":"cir 9","sr":1,"ks":{"o":{"a":1,"k":[{"i":{"x":[0.833],"y":[0.833]},"o":{"x":[0.167],"y":[0.167]},"t":25,"s":[7]},{"t":33.9997010273168,"s":[0]}],"ix":11},"r":{"a":0,"k":0,"ix":10},"p":{"a":0,"k":[541,704,0],"ix":2},"a":{"a":0,"k":[25.5,-251.5,0],"ix":1},"s":{"a":1,"k":[{"i":{"x":[0.833,0.833,0.833],"y":[0.833,0.833,0.833]},"o":{"x":[0.167,0.167,0.167],"y":[0.167,0.167,0.167]},"t":13,"s":[80,80,100]},{"t":33.9997010273168,"s":[177,177,100]}],"ix":6}},"ao":0,"shapes":[{"ty":"gr","it":[{"d":1,"ty":"el","s":{"a":0,"k":[608,608],"ix":2},"p":{"a":0,"k":[0,0],"ix":3},"nm":"椭圆路径 1","mn":"ADBE Vector Shape - Ellipse","hd":false},{"ty":"fl","c":{"a":0,"k":[1,1,1,1],"ix":4},"o":{"a":0,"k":100,"ix":5},"r":1,"bm":0,"nm":"填充 1","mn":"ADBE Vector Graphic - Fill","hd":false},{"ty":"tr","p":{"a":0,"k":[24.5,-251.5],"ix":2},"a":{"a":0,"k":[0,0],"ix":1},"s":{"a":0,"k":[100,100],"ix":3},"r":{"a":0,"k":0,"ix":6},"o":{"a":0,"k":100,"ix":7},"sk":{"a":0,"k":0,"ix":4},"sa":{"a":0,"k":0,"ix":5},"nm":"变换"}],"nm":"椭圆 1","np":3,"cix":2,"bm":0,"ix":1,"mn":"ADBE Vector Group","hd":false}],"ip":12.9998856869152,"op":246.621142997403,"st":12.9998856869152,"bm":0},{"ddd":0,"ind":21,"ty":4,"nm":"cir_mb 8","parent":22,"sr":1,"ks":{"o":{"a":1,"k":[{"i":{"x":[0.833],"y":[0.833]},"o":{"x":[0.167],"y":[0.167]},"t":34,"s":[10]},{"t":42.9996218874889,"s":[0]}],"ix":11},"r":{"a":0,"k":0,"ix":10},"p":{"a":0,"k":[25.5,-251.5,0],"ix":2},"a":{"a":0,"k":[25.5,-251.5,0],"ix":1},"s":{"a":0,"k":[100,100,100],"ix":6}},"ao":0,"shapes":[{"ty":"gr","it":[{"d":1,"ty":"el","s":{"a":0,"k":[608,608],"ix":2},"p":{"a":0,"k":[0,0],"ix":3},"nm":"椭圆路径 1","mn":"ADBE Vector Shape - Ellipse","hd":false},{"ty":"st","c":{"a":0,"k":[1,1,1,1],"ix":3},"o":{"a":0,"k":100,"ix":4},"w":{"a":0,"k":2,"ix":5},"lc":1,"lj":1,"ml":4,"bm":0,"nm":"描边 1","mn":"ADBE Vector Graphic - Stroke","hd":false},{"ty":"tr","p":{"a":0,"k":[24.5,-251.5],"ix":2},"a":{"a":0,"k":[0,0],"ix":1},"s":{"a":0,"k":[100,100],"ix":3},"r":{"a":0,"k":0,"ix":6},"o":{"a":0,"k":100,"ix":7},"sk":{"a":0,"k":0,"ix":4},"sa":{"a":0,"k":0,"ix":5},"nm":"变换"}],"nm":"椭圆 1","np":3,"cix":2,"bm":0,"ix":1,"mn":"ADBE Vector Group","hd":false}],"ip":1.99998241337158,"op":235.621239723859,"st":1.99998241337158,"bm":0},{"ddd":0,"ind":22,"ty":4,"nm":"cir 8","sr":1,"ks":{"o":{"a":1,"k":[{"i":{"x":[0.833],"y":[0.833]},"o":{"x":[0.167],"y":[0.167]},"t":34,"s":[7]},{"t":42.9996218874889,"s":[0]}],"ix":11},"r":{"a":0,"k":0,"ix":10},"p":{"a":0,"k":[541,704,0],"ix":2},"a":{"a":0,"k":[25.5,-251.5,0],"ix":1},"s":{"a":1,"k":[{"i":{"x":[0.833,0.833,0.833],"y":[0.833,0.833,0.833]},"o":{"x":[0.167,0.167,0.167],"y":[0.167,0.167,0.167]},"t":2,"s":[80,80,100]},{"t":42.9996218874889,"s":[177,177,100]}],"ix":6}},"ao":0,"shapes":[{"ty":"gr","it":[{"d":1,"ty":"el","s":{"a":0,"k":[608,608],"ix":2},"p":{"a":0,"k":[0,0],"ix":3},"nm":"椭圆路径 1","mn":"ADBE Vector Shape - Ellipse","hd":false},{"ty":"fl","c":{"a":0,"k":[1,1,1,1],"ix":4},"o":{"a":0,"k":100,"ix":5},"r":1,"bm":0,"nm":"填充 1","mn":"ADBE Vector Graphic - Fill","hd":false},{"ty":"tr","p":{"a":0,"k":[24.5,-251.5],"ix":2},"a":{"a":0,"k":[0,0],"ix":1},"s":{"a":0,"k":[100,100],"ix":3},"r":{"a":0,"k":0,"ix":6},"o":{"a":0,"k":100,"ix":7},"sk":{"a":0,"k":0,"ix":4},"sa":{"a":0,"k":0,"ix":5},"nm":"变换"}],"nm":"椭圆 1","np":3,"cix":2,"bm":0,"ix":1,"mn":"ADBE Vector Group","hd":false}],"ip":1.99998241337158,"op":235.621239723859,"st":1.99998241337158,"bm":0},{"ddd":0,"ind":23,"ty":4,"nm":"cir_mb 7","parent":24,"sr":1,"ks":{"o":{"a":1,"k":[{"i":{"x":[0.833],"y":[0.833]},"o":{"x":[0.167],"y":[0.167]},"t":9,"s":[10]},{"t":17.9998417203442,"s":[0]}],"ix":11},"r":{"a":0,"k":0,"ix":10},"p":{"a":0,"k":[25.5,-251.5,0],"ix":2},"a":{"a":0,"k":[25.5,-251.5,0],"ix":1},"s":{"a":0,"k":[100,100,100],"ix":6}},"ao":0,"shapes":[{"ty":"gr","it":[{"d":1,"ty":"el","s":{"a":0,"k":[608,608],"ix":2},"p":{"a":0,"k":[0,0],"ix":3},"nm":"椭圆路径 1","mn":"ADBE Vector Shape - Ellipse","hd":false},{"ty":"st","c":{"a":0,"k":[1,1,1,1],"ix":3},"o":{"a":0,"k":100,"ix":4},"w":{"a":0,"k":2,"ix":5},"lc":1,"lj":1,"ml":4,"bm":0,"nm":"描边 1","mn":"ADBE Vector Graphic - Stroke","hd":false},{"ty":"tr","p":{"a":0,"k":[24.5,-251.5],"ix":2},"a":{"a":0,"k":[0,0],"ix":1},"s":{"a":0,"k":[100,100],"ix":3},"r":{"a":0,"k":0,"ix":6},"o":{"a":0,"k":100,"ix":7},"sk":{"a":0,"k":0,"ix":4},"sa":{"a":0,"k":0,"ix":5},"nm":"变换"}],"nm":"椭圆 1","np":3,"cix":2,"bm":0,"ix":1,"mn":"ADBE Vector Group","hd":false}],"ip":0,"op":233.621257310488,"st":0,"bm":0},{"ddd":0,"ind":24,"ty":4,"nm":"cir 7","sr":1,"ks":{"o":{"a":1,"k":[{"i":{"x":[0.833],"y":[0.833]},"o":{"x":[0.167],"y":[0.167]},"t":9,"s":[7]},{"t":17.9998417203442,"s":[0]}],"ix":11},"r":{"a":0,"k":0,"ix":10},"p":{"a":0,"k":[541,704,0],"ix":2},"a":{"a":0,"k":[25.5,-251.5,0],"ix":1},"s":{"a":1,"k":[{"i":{"x":[0.833,0.833,0.833],"y":[0.833,0.833,0.833]},"o":{"x":[0.167,0.167,0.167],"y":[0.167,0.167,0.167]},"t":0,"s":[86,86,100]},{"t":17.9998417203442,"s":[177,177,100]}],"ix":6}},"ao":0,"shapes":[{"ty":"gr","it":[{"d":1,"ty":"el","s":{"a":0,"k":[608,608],"ix":2},"p":{"a":0,"k":[0,0],"ix":3},"nm":"椭圆路径 1","mn":"ADBE Vector Shape - Ellipse","hd":false},{"ty":"fl","c":{"a":0,"k":[1,1,1,1],"ix":4},"o":{"a":0,"k":100,"ix":5},"r":1,"bm":0,"nm":"填充 1","mn":"ADBE Vector Graphic - Fill","hd":false},{"ty":"tr","p":{"a":0,"k":[24.5,-251.5],"ix":2},"a":{"a":0,"k":[0,0],"ix":1},"s":{"a":0,"k":[100,100],"ix":3},"r":{"a":0,"k":0,"ix":6},"o":{"a":0,"k":100,"ix":7},"sk":{"a":0,"k":0,"ix":4},"sa":{"a":0,"k":0,"ix":5},"nm":"变换"}],"nm":"椭圆 1","np":3,"cix":2,"bm":0,"ix":1,"mn":"ADBE Vector Group","hd":false}],"ip":0,"op":233.621257310488,"st":0,"bm":0}]}],"layers":[{"ddd":0,"ind":1,"ty":2,"nm":"s 3","refId":"image_0","sr":1,"ks":{"o":{"a":0,"k":90.196,"ix":11},"r":{"a":0,"k":0,"ix":10},"p":{"a":0,"k":[168.5,518.5,0],"ix":2},"a":{"a":0,"k":[170,555,0],"ix":1},"s":{"a":1,"k":[{"i":{"x":[0.667,0.667,0.667],"y":[1,1,1]},"o":{"x":[0.333,0.333,0.333],"y":[0,0,0]},"t":70.475,"s":[100,100,100]},{"i":{"x":[0.833,0.833,0.833],"y":[1,1,1]},"o":{"x":[0.333,0.333,0.333],"y":[0,0,0]},"t":78.531,"s":[100,100,100]},{"i":{"x":[0.667,0.667,0.667],"y":[1,1,1]},"o":{"x":[0.167,0.167,0.167],"y":[0,0,0]},"t":84.573,"s":[60,60,100]},{"t":90.6150049109783,"s":[100,100,100]}],"ix":6}},"ao":0,"hasMask":true,"masksProperties":[{"inv":false,"mode":"a","pt":{"a":0,"k":{"i":[[0,0],[0,0],[0,0],[0,0],[0,0],[0,0],[0,0],[0,0]],"o":[[0,0],[0,0],[0,0],[0,0],[0,0],[0,0],[0,0],[0,0]],"v":[[221.045,556.384],[185.63,570.934],[176.022,607.995],[161.472,572.581],[124.411,562.972],[159.825,548.422],[169.434,511.361],[183.983,546.775]],"c":true},"ix":1},"o":{"a":0,"k":100,"ix":3},"x":{"a":0,"k":0,"ix":4},"nm":"蒙版 1"}],"ip":70.4751795163975,"op":298.054507758511,"st":70.4751795163975,"bm":0},{"ddd":0,"ind":2,"ty":2,"nm":"s 2","refId":"image_1","sr":1,"ks":{"o":{"a":0,"k":90.196,"ix":11},"r":{"a":0,"k":0,"ix":10},"p":{"a":0,"k":[765.5,868,0],"ix":2},"a":{"a":0,"k":[767,904.5,0],"ix":1},"s":{"a":1,"k":[{"i":{"x":[0.833,0.833,0.833],"y":[1,1,1]},"o":{"x":[0.333,0.333,0.333],"y":[0,0,0]},"t":67.454,"s":[0,0,100]},{"i":{"x":[0.833,0.833,0.833],"y":[1,1,1]},"o":{"x":[0.167,0.167,0.167],"y":[0,0,0]},"t":76.517,"s":[100,100,100]},{"i":{"x":[0.833,0.833,0.833],"y":[1,1,1]},"o":{"x":[0.167,0.167,0.167],"y":[0,0,0]},"t":81.552,"s":[60,60,100]},{"t":87.5940368900824,"s":[90,90,100]}],"ix":6}},"ao":0,"hasMask":true,"masksProperties":[{"inv":false,"mode":"a","pt":{"a":0,"k":{"i":[[0,0],[0,0],[0,0],[0,0],[0,0],[0,0],[0,0],[0,0]],"o":[[0,0],[0,0],[0,0],[0,0],[0,0],[0,0],[0,0],[0,0]],"v":[[815.045,902.384],[779.63,916.934],[770.022,953.995],[755.472,918.581],[718.411,908.972],[753.825,894.422],[763.434,857.361],[777.983,892.775]],"c":true},"ix":1},"o":{"a":0,"k":100,"ix":3},"x":{"a":0,"k":0,"ix":4},"nm":"蒙版 1"}],"ip":67.4542139874306,"op":295.033542229544,"st":67.4542139874306,"bm":0},{"ddd":0,"ind":3,"ty":2,"nm":"s","refId":"image_2","sr":1,"ks":{"o":{"a":0,"k":90.196,"ix":11},"r":{"a":0,"k":0,"ix":10},"p":{"a":0,"k":[843.5,265.5,0],"ix":2},"a":{"a":0,"k":[845,302,0],"ix":1},"s":{"a":1,"k":[{"i":{"x":[0.833,0.833,0.833],"y":[1,1,1]},"o":{"x":[0.167,0.167,0.167],"y":[0,0,0]},"t":67.454,"s":[0,0,100]},{"i":{"x":[0.833,0.833,0.833],"y":[1,1,1]},"o":{"x":[0.167,0.167,0.167],"y":[0,0,0]},"t":74.503,"s":[100,100,100]},{"i":{"x":[0.833,0.833,0.833],"y":[1,1,1]},"o":{"x":[0.167,0.167,0.167],"y":[0,0,0]},"t":80.545,"s":[50,50,100]},{"i":{"x":[0.833,0.833,0.833],"y":[1,1,1]},"o":{"x":[0.167,0.167,0.167],"y":[0,0,0]},"t":84.573,"s":[100,100,100]},{"t":89.6080191803476,"s":[60,60,100]}],"ix":6}},"ao":0,"hasMask":true,"masksProperties":[{"inv":false,"mode":"a","pt":{"a":0,"k":{"i":[[0,0],[0,0],[0,0],[0,0],[0,0],[0,0],[0,0],[0,0]],"o":[[0,0],[0,0],[0,0],[0,0],[0,0],[0,0],[0,0],[0,0]],"v":[[890.045,301.384],[854.63,315.934],[845.022,352.995],[830.472,317.581],[793.411,307.972],[828.825,293.422],[838.434,256.361],[852.983,291.775]],"c":true},"ix":1},"o":{"a":0,"k":100,"ix":3},"x":{"a":0,"k":0,"ix":4},"nm":"蒙版 1"}],"ip":67.4542139874306,"op":295.033542229544,"st":67.4542139874306,"bm":0},{"ddd":0,"ind":4,"ty":2,"nm":"勾.gif","cl":"gif","refId":"image_3","sr":1,"ks":{"o":{"a":1,"k":[{"i":{"x":[0.833],"y":[1]},"o":{"x":[0.333],"y":[0]},"t":67.454,"s":[0]},{"t":74.5031520033588,"s":[100]}],"ix":11},"r":{"a":0,"k":0,"ix":10},"p":{"a":0,"k":[539,525,0],"ix":2},"a":{"a":0,"k":[108,77,0],"ix":1},"s":{"a":1,"k":[{"i":{"x":[0.667,0.667,0.667],"y":[1,1,1]},"o":{"x":[0.167,0.167,0.167],"y":[0,0,0]},"t":67.454,"s":[0,0,100]},{"i":{"x":[0.667,0.667,0.667],"y":[1,1,1]},"o":{"x":[0.333,0.333,0.333],"y":[0,0,0]},"t":74.503,"s":[120,120,100]},{"t":76.517134293624,"s":[100,100,100]}],"ix":6}},"ao":0,"ip":67.4542139874306,"op":300.068483119856,"st":67.4542139874306,"bm":0},{"ddd":0,"ind":5,"ty":2,"nm":"勾 拷贝 2","refId":"image_4","sr":1,"ks":{"o":{"a":0,"k":100,"ix":11},"r":{"a":0,"k":0,"ix":10},"p":{"a":0,"k":[539,524,0],"ix":2},"a":{"a":0,"k":[268.5,268.5,0],"ix":1},"s":{"a":1,"k":[{"i":{"x":[0.667,0.667,0.667],"y":[1,1,1]},"o":{"x":[0.333,0.333,0.333],"y":[0,0,0]},"t":67.454,"s":[0,0,100]},{"i":{"x":[0.667,0.667,0.667],"y":[1,1,1]},"o":{"x":[0.167,0.167,0.167],"y":[0,0,0]},"t":72.489,"s":[126,126,100]},{"t":76.517134293624,"s":[100,100,100]}],"ix":6}},"ao":0,"ip":67.4542139874306,"op":295.033542229544,"st":67.4542139874306,"bm":0},{"ddd":0,"ind":6,"ty":0,"nm":"热点","refId":"comp_0","sr":1,"ks":{"o":{"a":0,"k":100,"ix":11},"r":{"a":0,"k":0,"ix":10},"p":{"a":0,"k":[540,560,0],"ix":2},"a":{"a":0,"k":[540,560,0],"ix":1},"s":{"a":0,"k":[100,100,100],"ix":6}},"ao":0,"w":1080,"h":1120,"ip":0,"op":150.998672209554,"st":0,"bm":0},{"ddd":0,"ind":7,"ty":2,"nm":"redian_cir","refId":"image_5","sr":1,"ks":{"o":{"a":0,"k":100,"ix":11},"r":{"a":0,"k":0,"ix":10},"p":{"a":0,"k":[539.5,524.5,0],"ix":2},"a":{"a":0,"k":[268.5,268.5,0],"ix":1},"s":{"a":0,"k":[100,100,100],"ix":6}},"ao":0,"ip":0,"op":67.9994020546336,"st":0,"bm":0},{"ddd":0,"ind":8,"ty":0,"nm":"圆圈动效","refId":"comp_1","sr":1,"ks":{"o":{"a":0,"k":100,"ix":11},"r":{"a":0,"k":0,"ix":10},"p":{"a":0,"k":[540,784,0],"ix":2},"a":{"a":0,"k":[540,960,0],"ix":1},"s":{"a":0,"k":[100,100,100],"ix":6}},"ao":0,"w":1080,"h":1920,"ip":0,"op":233.997942364474,"st":0,"bm":0},{"ddd":0,"ind":9,"ty":2,"nm":"wg_redian","refId":"image_6","sr":1,"ks":{"o":{"a":0,"k":100,"ix":11},"r":{"a":0,"k":0,"ix":10},"p":{"a":0,"k":[540,484.5,0],"ix":2},"a":{"a":0,"k":[540,464.5,0],"ix":1},"s":{"a":0,"k":[100,100,100],"ix":6}},"ao":0,"ip":0,"op":151.114795707497,"st":0,"bm":0}],"markers":[]}