{"v":"5.7.1","fr":22.4010925292969,"ip":0,"op":31.0001280482212,"w":1080,"h":674,"nm":"安全检测（dx）","ddd":0,"assets":[{"id":"image_0","w":1080,"h":90,"u":"images/","p":"img_0.png","e":0},{"id":"image_1","w":418,"h":451,"u":"images/","p":"img_1.png","e":0},{"id":"image_2","w":417,"h":451,"u":"images/","p":"img_2.png","e":0},{"id":"image_3","w":409,"h":429,"u":"images/","p":"img_3.png","e":0}],"layers":[{"ddd":0,"ind":3,"ty":2,"nm":"line发光","refId":"image_0","sr":1,"ks":{"o":{"a":1,"k":[{"i":{"x":[0.565],"y":[0.914]},"o":{"x":[0.209],"y":[0]},"t":0,"s":[0]},{"i":{"x":[0.843],"y":[1]},"o":{"x":[0.327],"y":[27.589]},"t":2,"s":[100]},{"i":{"x":[0.833],"y":[1]},"o":{"x":[0.333],"y":[0]},"t":10.565,"s":[100]},{"i":{"x":[0.833],"y":[1]},"o":{"x":[0.167],"y":[0]},"t":12.469,"s":[0]},{"i":{"x":[0.667],"y":[1]},"o":{"x":[0.167],"y":[0]},"t":14.372,"s":[100]},{"i":{"x":[0.833],"y":[1]},"o":{"x":[0.333],"y":[0]},"t":16.275,"s":[100]},{"i":{"x":[0.833],"y":[1]},"o":{"x":[0.167],"y":[0]},"t":28.048,"s":[100]},{"i":{"x":[0.843],"y":[1]},"o":{"x":[0.167],"y":[0]},"t":30.048,"s":[0]},{"i":{"x":[0.833],"y":[1]},"o":{"x":[0.333],"y":[0]},"t":39,"s":[100]},{"i":{"x":[0.833],"y":[1]},"o":{"x":[0.167],"y":[0]},"t":40.904,"s":[0]},{"i":{"x":[0.667],"y":[1]},"o":{"x":[0.167],"y":[0]},"t":42.807,"s":[100]},{"i":{"x":[0.833],"y":[1]},"o":{"x":[0.333],"y":[0]},"t":44.71,"s":[100]},{"i":{"x":[0.833],"y":[1]},"o":{"x":[0.167],"y":[0]},"t":56.483,"s":[100]},{"i":{"x":[0.843],"y":[1]},"o":{"x":[0.167],"y":[0]},"t":58.483,"s":[0]},{"i":{"x":[0.833],"y":[1]},"o":{"x":[0.333],"y":[0]},"t":67,"s":[100]},{"i":{"x":[0.833],"y":[1]},"o":{"x":[0.167],"y":[0]},"t":68.904,"s":[0]},{"i":{"x":[0.667],"y":[1]},"o":{"x":[0.167],"y":[0]},"t":70.807,"s":[100]},{"i":{"x":[0.833],"y":[1]},"o":{"x":[0.333],"y":[0]},"t":72.71,"s":[100]},{"i":{"x":[0.833],"y":[1]},"o":{"x":[0.167],"y":[0]},"t":84.483,"s":[100]},{"t":86.4830523556408,"s":[0]}],"ix":11},"r":{"a":0,"k":0,"ix":10},"p":{"a":1,"k":[{"i":{"x":0.833,"y":1},"o":{"x":0.167,"y":0},"t":0,"s":[540,579,0],"to":[0,-4.354,0],"ti":[0,80,0]},{"i":{"x":0.667,"y":1},"o":{"x":0.333,"y":0},"t":2,"s":[540,552.875,0],"to":[0,-80,0],"ti":[0,77.646,0]},{"i":{"x":0.667,"y":1},"o":{"x":0.167,"y":0},"t":10.565,"s":[540,99,0],"to":[0,-77.646,0],"ti":[0,0,0]},{"i":{"x":0.667,"y":1},"o":{"x":0.167,"y":0},"t":12.469,"s":[540,87,0],"to":[0,0,0],"ti":[0,-77.646,0]},{"i":{"x":0.667,"y":1},"o":{"x":0.167,"y":0},"t":16.275,"s":[540,99,0],"to":[0,77.646,0],"ti":[0,-80,0]},{"i":{"x":0.667,"y":1},"o":{"x":0.167,"y":0},"t":28.048,"s":[540,552.875,0],"to":[0,80,0],"ti":[0,75.646,0]},{"i":{"x":0.624,"y":0},"o":{"x":0.256,"y":0},"t":30.048,"s":[540,579,0],"to":[0,-8.534,0],"ti":[0,14.115,0]},{"i":{"x":0.688,"y":1},"o":{"x":0.246,"y":0.224},"t":31,"s":[540,588.926,0],"to":[0,-110.998,0],"ti":[0,72.749,0]},{"i":{"x":0.667,"y":1},"o":{"x":0.167,"y":0},"t":39,"s":[540,99,0],"to":[0,-82,0],"ti":[0,0,0]},{"i":{"x":0.667,"y":1},"o":{"x":0.167,"y":0},"t":40.904,"s":[540,87,0],"to":[0,0,0],"ti":[0,-77.646,0]},{"i":{"x":0.667,"y":1},"o":{"x":0.167,"y":0},"t":44.71,"s":[540,99,0],"to":[0,77.646,0],"ti":[0,-80,0]},{"i":{"x":0.667,"y":1},"o":{"x":0.167,"y":0},"t":56.483,"s":[540,552.875,0],"to":[0,80,0],"ti":[0,75.646,0]},{"i":{"x":0.667,"y":1},"o":{"x":0.167,"y":0},"t":58.483,"s":[540,579,0],"to":[0,-75.646,0],"ti":[0,82,0]},{"i":{"x":0.667,"y":1},"o":{"x":0.167,"y":0},"t":67,"s":[540,99,0],"to":[0,-82,0],"ti":[0,0,0]},{"i":{"x":0.667,"y":1},"o":{"x":0.167,"y":0},"t":68.904,"s":[540,87,0],"to":[0,0,0],"ti":[0,-77.646,0]},{"i":{"x":0.667,"y":1},"o":{"x":0.167,"y":0},"t":72.71,"s":[540,99,0],"to":[0,77.646,0],"ti":[0,-80,0]},{"i":{"x":0.667,"y":1},"o":{"x":0.167,"y":0},"t":84.483,"s":[540,552.875,0],"to":[0,80,0],"ti":[0,-4.354,0]},{"t":86.4830523556408,"s":[540,579,0]}],"ix":2},"a":{"a":0,"k":[540,45,0],"ix":1},"s":{"a":0,"k":[100,100,100],"ix":6}},"ao":0,"ip":0,"op":392.100013682994,"st":0.95169906233736,"bm":0},{"ddd":0,"ind":4,"ty":4,"nm":"形状图层 1","parent":3,"td":1,"sr":1,"ks":{"o":{"a":0,"k":100,"ix":11},"r":{"a":0,"k":0,"ix":10},"p":{"a":0,"k":[540,-202.875,0],"ix":2},"a":{"a":0,"k":[0,0,0],"ix":1},"s":{"a":0,"k":[100,100,100],"ix":6}},"ao":0,"shapes":[{"ty":"gr","it":[{"ty":"rc","d":1,"s":{"a":0,"k":[614,474],"ix":2},"p":{"a":0,"k":[0,0],"ix":3},"r":{"a":0,"k":0,"ix":4},"nm":"矩形路径 1","mn":"ADBE Vector Shape - Rect","hd":false},{"ty":"fl","c":{"a":0,"k":[1,0.847059003045,0.003922000118,1],"ix":4},"o":{"a":0,"k":100,"ix":5},"r":1,"bm":0,"nm":"填充 1","mn":"ADBE Vector Graphic - Fill","hd":false},{"ty":"tr","p":{"a":0,"k":[0.125,-59.625],"ix":2},"a":{"a":0,"k":[1.323,-14.647],"ix":1},"s":{"a":0,"k":[85.016,110.808],"ix":3},"r":{"a":0,"k":0,"ix":6},"o":{"a":0,"k":100,"ix":7},"sk":{"a":0,"k":0,"ix":4},"sa":{"a":0,"k":0,"ix":5},"nm":"变换"}],"nm":"矩形 1","np":3,"cix":2,"bm":0,"ix":1,"mn":"ADBE Vector Group","hd":false}],"ip":0,"op":391.148314620657,"st":0,"bm":0},{"ddd":0,"ind":5,"ty":2,"nm":"dunpaigai","tt":1,"refId":"image_1","sr":1,"ks":{"o":{"a":0,"k":100,"ix":11},"r":{"a":0,"k":0,"ix":10},"p":{"a":0,"k":[541,336.75,0],"ix":2},"a":{"a":0,"k":[209,225.5,0],"ix":1},"s":{"a":0,"k":[100,100,100],"ix":6}},"ao":0,"ip":0,"op":391.148314620657,"st":0,"bm":0},{"ddd":0,"ind":6,"ty":2,"nm":"dunpai","refId":"image_2","sr":1,"ks":{"o":{"a":0,"k":100,"ix":11},"r":{"a":0,"k":0,"ix":10},"p":{"a":0,"k":[540.5,336.75,0],"ix":2},"a":{"a":0,"k":[208.5,225.5,0],"ix":1},"s":{"a":0,"k":[100,100,100],"ix":6}},"ao":0,"ip":0,"op":391.148314620657,"st":0,"bm":0},{"ddd":0,"ind":9,"ty":2,"nm":"dianlu","refId":"image_3","sr":1,"ks":{"o":{"a":0,"k":100,"ix":11},"r":{"a":0,"k":0,"ix":10},"p":{"a":0,"k":[540.5,337.75,0],"ix":2},"a":{"a":0,"k":[204.5,214.5,0],"ix":1},"s":{"a":0,"k":[100,100,100],"ix":6}},"ao":0,"ip":0,"op":391.148314620657,"st":0,"bm":0}],"markers":[]}