{"v":"5.7.1","fr":33.3332977294922,"ip":0,"op":35.000312619093,"w":1080,"h":1920,"nm":"信号优化动效","ddd":0,"assets":[{"id":"image_0","w":751,"h":754,"u":"images/","p":"img_0.png","e":0},{"id":"image_1","w":428,"h":384,"u":"images/","p":"img_1.png","e":0},{"id":"image_2","w":832,"h":812,"u":"images/","p":"img_2.png","e":0}],"layers":[{"ddd":0,"ind":2,"ty":2,"nm":"quan","refId":"image_0","sr":1,"ks":{"o":{"a":0,"k":100,"ix":11},"r":{"a":1,"k":[{"i":{"x":[0.833],"y":[0.833]},"o":{"x":[0.167],"y":[0.167]},"t":0,"s":[0]},{"t":34.0003036871189,"s":[360]}],"ix":10},"p":{"a":0,"k":[543.5,727,0],"ix":2},"a":{"a":0,"k":[375.5,377,0],"ix":1},"s":{"a":0,"k":[100,100,100],"ix":6}},"ao":0,"ip":0,"op":215.001920374428,"st":0,"bm":0},{"ddd":0,"ind":3,"ty":2,"nm":"wl","refId":"image_1","sr":1,"ks":{"o":{"a":0,"k":100,"ix":11},"r":{"a":0,"k":0,"ix":10},"p":{"a":0,"k":[540,727,0],"ix":2},"a":{"a":0,"k":[214,192,0],"ix":1},"s":{"a":1,"k":[{"i":{"x":[0.833,0.833,0.833],"y":[0.833,0.833,0.833]},"o":{"x":[0.167,0.167,0.167],"y":[0.167,0.167,0.167]},"t":0,"s":[100,100,100]},{"i":{"x":[0.833,0.833,0.833],"y":[0.833,0.833,0.833]},"o":{"x":[0.167,0.167,0.167],"y":[0.167,0.167,0.167]},"t":24,"s":[90,90,100]},{"t":34.0003036871189,"s":[100,100,100]}],"ix":6}},"ao":0,"ip":0,"op":215.001920374428,"st":0,"bm":0},{"ddd":0,"ind":4,"ty":2,"nm":"yuansu","refId":"image_2","sr":1,"ks":{"o":{"a":0,"k":100,"ix":11},"r":{"a":1,"k":[{"i":{"x":[0.833],"y":[0.833]},"o":{"x":[0.167],"y":[0.167]},"t":0,"s":[0]},{"i":{"x":[0.833],"y":[0.833]},"o":{"x":[0.167],"y":[0.167]},"t":24,"s":[90]},{"t":34.0003036871189,"s":[0]}],"ix":10},"p":{"a":0,"k":[541,720,0],"ix":2},"a":{"a":0,"k":[416,406,0],"ix":1},"s":{"a":1,"k":[{"i":{"x":[0.833,0.833,0.833],"y":[0.833,0.833,0.833]},"o":{"x":[0.167,0.167,0.167],"y":[0.167,0.167,0.167]},"t":0,"s":[100,100,100]},{"i":{"x":[0.833,0.833,0.833],"y":[0.833,0.833,0.833]},"o":{"x":[0.167,0.167,0.167],"y":[0.167,0.167,0.167]},"t":24,"s":[89,89,100]},{"t":34.0003036871189,"s":[100,100,100]}],"ix":6}},"ao":0,"ip":0,"op":215.001920374428,"st":0,"bm":0}],"markers":[]}