{"v":"5.7.1","fr":43.5632934570312,"ip":0,"op":66.0004446012456,"w":1080,"h":1080,"nm":"优化完成打钩动效","ddd":0,"assets":[],"layers":[{"ddd":0,"ind":1,"ty":4,"nm":"gou","sr":1,"ks":{"o":{"a":0,"k":100,"ix":11},"r":{"a":0,"k":0,"ix":10},"p":{"a":0,"k":[535.936,562.231,0],"ix":2},"a":{"a":0,"k":[-4,23.5,0],"ix":1},"s":{"a":0,"k":[100,100,100],"ix":6}},"ao":0,"shapes":[{"ty":"gr","it":[{"ind":0,"ty":"sh","ix":1,"ks":{"a":0,"k":{"i":[[0,0],[0,0],[0,0]],"o":[[0,0],[0,0],[0,0]],"v":[[-79.312,12],[-16.063,73.062],[73.688,-36.625]],"c":false},"ix":2},"nm":"路径 1","mn":"ADBE Vector Shape - Group","hd":false},{"ty":"st","c":{"a":0,"k":[1,1,1,1],"ix":3},"o":{"a":0,"k":100,"ix":4},"w":{"a":0,"k":12,"ix":5},"lc":2,"lj":2,"bm":0,"nm":"描边 1","mn":"ADBE Vector Graphic - Stroke","hd":false},{"ty":"tr","p":{"a":0,"k":[0,0],"ix":2},"a":{"a":0,"k":[0,0],"ix":1},"s":{"a":0,"k":[100,100],"ix":3},"r":{"a":0,"k":0,"ix":6},"o":{"a":0,"k":100,"ix":7},"sk":{"a":0,"k":0,"ix":4},"sa":{"a":0,"k":0,"ix":5},"nm":"变换"}],"nm":"形状 1","np":3,"cix":2,"bm":0,"ix":1,"mn":"ADBE Vector Group","hd":false},{"ty":"tm","s":{"a":1,"k":[{"i":{"x":[0.667],"y":[1]},"o":{"x":[0.703],"y":[0.469]},"t":35,"s":[0]},{"t":52.0003502918905,"s":[0]}],"ix":1},"e":{"a":1,"k":[{"i":{"x":[0.667],"y":[1]},"o":{"x":[0.703],"y":[0.005]},"t":35,"s":[0]},{"t":52.0003502918905,"s":[100]}],"ix":2},"o":{"a":0,"k":0,"ix":3},"m":1,"ix":2,"nm":"修剪路径 1","mn":"ADBE Vector Filter - Trim","hd":false}],"ip":0,"op":348.50634765625,"st":0,"bm":0},{"ddd":0,"ind":2,"ty":4,"nm":"cir","sr":1,"ks":{"o":{"a":0,"k":100,"ix":11},"r":{"a":0,"k":0,"ix":10},"p":{"a":0,"k":[536.064,555.269,0],"ix":2},"a":{"a":0,"k":[144,186,0],"ix":1},"s":{"a":0,"k":[100,100,100],"ix":6}},"ao":0,"shapes":[{"ty":"gr","it":[{"ind":0,"ty":"sh","ix":1,"ks":{"a":0,"k":{"i":[[0,-86.156],[-86.156,0],[0,86.156],[86.156,0]],"o":[[0,86.156],[86.156,0],[0,-86.156],[-86.156,0]],"v":[[-159,16],[-3,172],[153,16],[-3,-140]],"c":true},"ix":2},"nm":"路径 1","mn":"ADBE Vector Shape - Group","hd":false},{"ty":"st","c":{"a":0,"k":[1,1,1,1],"ix":3},"o":{"a":0,"k":100,"ix":4},"w":{"a":0,"k":12,"ix":5},"lc":2,"lj":2,"bm":0,"nm":"描边 1","mn":"ADBE Vector Graphic - Stroke","hd":false},{"ty":"tr","p":{"a":0,"k":[148,172],"ix":2},"a":{"a":0,"k":[0,0],"ix":1},"s":{"a":0,"k":[98,98],"ix":3},"r":{"a":0,"k":0,"ix":6},"o":{"a":0,"k":100,"ix":7},"sk":{"a":0,"k":0,"ix":4},"sa":{"a":0,"k":0,"ix":5},"nm":"变换"}],"nm":"椭圆 1","np":3,"cix":2,"bm":0,"ix":1,"mn":"ADBE Vector Group","hd":false},{"ty":"tm","s":{"a":1,"k":[{"i":{"x":[0.856],"y":[0.993]},"o":{"x":[0.866],"y":[0.001]},"t":0,"s":[100]},{"t":30.0002020914753,"s":[0]}],"ix":1},"e":{"a":1,"k":[{"i":{"x":[0.856],"y":[1.665]},"o":{"x":[0.866],"y":[-0.107]},"t":0,"s":[100]},{"t":30.0002020914753,"s":[100]}],"ix":2},"o":{"a":0,"k":0,"ix":3},"m":1,"ix":2,"nm":"修剪路径 1","mn":"ADBE Vector Filter - Trim","hd":false}],"ip":0,"op":348.50634765625,"st":0,"bm":0}],"markers":[]}