{"v":"5.7.1","fr":25,"ip":0,"op":125,"w":646,"h":646,"nm":"动效","ddd":0,"assets":[{"id":"image_0","w":32,"h":58,"u":"images/","p":"img_0.png","e":0},{"id":"image_1","w":146,"h":213,"u":"images/","p":"img_1.png","e":0},{"id":"image_2","w":323,"h":104,"u":"images/","p":"img_2.png","e":0},{"id":"image_3","w":1080,"h":1920,"u":"images/","p":"img_3.jpg","e":0},{"id":"image_4","w":1080,"h":1920,"u":"images/","p":"img_4.jpg","e":0},{"id":"image_5","w":1080,"h":1920,"u":"images/","p":"img_5.jpg","e":0},{"id":"image_6","w":1080,"h":1920,"u":"images/","p":"img_6.jpg","e":0},{"id":"image_7","w":1080,"h":1920,"u":"images/","p":"img_7.jpg","e":0},{"id":"image_8","w":1080,"h":1920,"u":"images/","p":"img_8.jpg","e":0},{"id":"image_9","w":462,"h":462,"u":"images/","p":"img_9.png","e":0},{"id":"image_10","w":462,"h":462,"u":"images/","p":"img_10.png","e":0},{"id":"image_11","w":221,"h":232,"u":"images/","p":"img_11.png","e":0},{"id":"image_12","w":1080,"h":1920,"u":"images/","p":"img_12.jpg","e":0},{"id":"comp_0","layers":[{"ddd":0,"ind":1,"ty":0,"nm":"星星下滑","refId":"comp_1","sr":1,"ks":{"o":{"a":0,"k":100,"ix":11},"r":{"a":0,"k":0,"ix":10},"p":{"a":0,"k":[210,210,0],"ix":2},"a":{"a":0,"k":[210,210,0],"ix":1},"s":{"a":0,"k":[100,100,100],"ix":6}},"ao":0,"w":420,"h":420,"ip":0,"op":125,"st":0,"bm":0}]},{"id":"comp_1","layers":[{"ddd":0,"ind":1,"ty":2,"nm":"星星84","refId":"image_3","sr":1,"ks":{"o":{"a":0,"k":100,"ix":11},"r":{"a":0,"k":0,"ix":10},"p":{"a":1,"k":[{"i":{"x":0.833,"y":0.833},"o":{"x":0.167,"y":0.167},"t":105,"s":[113.682,-292.625,0],"to":[0,126.167,0],"ti":[0,-126.167,0]},{"t":146,"s":[113.682,464.375,0]}],"ix":2},"a":{"a":0,"k":[423.994,770,0],"ix":1},"s":{"a":0,"k":[80,80,100],"ix":6}},"ao":0,"hasMask":true,"masksProperties":[{"inv":false,"mode":"a","pt":{"a":0,"k":{"i":[[0.065,8.196],[6.269,-3.504],[0.069,-6.248],[-5.26,1.45]],"o":[[0,0],[0,0],[0,0],[0,0]],"v":[[424.068,760],[417.995,770.674],[423.979,780],[429.993,770.996]],"c":true},"ix":1},"o":{"a":0,"k":100,"ix":3},"x":{"a":0,"k":0,"ix":4},"nm":"蒙版 1"}],"ip":105,"op":125,"st":105,"bm":0},{"ddd":0,"ind":2,"ty":2,"nm":"星星83","refId":"image_4","sr":1,"ks":{"o":{"a":0,"k":100,"ix":11},"r":{"a":0,"k":0,"ix":10},"p":{"a":1,"k":[{"i":{"x":0.833,"y":0.833},"o":{"x":0.167,"y":0.167},"t":105,"s":[47.994,-203.75,0],"to":[0,126.167,0],"ti":[0,-126.167,0]},{"t":146,"s":[47.994,553.25,0]}],"ix":2},"a":{"a":0,"k":[353.994,874,0],"ix":1},"s":{"a":0,"k":[80,80,100],"ix":6}},"ao":0,"hasMask":true,"masksProperties":[{"inv":false,"mode":"a","pt":{"a":0,"k":{"i":[[0.065,8.196],[6.269,-3.504],[0.069,-6.248],[-5.26,1.45]],"o":[[0,0],[0,0],[0,0],[0,0]],"v":[[354.068,864],[347.995,874.674],[353.979,884],[359.993,874.996]],"c":true},"ix":1},"o":{"a":0,"k":100,"ix":3},"x":{"a":0,"k":0,"ix":4},"nm":"蒙版 1"}],"ip":105,"op":125,"st":105,"bm":0},{"ddd":0,"ind":3,"ty":2,"nm":"星星82","refId":"image_5","sr":1,"ks":{"o":{"a":0,"k":100,"ix":11},"r":{"a":0,"k":0,"ix":10},"p":{"a":1,"k":[{"i":{"x":0.833,"y":0.833},"o":{"x":0.167,"y":0.167},"t":105,"s":[273.744,-323.25,0],"to":[0,126.167,0],"ti":[0,-126.167,0]},{"t":146,"s":[273.744,433.75,0]}],"ix":2},"a":{"a":0,"k":[514.994,790,0],"ix":1},"s":{"a":0,"k":[80,80,100],"ix":6}},"ao":0,"hasMask":true,"masksProperties":[{"inv":false,"mode":"a","pt":{"a":0,"k":{"i":[[0.065,8.196],[6.269,-3.504],[0.069,-6.248],[-5.26,1.45]],"o":[[0,0],[0,0],[0,0],[0,0]],"v":[[515.068,780],[508.995,790.674],[514.979,800],[520.993,790.996]],"c":true},"ix":1},"o":{"a":0,"k":100,"ix":3},"x":{"a":0,"k":0,"ix":4},"nm":"蒙版 1"}],"ip":105,"op":125,"st":105,"bm":0},{"ddd":0,"ind":4,"ty":2,"nm":"星星81","refId":"image_6","sr":1,"ks":{"o":{"a":0,"k":100,"ix":11},"r":{"a":0,"k":0,"ix":10},"p":{"a":1,"k":[{"i":{"x":0.833,"y":0.833},"o":{"x":0.167,"y":0.167},"t":105,"s":[120.682,-38.5,0],"to":[0,126.167,0],"ti":[0,-126.167,0]},{"t":146,"s":[120.682,718.5,0]}],"ix":2},"a":{"a":0,"k":[425.994,1024,0],"ix":1},"s":{"a":0,"k":[80,80,100],"ix":6}},"ao":0,"hasMask":true,"masksProperties":[{"inv":false,"mode":"a","pt":{"a":0,"k":{"i":[[0.065,8.196],[6.269,-3.504],[0.069,-6.248],[-5.26,1.45]],"o":[[0,0],[0,0],[0,0],[0,0]],"v":[[426.068,1014],[419.995,1024.674],[425.979,1034],[431.993,1024.996]],"c":true},"ix":1},"o":{"a":0,"k":100,"ix":3},"x":{"a":0,"k":0,"ix":4},"nm":"蒙版 1"}],"ip":105,"op":125,"st":105,"bm":0},{"ddd":0,"ind":5,"ty":2,"nm":"星星80","refId":"image_7","sr":1,"ks":{"o":{"a":0,"k":100,"ix":11},"r":{"a":0,"k":0,"ix":10},"p":{"a":1,"k":[{"i":{"x":0.833,"y":0.833},"o":{"x":0.167,"y":0.167},"t":105,"s":[211.493,-199.754,0],"to":[0,126.167,0],"ti":[0,-126.167,0]},{"t":146,"s":[211.493,557.246,0]}],"ix":2},"a":{"a":0,"k":[657.493,921.996,0],"ix":1},"s":{"a":0,"k":[80,80,100],"ix":6}},"ao":0,"hasMask":true,"masksProperties":[{"inv":false,"mode":"a","pt":{"a":0,"k":{"i":[[0.065,8.196],[6.269,-3.504],[0.069,-6.248],[-5.26,1.45]],"o":[[0,0],[0,0],[0,0],[0,0]],"v":[[658.068,911],[651.995,921.674],[657.979,931],[663.993,921.996]],"c":true},"ix":1},"o":{"a":0,"k":100,"ix":3},"x":{"a":0,"k":0,"ix":4},"nm":"蒙版 1"}],"ip":105,"op":125,"st":105,"bm":0},{"ddd":0,"ind":6,"ty":2,"nm":"星星79","refId":"image_8","sr":1,"ks":{"o":{"a":0,"k":100,"ix":11},"r":{"a":0,"k":0,"ix":10},"p":{"a":1,"k":[{"i":{"x":0.833,"y":0.833},"o":{"x":0.167,"y":0.167},"t":105,"s":[370.499,-241,0],"to":[0,126.167,0],"ti":[0,-126.167,0]},{"t":146,"s":[370.499,516,0]}],"ix":2},"a":{"a":0,"k":[702.994,780,0],"ix":1},"s":{"a":0,"k":[80,80,100],"ix":6}},"ao":0,"hasMask":true,"masksProperties":[{"inv":false,"mode":"a","pt":{"a":0,"k":{"i":[[0.065,8.196],[6.269,-3.504],[0.069,-6.248],[-5.26,1.45]],"o":[[0,0],[0,0],[0,0],[0,0]],"v":[[703.068,770],[696.995,780.674],[702.979,790],[708.993,780.996]],"c":true},"ix":1},"o":{"a":0,"k":100,"ix":3},"x":{"a":0,"k":0,"ix":4},"nm":"蒙版 1"}],"ip":105,"op":125,"st":105,"bm":0},{"ddd":0,"ind":7,"ty":2,"nm":"星星78","refId":"image_8","sr":1,"ks":{"o":{"a":0,"k":100,"ix":11},"r":{"a":0,"k":0,"ix":10},"p":{"a":1,"k":[{"i":{"x":0.833,"y":0.833},"o":{"x":0.167,"y":0.167},"t":105,"s":[372.994,-78,0],"to":[0,126.167,0],"ti":[0,-126.167,0]},{"t":146,"s":[372.994,679,0]}],"ix":2},"a":{"a":0,"k":[702.994,780,0],"ix":1},"s":{"a":0,"k":[80,80,100],"ix":6}},"ao":0,"hasMask":true,"masksProperties":[{"inv":false,"mode":"a","pt":{"a":0,"k":{"i":[[0.065,8.196],[6.269,-3.504],[0.069,-6.248],[-5.26,1.45]],"o":[[0,0],[0,0],[0,0],[0,0]],"v":[[703.068,770],[696.995,780.674],[702.979,790],[708.993,780.996]],"c":true},"ix":1},"o":{"a":0,"k":100,"ix":3},"x":{"a":0,"k":0,"ix":4},"nm":"蒙版 1"}],"ip":105,"op":125,"st":105,"bm":0},{"ddd":0,"ind":8,"ty":2,"nm":"星星77","refId":"image_7","sr":1,"ks":{"o":{"a":0,"k":100,"ix":11},"r":{"a":0,"k":0,"ix":10},"p":{"a":1,"k":[{"i":{"x":0.833,"y":0.833},"o":{"x":0.167,"y":0.167},"t":105,"s":[325.837,-128.723,0],"to":[0,126.167,0],"ti":[0,-126.167,0]},{"t":146,"s":[325.837,628.277,0]}],"ix":2},"a":{"a":0,"k":[657.493,921.996,0],"ix":1},"s":{"a":0,"k":[80,80,100],"ix":6}},"ao":0,"hasMask":true,"masksProperties":[{"inv":false,"mode":"a","pt":{"a":0,"k":{"i":[[0.065,8.196],[6.269,-3.504],[0.069,-6.248],[-5.26,1.45]],"o":[[0,0],[0,0],[0,0],[0,0]],"v":[[658.068,911],[651.995,921.674],[657.979,931],[663.993,921.996]],"c":true},"ix":1},"o":{"a":0,"k":100,"ix":3},"x":{"a":0,"k":0,"ix":4},"nm":"蒙版 1"}],"ip":105,"op":125,"st":105,"bm":0},{"ddd":0,"ind":9,"ty":2,"nm":"星星76","refId":"image_6","sr":1,"ks":{"o":{"a":0,"k":100,"ix":11},"r":{"a":0,"k":0,"ix":10},"p":{"a":1,"k":[{"i":{"x":0.833,"y":0.833},"o":{"x":0.167,"y":0.167},"t":105,"s":[209.307,-8.375,0],"to":[0,126.167,0],"ti":[0,-126.167,0]},{"t":146,"s":[209.307,748.625,0]}],"ix":2},"a":{"a":0,"k":[425.994,1024,0],"ix":1},"s":{"a":0,"k":[80,80,100],"ix":6}},"ao":0,"hasMask":true,"masksProperties":[{"inv":false,"mode":"a","pt":{"a":0,"k":{"i":[[0.065,8.196],[6.269,-3.504],[0.069,-6.248],[-5.26,1.45]],"o":[[0,0],[0,0],[0,0],[0,0]],"v":[[426.068,1014],[419.995,1024.674],[425.979,1034],[431.993,1024.996]],"c":true},"ix":1},"o":{"a":0,"k":100,"ix":3},"x":{"a":0,"k":0,"ix":4},"nm":"蒙版 1"}],"ip":105,"op":125,"st":105,"bm":0},{"ddd":0,"ind":10,"ty":2,"nm":"星星75","refId":"image_5","sr":1,"ks":{"o":{"a":0,"k":100,"ix":11},"r":{"a":0,"k":0,"ix":10},"p":{"a":1,"k":[{"i":{"x":0.833,"y":0.833},"o":{"x":0.167,"y":0.167},"t":105,"s":[258.619,-83.75,0],"to":[0,126.167,0],"ti":[0,-126.167,0]},{"t":146,"s":[258.619,673.25,0]}],"ix":2},"a":{"a":0,"k":[514.994,790,0],"ix":1},"s":{"a":0,"k":[80,80,100],"ix":6}},"ao":0,"hasMask":true,"masksProperties":[{"inv":false,"mode":"a","pt":{"a":0,"k":{"i":[[0.065,8.196],[6.269,-3.504],[0.069,-6.248],[-5.26,1.45]],"o":[[0,0],[0,0],[0,0],[0,0]],"v":[[515.068,780],[508.995,790.674],[514.979,800],[520.993,790.996]],"c":true},"ix":1},"o":{"a":0,"k":100,"ix":3},"x":{"a":0,"k":0,"ix":4},"nm":"蒙版 1"}],"ip":105,"op":125,"st":105,"bm":0},{"ddd":0,"ind":11,"ty":2,"nm":"星星74","refId":"image_4","sr":1,"ks":{"o":{"a":0,"k":100,"ix":11},"r":{"a":0,"k":0,"ix":10},"p":{"a":1,"k":[{"i":{"x":0.833,"y":0.833},"o":{"x":0.167,"y":0.167},"t":105,"s":[27.807,-2.187,0],"to":[0,126.167,0],"ti":[0,-126.167,0]},{"t":124,"s":[27.807,754.813,0]}],"ix":2},"a":{"a":0,"k":[353.994,874,0],"ix":1},"s":{"a":0,"k":[80,80,100],"ix":6}},"ao":0,"hasMask":true,"masksProperties":[{"inv":false,"mode":"a","pt":{"a":0,"k":{"i":[[0.065,8.196],[6.269,-3.504],[0.069,-6.248],[-5.26,1.45]],"o":[[0,0],[0,0],[0,0],[0,0]],"v":[[354.068,864],[347.995,874.674],[353.979,884],[359.993,874.996]],"c":true},"ix":1},"o":{"a":0,"k":100,"ix":3},"x":{"a":0,"k":0,"ix":4},"nm":"蒙版 1"}],"ip":105,"op":125,"st":105,"bm":0},{"ddd":0,"ind":12,"ty":2,"nm":"星星73","refId":"image_3","sr":1,"ks":{"o":{"a":0,"k":100,"ix":11},"r":{"a":0,"k":0,"ix":10},"p":{"a":1,"k":[{"i":{"x":0.833,"y":0.833},"o":{"x":0.167,"y":0.167},"t":105,"s":[151.744,-140.375,0],"to":[0,126.167,0],"ti":[0,-126.167,0]},{"t":124,"s":[151.744,616.625,0]}],"ix":2},"a":{"a":0,"k":[423.994,770,0],"ix":1},"s":{"a":0,"k":[80,80,100],"ix":6}},"ao":0,"hasMask":true,"masksProperties":[{"inv":false,"mode":"a","pt":{"a":0,"k":{"i":[[0.065,8.196],[6.269,-3.504],[0.069,-6.248],[-5.26,1.45]],"o":[[0,0],[0,0],[0,0],[0,0]],"v":[[424.068,760],[417.995,770.674],[423.979,780],[429.993,770.996]],"c":true},"ix":1},"o":{"a":0,"k":100,"ix":3},"x":{"a":0,"k":0,"ix":4},"nm":"蒙版 1"}],"ip":105,"op":125,"st":105,"bm":0},{"ddd":0,"ind":13,"ty":2,"nm":"星星72","refId":"image_3","sr":1,"ks":{"o":{"a":0,"k":100,"ix":11},"r":{"a":0,"k":0,"ix":10},"p":{"a":1,"k":[{"i":{"x":0.833,"y":0.833},"o":{"x":0.167,"y":0.167},"t":88,"s":[113.682,-267.625,0],"to":[0,122,0],"ti":[0,-122,0]},{"t":125,"s":[113.682,464.375,0]}],"ix":2},"a":{"a":0,"k":[423.994,770,0],"ix":1},"s":{"a":0,"k":[80,80,100],"ix":6}},"ao":0,"hasMask":true,"masksProperties":[{"inv":false,"mode":"a","pt":{"a":0,"k":{"i":[[0.065,8.196],[6.269,-3.504],[0.069,-6.248],[-5.26,1.45]],"o":[[0,0],[0,0],[0,0],[0,0]],"v":[[424.068,760],[417.995,770.674],[423.979,780],[429.993,770.996]],"c":true},"ix":1},"o":{"a":0,"k":100,"ix":3},"x":{"a":0,"k":0,"ix":4},"nm":"蒙版 1"}],"ip":88,"op":125,"st":88,"bm":0},{"ddd":0,"ind":14,"ty":2,"nm":"星星71","refId":"image_4","sr":1,"ks":{"o":{"a":0,"k":100,"ix":11},"r":{"a":0,"k":0,"ix":10},"p":{"a":1,"k":[{"i":{"x":0.833,"y":0.833},"o":{"x":0.167,"y":0.167},"t":88,"s":[47.994,-178.75,0],"to":[0,122,0],"ti":[0,-122,0]},{"t":125,"s":[47.994,553.25,0]}],"ix":2},"a":{"a":0,"k":[353.994,874,0],"ix":1},"s":{"a":0,"k":[80,80,100],"ix":6}},"ao":0,"hasMask":true,"masksProperties":[{"inv":false,"mode":"a","pt":{"a":0,"k":{"i":[[0.065,8.196],[6.269,-3.504],[0.069,-6.248],[-5.26,1.45]],"o":[[0,0],[0,0],[0,0],[0,0]],"v":[[354.068,864],[347.995,874.674],[353.979,884],[359.993,874.996]],"c":true},"ix":1},"o":{"a":0,"k":100,"ix":3},"x":{"a":0,"k":0,"ix":4},"nm":"蒙版 1"}],"ip":88,"op":125,"st":88,"bm":0},{"ddd":0,"ind":15,"ty":2,"nm":"星星70","refId":"image_5","sr":1,"ks":{"o":{"a":0,"k":100,"ix":11},"r":{"a":0,"k":0,"ix":10},"p":{"a":1,"k":[{"i":{"x":0.833,"y":0.833},"o":{"x":0.167,"y":0.167},"t":88,"s":[273.744,-298.25,0],"to":[0,122,0],"ti":[0,-122,0]},{"t":125,"s":[273.744,433.75,0]}],"ix":2},"a":{"a":0,"k":[514.994,790,0],"ix":1},"s":{"a":0,"k":[80,80,100],"ix":6}},"ao":0,"hasMask":true,"masksProperties":[{"inv":false,"mode":"a","pt":{"a":0,"k":{"i":[[0.065,8.196],[6.269,-3.504],[0.069,-6.248],[-5.26,1.45]],"o":[[0,0],[0,0],[0,0],[0,0]],"v":[[515.068,780],[508.995,790.674],[514.979,800],[520.993,790.996]],"c":true},"ix":1},"o":{"a":0,"k":100,"ix":3},"x":{"a":0,"k":0,"ix":4},"nm":"蒙版 1"}],"ip":88,"op":125,"st":88,"bm":0},{"ddd":0,"ind":16,"ty":2,"nm":"星星69","refId":"image_6","sr":1,"ks":{"o":{"a":0,"k":100,"ix":11},"r":{"a":0,"k":0,"ix":10},"p":{"a":1,"k":[{"i":{"x":0.833,"y":0.833},"o":{"x":0.167,"y":0.167},"t":88,"s":[120.682,-13.5,0],"to":[0,122,0],"ti":[0,-122,0]},{"t":125,"s":[120.682,718.5,0]}],"ix":2},"a":{"a":0,"k":[425.994,1024,0],"ix":1},"s":{"a":0,"k":[80,80,100],"ix":6}},"ao":0,"hasMask":true,"masksProperties":[{"inv":false,"mode":"a","pt":{"a":0,"k":{"i":[[0.065,8.196],[6.269,-3.504],[0.069,-6.248],[-5.26,1.45]],"o":[[0,0],[0,0],[0,0],[0,0]],"v":[[426.068,1014],[419.995,1024.674],[425.979,1034],[431.993,1024.996]],"c":true},"ix":1},"o":{"a":0,"k":100,"ix":3},"x":{"a":0,"k":0,"ix":4},"nm":"蒙版 1"}],"ip":88,"op":125,"st":88,"bm":0},{"ddd":0,"ind":17,"ty":2,"nm":"星星68","refId":"image_7","sr":1,"ks":{"o":{"a":0,"k":100,"ix":11},"r":{"a":0,"k":0,"ix":10},"p":{"a":1,"k":[{"i":{"x":0.833,"y":0.833},"o":{"x":0.167,"y":0.167},"t":88,"s":[211.493,-174.754,0],"to":[0,122,0],"ti":[0,-122,0]},{"t":125,"s":[211.493,557.246,0]}],"ix":2},"a":{"a":0,"k":[657.493,921.996,0],"ix":1},"s":{"a":0,"k":[80,80,100],"ix":6}},"ao":0,"hasMask":true,"masksProperties":[{"inv":false,"mode":"a","pt":{"a":0,"k":{"i":[[0.065,8.196],[6.269,-3.504],[0.069,-6.248],[-5.26,1.45]],"o":[[0,0],[0,0],[0,0],[0,0]],"v":[[658.068,911],[651.995,921.674],[657.979,931],[663.993,921.996]],"c":true},"ix":1},"o":{"a":0,"k":100,"ix":3},"x":{"a":0,"k":0,"ix":4},"nm":"蒙版 1"}],"ip":88,"op":125,"st":88,"bm":0},{"ddd":0,"ind":18,"ty":2,"nm":"星星67","refId":"image_8","sr":1,"ks":{"o":{"a":0,"k":100,"ix":11},"r":{"a":0,"k":0,"ix":10},"p":{"a":1,"k":[{"i":{"x":0.833,"y":0.833},"o":{"x":0.167,"y":0.167},"t":88,"s":[370.499,-216,0],"to":[0,122,0],"ti":[0,-122,0]},{"t":125,"s":[370.499,516,0]}],"ix":2},"a":{"a":0,"k":[702.994,780,0],"ix":1},"s":{"a":0,"k":[80,80,100],"ix":6}},"ao":0,"hasMask":true,"masksProperties":[{"inv":false,"mode":"a","pt":{"a":0,"k":{"i":[[0.065,8.196],[6.269,-3.504],[0.069,-6.248],[-5.26,1.45]],"o":[[0,0],[0,0],[0,0],[0,0]],"v":[[703.068,770],[696.995,780.674],[702.979,790],[708.993,780.996]],"c":true},"ix":1},"o":{"a":0,"k":100,"ix":3},"x":{"a":0,"k":0,"ix":4},"nm":"蒙版 1"}],"ip":88,"op":125,"st":88,"bm":0},{"ddd":0,"ind":19,"ty":2,"nm":"星星66","refId":"image_8","sr":1,"ks":{"o":{"a":0,"k":100,"ix":11},"r":{"a":0,"k":0,"ix":10},"p":{"a":1,"k":[{"i":{"x":0.833,"y":0.833},"o":{"x":0.167,"y":0.167},"t":88,"s":[372.994,-53,0],"to":[0,122,0],"ti":[0,-122,0]},{"t":125,"s":[372.994,679,0]}],"ix":2},"a":{"a":0,"k":[702.994,780,0],"ix":1},"s":{"a":0,"k":[80,80,100],"ix":6}},"ao":0,"hasMask":true,"masksProperties":[{"inv":false,"mode":"a","pt":{"a":0,"k":{"i":[[0.065,8.196],[6.269,-3.504],[0.069,-6.248],[-5.26,1.45]],"o":[[0,0],[0,0],[0,0],[0,0]],"v":[[703.068,770],[696.995,780.674],[702.979,790],[708.993,780.996]],"c":true},"ix":1},"o":{"a":0,"k":100,"ix":3},"x":{"a":0,"k":0,"ix":4},"nm":"蒙版 1"}],"ip":88,"op":125,"st":88,"bm":0},{"ddd":0,"ind":20,"ty":2,"nm":"星星65","refId":"image_7","sr":1,"ks":{"o":{"a":0,"k":100,"ix":11},"r":{"a":0,"k":0,"ix":10},"p":{"a":1,"k":[{"i":{"x":0.833,"y":0.833},"o":{"x":0.167,"y":0.167},"t":88,"s":[325.837,-103.723,0],"to":[0,122,0],"ti":[0,-122,0]},{"t":125,"s":[325.837,628.277,0]}],"ix":2},"a":{"a":0,"k":[657.493,921.996,0],"ix":1},"s":{"a":0,"k":[80,80,100],"ix":6}},"ao":0,"hasMask":true,"masksProperties":[{"inv":false,"mode":"a","pt":{"a":0,"k":{"i":[[0.065,8.196],[6.269,-3.504],[0.069,-6.248],[-5.26,1.45]],"o":[[0,0],[0,0],[0,0],[0,0]],"v":[[658.068,911],[651.995,921.674],[657.979,931],[663.993,921.996]],"c":true},"ix":1},"o":{"a":0,"k":100,"ix":3},"x":{"a":0,"k":0,"ix":4},"nm":"蒙版 1"}],"ip":88,"op":125,"st":88,"bm":0},{"ddd":0,"ind":21,"ty":2,"nm":"星星64","refId":"image_6","sr":1,"ks":{"o":{"a":0,"k":100,"ix":11},"r":{"a":0,"k":0,"ix":10},"p":{"a":1,"k":[{"i":{"x":0.833,"y":0.833},"o":{"x":0.167,"y":0.167},"t":88,"s":[209.307,16.625,0],"to":[0,122,0],"ti":[0,-122,0]},{"t":125,"s":[209.307,748.625,0]}],"ix":2},"a":{"a":0,"k":[425.994,1024,0],"ix":1},"s":{"a":0,"k":[80,80,100],"ix":6}},"ao":0,"hasMask":true,"masksProperties":[{"inv":false,"mode":"a","pt":{"a":0,"k":{"i":[[0.065,8.196],[6.269,-3.504],[0.069,-6.248],[-5.26,1.45]],"o":[[0,0],[0,0],[0,0],[0,0]],"v":[[426.068,1014],[419.995,1024.674],[425.979,1034],[431.993,1024.996]],"c":true},"ix":1},"o":{"a":0,"k":100,"ix":3},"x":{"a":0,"k":0,"ix":4},"nm":"蒙版 1"}],"ip":88,"op":125,"st":88,"bm":0},{"ddd":0,"ind":22,"ty":2,"nm":"星星63","refId":"image_5","sr":1,"ks":{"o":{"a":0,"k":100,"ix":11},"r":{"a":0,"k":0,"ix":10},"p":{"a":1,"k":[{"i":{"x":0.833,"y":0.833},"o":{"x":0.167,"y":0.167},"t":88,"s":[258.619,-58.75,0],"to":[0,122,0],"ti":[0,-122,0]},{"t":125,"s":[258.619,673.25,0]}],"ix":2},"a":{"a":0,"k":[514.994,790,0],"ix":1},"s":{"a":0,"k":[80,80,100],"ix":6}},"ao":0,"hasMask":true,"masksProperties":[{"inv":false,"mode":"a","pt":{"a":0,"k":{"i":[[0.065,8.196],[6.269,-3.504],[0.069,-6.248],[-5.26,1.45]],"o":[[0,0],[0,0],[0,0],[0,0]],"v":[[515.068,780],[508.995,790.674],[514.979,800],[520.993,790.996]],"c":true},"ix":1},"o":{"a":0,"k":100,"ix":3},"x":{"a":0,"k":0,"ix":4},"nm":"蒙版 1"}],"ip":88,"op":125,"st":88,"bm":0},{"ddd":0,"ind":23,"ty":2,"nm":"星星62","refId":"image_4","sr":1,"ks":{"o":{"a":0,"k":100,"ix":11},"r":{"a":0,"k":0,"ix":10},"p":{"a":1,"k":[{"i":{"x":0.833,"y":0.833},"o":{"x":0.167,"y":0.167},"t":88,"s":[27.807,22.813,0],"to":[0,122,0],"ti":[0,-122,0]},{"t":125,"s":[27.807,754.813,0]}],"ix":2},"a":{"a":0,"k":[353.994,874,0],"ix":1},"s":{"a":0,"k":[80,80,100],"ix":6}},"ao":0,"hasMask":true,"masksProperties":[{"inv":false,"mode":"a","pt":{"a":0,"k":{"i":[[0.065,8.196],[6.269,-3.504],[0.069,-6.248],[-5.26,1.45]],"o":[[0,0],[0,0],[0,0],[0,0]],"v":[[354.068,864],[347.995,874.674],[353.979,884],[359.993,874.996]],"c":true},"ix":1},"o":{"a":0,"k":100,"ix":3},"x":{"a":0,"k":0,"ix":4},"nm":"蒙版 1"}],"ip":88,"op":125,"st":88,"bm":0},{"ddd":0,"ind":24,"ty":2,"nm":"星星61","refId":"image_3","sr":1,"ks":{"o":{"a":0,"k":100,"ix":11},"r":{"a":0,"k":0,"ix":10},"p":{"a":1,"k":[{"i":{"x":0.833,"y":0.833},"o":{"x":0.167,"y":0.167},"t":88,"s":[151.744,-115.375,0],"to":[0,122,0],"ti":[0,-122,0]},{"t":125,"s":[151.744,616.625,0]}],"ix":2},"a":{"a":0,"k":[423.994,770,0],"ix":1},"s":{"a":0,"k":[80,80,100],"ix":6}},"ao":0,"hasMask":true,"masksProperties":[{"inv":false,"mode":"a","pt":{"a":0,"k":{"i":[[0.065,8.196],[6.269,-3.504],[0.069,-6.248],[-5.26,1.45]],"o":[[0,0],[0,0],[0,0],[0,0]],"v":[[424.068,760],[417.995,770.674],[423.979,780],[429.993,770.996]],"c":true},"ix":1},"o":{"a":0,"k":100,"ix":3},"x":{"a":0,"k":0,"ix":4},"nm":"蒙版 1"}],"ip":88,"op":125,"st":88,"bm":0},{"ddd":0,"ind":25,"ty":2,"nm":"星星60","refId":"image_3","sr":1,"ks":{"o":{"a":0,"k":100,"ix":11},"r":{"a":0,"k":0,"ix":10},"p":{"a":1,"k":[{"i":{"x":0.833,"y":0.833},"o":{"x":0.167,"y":0.167},"t":67,"s":[113.682,-235.625,0],"to":[0,116.667,0],"ti":[0,-116.667,0]},{"t":109,"s":[113.682,464.375,0]}],"ix":2},"a":{"a":0,"k":[423.994,770,0],"ix":1},"s":{"a":0,"k":[80,80,100],"ix":6}},"ao":0,"hasMask":true,"masksProperties":[{"inv":false,"mode":"a","pt":{"a":0,"k":{"i":[[0.065,8.196],[6.269,-3.504],[0.069,-6.248],[-5.26,1.45]],"o":[[0,0],[0,0],[0,0],[0,0]],"v":[[424.068,760],[417.995,770.674],[423.979,780],[429.993,770.996]],"c":true},"ix":1},"o":{"a":0,"k":100,"ix":3},"x":{"a":0,"k":0,"ix":4},"nm":"蒙版 1"}],"ip":67,"op":125,"st":67,"bm":0},{"ddd":0,"ind":26,"ty":2,"nm":"星星59","refId":"image_4","sr":1,"ks":{"o":{"a":0,"k":100,"ix":11},"r":{"a":0,"k":0,"ix":10},"p":{"a":1,"k":[{"i":{"x":0.833,"y":0.833},"o":{"x":0.167,"y":0.167},"t":67,"s":[47.994,-146.75,0],"to":[0,116.667,0],"ti":[0,-116.667,0]},{"t":109,"s":[47.994,553.25,0]}],"ix":2},"a":{"a":0,"k":[353.994,874,0],"ix":1},"s":{"a":0,"k":[80,80,100],"ix":6}},"ao":0,"hasMask":true,"masksProperties":[{"inv":false,"mode":"a","pt":{"a":0,"k":{"i":[[0.065,8.196],[6.269,-3.504],[0.069,-6.248],[-5.26,1.45]],"o":[[0,0],[0,0],[0,0],[0,0]],"v":[[354.068,864],[347.995,874.674],[353.979,884],[359.993,874.996]],"c":true},"ix":1},"o":{"a":0,"k":100,"ix":3},"x":{"a":0,"k":0,"ix":4},"nm":"蒙版 1"}],"ip":67,"op":125,"st":67,"bm":0},{"ddd":0,"ind":27,"ty":2,"nm":"星星58","refId":"image_5","sr":1,"ks":{"o":{"a":0,"k":100,"ix":11},"r":{"a":0,"k":0,"ix":10},"p":{"a":1,"k":[{"i":{"x":0.833,"y":0.833},"o":{"x":0.167,"y":0.167},"t":67,"s":[273.744,-266.25,0],"to":[0,116.667,0],"ti":[0,-116.667,0]},{"t":109,"s":[273.744,433.75,0]}],"ix":2},"a":{"a":0,"k":[514.994,790,0],"ix":1},"s":{"a":0,"k":[80,80,100],"ix":6}},"ao":0,"hasMask":true,"masksProperties":[{"inv":false,"mode":"a","pt":{"a":0,"k":{"i":[[0.065,8.196],[6.269,-3.504],[0.069,-6.248],[-5.26,1.45]],"o":[[0,0],[0,0],[0,0],[0,0]],"v":[[515.068,780],[508.995,790.674],[514.979,800],[520.993,790.996]],"c":true},"ix":1},"o":{"a":0,"k":100,"ix":3},"x":{"a":0,"k":0,"ix":4},"nm":"蒙版 1"}],"ip":67,"op":125,"st":67,"bm":0},{"ddd":0,"ind":28,"ty":2,"nm":"星星57","refId":"image_6","sr":1,"ks":{"o":{"a":0,"k":100,"ix":11},"r":{"a":0,"k":0,"ix":10},"p":{"a":1,"k":[{"i":{"x":0.833,"y":0.833},"o":{"x":0.167,"y":0.167},"t":67,"s":[120.682,18.5,0],"to":[0,116.667,0],"ti":[0,-116.667,0]},{"t":109,"s":[120.682,718.5,0]}],"ix":2},"a":{"a":0,"k":[425.994,1024,0],"ix":1},"s":{"a":0,"k":[80,80,100],"ix":6}},"ao":0,"hasMask":true,"masksProperties":[{"inv":false,"mode":"a","pt":{"a":0,"k":{"i":[[0.065,8.196],[6.269,-3.504],[0.069,-6.248],[-5.26,1.45]],"o":[[0,0],[0,0],[0,0],[0,0]],"v":[[426.068,1014],[419.995,1024.674],[425.979,1034],[431.993,1024.996]],"c":true},"ix":1},"o":{"a":0,"k":100,"ix":3},"x":{"a":0,"k":0,"ix":4},"nm":"蒙版 1"}],"ip":67,"op":125,"st":67,"bm":0},{"ddd":0,"ind":29,"ty":2,"nm":"星星56","refId":"image_7","sr":1,"ks":{"o":{"a":0,"k":100,"ix":11},"r":{"a":0,"k":0,"ix":10},"p":{"a":1,"k":[{"i":{"x":0.833,"y":0.833},"o":{"x":0.167,"y":0.167},"t":67,"s":[211.493,-142.754,0],"to":[0,116.667,0],"ti":[0,-116.667,0]},{"t":109,"s":[211.493,557.246,0]}],"ix":2},"a":{"a":0,"k":[657.493,921.996,0],"ix":1},"s":{"a":0,"k":[80,80,100],"ix":6}},"ao":0,"hasMask":true,"masksProperties":[{"inv":false,"mode":"a","pt":{"a":0,"k":{"i":[[0.065,8.196],[6.269,-3.504],[0.069,-6.248],[-5.26,1.45]],"o":[[0,0],[0,0],[0,0],[0,0]],"v":[[658.068,911],[651.995,921.674],[657.979,931],[663.993,921.996]],"c":true},"ix":1},"o":{"a":0,"k":100,"ix":3},"x":{"a":0,"k":0,"ix":4},"nm":"蒙版 1"}],"ip":67,"op":125,"st":67,"bm":0},{"ddd":0,"ind":30,"ty":2,"nm":"星星55","refId":"image_8","sr":1,"ks":{"o":{"a":0,"k":100,"ix":11},"r":{"a":0,"k":0,"ix":10},"p":{"a":1,"k":[{"i":{"x":0.833,"y":0.833},"o":{"x":0.167,"y":0.167},"t":67,"s":[370.499,-184,0],"to":[0,116.667,0],"ti":[0,-116.667,0]},{"t":109,"s":[370.499,516,0]}],"ix":2},"a":{"a":0,"k":[702.994,780,0],"ix":1},"s":{"a":0,"k":[80,80,100],"ix":6}},"ao":0,"hasMask":true,"masksProperties":[{"inv":false,"mode":"a","pt":{"a":0,"k":{"i":[[0.065,8.196],[6.269,-3.504],[0.069,-6.248],[-5.26,1.45]],"o":[[0,0],[0,0],[0,0],[0,0]],"v":[[703.068,770],[696.995,780.674],[702.979,790],[708.993,780.996]],"c":true},"ix":1},"o":{"a":0,"k":100,"ix":3},"x":{"a":0,"k":0,"ix":4},"nm":"蒙版 1"}],"ip":67,"op":125,"st":67,"bm":0},{"ddd":0,"ind":31,"ty":2,"nm":"星星54","refId":"image_8","sr":1,"ks":{"o":{"a":0,"k":100,"ix":11},"r":{"a":0,"k":0,"ix":10},"p":{"a":1,"k":[{"i":{"x":0.833,"y":0.833},"o":{"x":0.167,"y":0.167},"t":67,"s":[372.994,-21,0],"to":[0,116.667,0],"ti":[0,-116.667,0]},{"t":109,"s":[372.994,679,0]}],"ix":2},"a":{"a":0,"k":[702.994,780,0],"ix":1},"s":{"a":0,"k":[80,80,100],"ix":6}},"ao":0,"hasMask":true,"masksProperties":[{"inv":false,"mode":"a","pt":{"a":0,"k":{"i":[[0.065,8.196],[6.269,-3.504],[0.069,-6.248],[-5.26,1.45]],"o":[[0,0],[0,0],[0,0],[0,0]],"v":[[703.068,770],[696.995,780.674],[702.979,790],[708.993,780.996]],"c":true},"ix":1},"o":{"a":0,"k":100,"ix":3},"x":{"a":0,"k":0,"ix":4},"nm":"蒙版 1"}],"ip":67,"op":125,"st":67,"bm":0},{"ddd":0,"ind":32,"ty":2,"nm":"星星53","refId":"image_7","sr":1,"ks":{"o":{"a":0,"k":100,"ix":11},"r":{"a":0,"k":0,"ix":10},"p":{"a":1,"k":[{"i":{"x":0.833,"y":0.833},"o":{"x":0.167,"y":0.167},"t":67,"s":[325.837,-71.723,0],"to":[0,116.667,0],"ti":[0,-116.667,0]},{"t":109,"s":[325.837,628.277,0]}],"ix":2},"a":{"a":0,"k":[657.493,921.996,0],"ix":1},"s":{"a":0,"k":[80,80,100],"ix":6}},"ao":0,"hasMask":true,"masksProperties":[{"inv":false,"mode":"a","pt":{"a":0,"k":{"i":[[0.065,8.196],[6.269,-3.504],[0.069,-6.248],[-5.26,1.45]],"o":[[0,0],[0,0],[0,0],[0,0]],"v":[[658.068,911],[651.995,921.674],[657.979,931],[663.993,921.996]],"c":true},"ix":1},"o":{"a":0,"k":100,"ix":3},"x":{"a":0,"k":0,"ix":4},"nm":"蒙版 1"}],"ip":67,"op":125,"st":67,"bm":0},{"ddd":0,"ind":33,"ty":2,"nm":"星星52","refId":"image_6","sr":1,"ks":{"o":{"a":0,"k":100,"ix":11},"r":{"a":0,"k":0,"ix":10},"p":{"a":1,"k":[{"i":{"x":0.833,"y":0.833},"o":{"x":0.167,"y":0.167},"t":67,"s":[209.307,48.625,0],"to":[0,116.667,0],"ti":[0,-116.667,0]},{"t":109,"s":[209.307,748.625,0]}],"ix":2},"a":{"a":0,"k":[425.994,1024,0],"ix":1},"s":{"a":0,"k":[80,80,100],"ix":6}},"ao":0,"hasMask":true,"masksProperties":[{"inv":false,"mode":"a","pt":{"a":0,"k":{"i":[[0.065,8.196],[6.269,-3.504],[0.069,-6.248],[-5.26,1.45]],"o":[[0,0],[0,0],[0,0],[0,0]],"v":[[426.068,1014],[419.995,1024.674],[425.979,1034],[431.993,1024.996]],"c":true},"ix":1},"o":{"a":0,"k":100,"ix":3},"x":{"a":0,"k":0,"ix":4},"nm":"蒙版 1"}],"ip":67,"op":125,"st":67,"bm":0},{"ddd":0,"ind":34,"ty":2,"nm":"星星51","refId":"image_5","sr":1,"ks":{"o":{"a":0,"k":100,"ix":11},"r":{"a":0,"k":0,"ix":10},"p":{"a":1,"k":[{"i":{"x":0.833,"y":0.833},"o":{"x":0.167,"y":0.167},"t":67,"s":[258.619,-26.75,0],"to":[0,116.667,0],"ti":[0,-116.667,0]},{"t":109,"s":[258.619,673.25,0]}],"ix":2},"a":{"a":0,"k":[514.994,790,0],"ix":1},"s":{"a":0,"k":[80,80,100],"ix":6}},"ao":0,"hasMask":true,"masksProperties":[{"inv":false,"mode":"a","pt":{"a":0,"k":{"i":[[0.065,8.196],[6.269,-3.504],[0.069,-6.248],[-5.26,1.45]],"o":[[0,0],[0,0],[0,0],[0,0]],"v":[[515.068,780],[508.995,790.674],[514.979,800],[520.993,790.996]],"c":true},"ix":1},"o":{"a":0,"k":100,"ix":3},"x":{"a":0,"k":0,"ix":4},"nm":"蒙版 1"}],"ip":67,"op":125,"st":67,"bm":0},{"ddd":0,"ind":35,"ty":2,"nm":"星星50","refId":"image_4","sr":1,"ks":{"o":{"a":0,"k":100,"ix":11},"r":{"a":0,"k":0,"ix":10},"p":{"a":1,"k":[{"i":{"x":0.833,"y":0.833},"o":{"x":0.167,"y":0.167},"t":67,"s":[27.807,54.813,0],"to":[0,116.667,0],"ti":[0,-116.667,0]},{"t":109,"s":[27.807,754.813,0]}],"ix":2},"a":{"a":0,"k":[353.994,874,0],"ix":1},"s":{"a":0,"k":[80,80,100],"ix":6}},"ao":0,"hasMask":true,"masksProperties":[{"inv":false,"mode":"a","pt":{"a":0,"k":{"i":[[0.065,8.196],[6.269,-3.504],[0.069,-6.248],[-5.26,1.45]],"o":[[0,0],[0,0],[0,0],[0,0]],"v":[[354.068,864],[347.995,874.674],[353.979,884],[359.993,874.996]],"c":true},"ix":1},"o":{"a":0,"k":100,"ix":3},"x":{"a":0,"k":0,"ix":4},"nm":"蒙版 1"}],"ip":67,"op":125,"st":67,"bm":0},{"ddd":0,"ind":36,"ty":2,"nm":"星星49","refId":"image_3","sr":1,"ks":{"o":{"a":0,"k":100,"ix":11},"r":{"a":0,"k":0,"ix":10},"p":{"a":1,"k":[{"i":{"x":0.833,"y":0.833},"o":{"x":0.167,"y":0.167},"t":67,"s":[151.744,-83.375,0],"to":[0,116.667,0],"ti":[0,-116.667,0]},{"t":109,"s":[151.744,616.625,0]}],"ix":2},"a":{"a":0,"k":[423.994,770,0],"ix":1},"s":{"a":0,"k":[80,80,100],"ix":6}},"ao":0,"hasMask":true,"masksProperties":[{"inv":false,"mode":"a","pt":{"a":0,"k":{"i":[[0.065,8.196],[6.269,-3.504],[0.069,-6.248],[-5.26,1.45]],"o":[[0,0],[0,0],[0,0],[0,0]],"v":[[424.068,760],[417.995,770.674],[423.979,780],[429.993,770.996]],"c":true},"ix":1},"o":{"a":0,"k":100,"ix":3},"x":{"a":0,"k":0,"ix":4},"nm":"蒙版 1"}],"ip":67,"op":125,"st":67,"bm":0},{"ddd":0,"ind":37,"ty":2,"nm":"星星48","refId":"image_3","sr":1,"ks":{"o":{"a":0,"k":100,"ix":11},"r":{"a":0,"k":0,"ix":10},"p":{"a":1,"k":[{"i":{"x":0.833,"y":0.833},"o":{"x":0.167,"y":0.167},"t":43,"s":[113.682,-260.625,0],"to":[0,120.833,0],"ti":[0,-120.833,0]},{"t":85,"s":[113.682,464.375,0]}],"ix":2},"a":{"a":0,"k":[423.994,770,0],"ix":1},"s":{"a":0,"k":[80,80,100],"ix":6}},"ao":0,"hasMask":true,"masksProperties":[{"inv":false,"mode":"a","pt":{"a":0,"k":{"i":[[0.065,8.196],[6.269,-3.504],[0.069,-6.248],[-5.26,1.45]],"o":[[0,0],[0,0],[0,0],[0,0]],"v":[[424.068,760],[417.995,770.674],[423.979,780],[429.993,770.996]],"c":true},"ix":1},"o":{"a":0,"k":100,"ix":3},"x":{"a":0,"k":0,"ix":4},"nm":"蒙版 1"}],"ip":43,"op":125,"st":43,"bm":0},{"ddd":0,"ind":38,"ty":2,"nm":"星星47","refId":"image_4","sr":1,"ks":{"o":{"a":0,"k":100,"ix":11},"r":{"a":0,"k":0,"ix":10},"p":{"a":1,"k":[{"i":{"x":0.833,"y":0.833},"o":{"x":0.167,"y":0.167},"t":43,"s":[47.994,-171.75,0],"to":[0,120.833,0],"ti":[0,-120.833,0]},{"t":85,"s":[47.994,553.25,0]}],"ix":2},"a":{"a":0,"k":[353.994,874,0],"ix":1},"s":{"a":0,"k":[80,80,100],"ix":6}},"ao":0,"hasMask":true,"masksProperties":[{"inv":false,"mode":"a","pt":{"a":0,"k":{"i":[[0.065,8.196],[6.269,-3.504],[0.069,-6.248],[-5.26,1.45]],"o":[[0,0],[0,0],[0,0],[0,0]],"v":[[354.068,864],[347.995,874.674],[353.979,884],[359.993,874.996]],"c":true},"ix":1},"o":{"a":0,"k":100,"ix":3},"x":{"a":0,"k":0,"ix":4},"nm":"蒙版 1"}],"ip":43,"op":125,"st":43,"bm":0},{"ddd":0,"ind":39,"ty":2,"nm":"星星46","refId":"image_5","sr":1,"ks":{"o":{"a":0,"k":100,"ix":11},"r":{"a":0,"k":0,"ix":10},"p":{"a":1,"k":[{"i":{"x":0.833,"y":0.833},"o":{"x":0.167,"y":0.167},"t":43,"s":[273.744,-291.25,0],"to":[0,120.833,0],"ti":[0,-120.833,0]},{"t":85,"s":[273.744,433.75,0]}],"ix":2},"a":{"a":0,"k":[514.994,790,0],"ix":1},"s":{"a":0,"k":[80,80,100],"ix":6}},"ao":0,"hasMask":true,"masksProperties":[{"inv":false,"mode":"a","pt":{"a":0,"k":{"i":[[0.065,8.196],[6.269,-3.504],[0.069,-6.248],[-5.26,1.45]],"o":[[0,0],[0,0],[0,0],[0,0]],"v":[[515.068,780],[508.995,790.674],[514.979,800],[520.993,790.996]],"c":true},"ix":1},"o":{"a":0,"k":100,"ix":3},"x":{"a":0,"k":0,"ix":4},"nm":"蒙版 1"}],"ip":43,"op":125,"st":43,"bm":0},{"ddd":0,"ind":40,"ty":2,"nm":"星星45","refId":"image_6","sr":1,"ks":{"o":{"a":0,"k":100,"ix":11},"r":{"a":0,"k":0,"ix":10},"p":{"a":1,"k":[{"i":{"x":0.833,"y":0.833},"o":{"x":0.167,"y":0.167},"t":43,"s":[120.682,-6.5,0],"to":[0,120.833,0],"ti":[0,-120.833,0]},{"t":85,"s":[120.682,718.5,0]}],"ix":2},"a":{"a":0,"k":[425.994,1024,0],"ix":1},"s":{"a":0,"k":[80,80,100],"ix":6}},"ao":0,"hasMask":true,"masksProperties":[{"inv":false,"mode":"a","pt":{"a":0,"k":{"i":[[0.065,8.196],[6.269,-3.504],[0.069,-6.248],[-5.26,1.45]],"o":[[0,0],[0,0],[0,0],[0,0]],"v":[[426.068,1014],[419.995,1024.674],[425.979,1034],[431.993,1024.996]],"c":true},"ix":1},"o":{"a":0,"k":100,"ix":3},"x":{"a":0,"k":0,"ix":4},"nm":"蒙版 1"}],"ip":43,"op":125,"st":43,"bm":0},{"ddd":0,"ind":41,"ty":2,"nm":"星星44","refId":"image_7","sr":1,"ks":{"o":{"a":0,"k":100,"ix":11},"r":{"a":0,"k":0,"ix":10},"p":{"a":1,"k":[{"i":{"x":0.833,"y":0.833},"o":{"x":0.167,"y":0.167},"t":43,"s":[211.493,-167.754,0],"to":[0,120.833,0],"ti":[0,-120.833,0]},{"t":85,"s":[211.493,557.246,0]}],"ix":2},"a":{"a":0,"k":[657.493,921.996,0],"ix":1},"s":{"a":0,"k":[80,80,100],"ix":6}},"ao":0,"hasMask":true,"masksProperties":[{"inv":false,"mode":"a","pt":{"a":0,"k":{"i":[[0.065,8.196],[6.269,-3.504],[0.069,-6.248],[-5.26,1.45]],"o":[[0,0],[0,0],[0,0],[0,0]],"v":[[658.068,911],[651.995,921.674],[657.979,931],[663.993,921.996]],"c":true},"ix":1},"o":{"a":0,"k":100,"ix":3},"x":{"a":0,"k":0,"ix":4},"nm":"蒙版 1"}],"ip":43,"op":125,"st":43,"bm":0},{"ddd":0,"ind":42,"ty":2,"nm":"星星43","refId":"image_8","sr":1,"ks":{"o":{"a":0,"k":100,"ix":11},"r":{"a":0,"k":0,"ix":10},"p":{"a":1,"k":[{"i":{"x":0.833,"y":0.833},"o":{"x":0.167,"y":0.167},"t":43,"s":[370.499,-209,0],"to":[0,120.833,0],"ti":[0,-120.833,0]},{"t":85,"s":[370.499,516,0]}],"ix":2},"a":{"a":0,"k":[702.994,780,0],"ix":1},"s":{"a":0,"k":[80,80,100],"ix":6}},"ao":0,"hasMask":true,"masksProperties":[{"inv":false,"mode":"a","pt":{"a":0,"k":{"i":[[0.065,8.196],[6.269,-3.504],[0.069,-6.248],[-5.26,1.45]],"o":[[0,0],[0,0],[0,0],[0,0]],"v":[[703.068,770],[696.995,780.674],[702.979,790],[708.993,780.996]],"c":true},"ix":1},"o":{"a":0,"k":100,"ix":3},"x":{"a":0,"k":0,"ix":4},"nm":"蒙版 1"}],"ip":43,"op":125,"st":43,"bm":0},{"ddd":0,"ind":43,"ty":2,"nm":"星星42","refId":"image_8","sr":1,"ks":{"o":{"a":0,"k":100,"ix":11},"r":{"a":0,"k":0,"ix":10},"p":{"a":1,"k":[{"i":{"x":0.833,"y":0.833},"o":{"x":0.167,"y":0.167},"t":43,"s":[372.994,-46,0],"to":[0,120.833,0],"ti":[0,-120.833,0]},{"t":85,"s":[372.994,679,0]}],"ix":2},"a":{"a":0,"k":[702.994,780,0],"ix":1},"s":{"a":0,"k":[80,80,100],"ix":6}},"ao":0,"hasMask":true,"masksProperties":[{"inv":false,"mode":"a","pt":{"a":0,"k":{"i":[[0.065,8.196],[6.269,-3.504],[0.069,-6.248],[-5.26,1.45]],"o":[[0,0],[0,0],[0,0],[0,0]],"v":[[703.068,770],[696.995,780.674],[702.979,790],[708.993,780.996]],"c":true},"ix":1},"o":{"a":0,"k":100,"ix":3},"x":{"a":0,"k":0,"ix":4},"nm":"蒙版 1"}],"ip":43,"op":125,"st":43,"bm":0},{"ddd":0,"ind":44,"ty":2,"nm":"星星41","refId":"image_7","sr":1,"ks":{"o":{"a":0,"k":100,"ix":11},"r":{"a":0,"k":0,"ix":10},"p":{"a":1,"k":[{"i":{"x":0.833,"y":0.833},"o":{"x":0.167,"y":0.167},"t":43,"s":[325.837,-96.723,0],"to":[0,120.833,0],"ti":[0,-120.833,0]},{"t":85,"s":[325.837,628.277,0]}],"ix":2},"a":{"a":0,"k":[657.493,921.996,0],"ix":1},"s":{"a":0,"k":[80,80,100],"ix":6}},"ao":0,"hasMask":true,"masksProperties":[{"inv":false,"mode":"a","pt":{"a":0,"k":{"i":[[0.065,8.196],[6.269,-3.504],[0.069,-6.248],[-5.26,1.45]],"o":[[0,0],[0,0],[0,0],[0,0]],"v":[[658.068,911],[651.995,921.674],[657.979,931],[663.993,921.996]],"c":true},"ix":1},"o":{"a":0,"k":100,"ix":3},"x":{"a":0,"k":0,"ix":4},"nm":"蒙版 1"}],"ip":43,"op":125,"st":43,"bm":0},{"ddd":0,"ind":45,"ty":2,"nm":"星星40","refId":"image_6","sr":1,"ks":{"o":{"a":0,"k":100,"ix":11},"r":{"a":0,"k":0,"ix":10},"p":{"a":1,"k":[{"i":{"x":0.833,"y":0.833},"o":{"x":0.167,"y":0.167},"t":43,"s":[209.307,23.625,0],"to":[0,120.833,0],"ti":[0,-120.833,0]},{"t":85,"s":[209.307,748.625,0]}],"ix":2},"a":{"a":0,"k":[425.994,1024,0],"ix":1},"s":{"a":0,"k":[80,80,100],"ix":6}},"ao":0,"hasMask":true,"masksProperties":[{"inv":false,"mode":"a","pt":{"a":0,"k":{"i":[[0.065,8.196],[6.269,-3.504],[0.069,-6.248],[-5.26,1.45]],"o":[[0,0],[0,0],[0,0],[0,0]],"v":[[426.068,1014],[419.995,1024.674],[425.979,1034],[431.993,1024.996]],"c":true},"ix":1},"o":{"a":0,"k":100,"ix":3},"x":{"a":0,"k":0,"ix":4},"nm":"蒙版 1"}],"ip":43,"op":125,"st":43,"bm":0},{"ddd":0,"ind":46,"ty":2,"nm":"星星39","refId":"image_5","sr":1,"ks":{"o":{"a":0,"k":100,"ix":11},"r":{"a":0,"k":0,"ix":10},"p":{"a":1,"k":[{"i":{"x":0.833,"y":0.833},"o":{"x":0.167,"y":0.167},"t":43,"s":[258.619,-51.75,0],"to":[0,120.833,0],"ti":[0,-120.833,0]},{"t":85,"s":[258.619,673.25,0]}],"ix":2},"a":{"a":0,"k":[514.994,790,0],"ix":1},"s":{"a":0,"k":[80,80,100],"ix":6}},"ao":0,"hasMask":true,"masksProperties":[{"inv":false,"mode":"a","pt":{"a":0,"k":{"i":[[0.065,8.196],[6.269,-3.504],[0.069,-6.248],[-5.26,1.45]],"o":[[0,0],[0,0],[0,0],[0,0]],"v":[[515.068,780],[508.995,790.674],[514.979,800],[520.993,790.996]],"c":true},"ix":1},"o":{"a":0,"k":100,"ix":3},"x":{"a":0,"k":0,"ix":4},"nm":"蒙版 1"}],"ip":43,"op":125,"st":43,"bm":0},{"ddd":0,"ind":47,"ty":2,"nm":"星星38","refId":"image_4","sr":1,"ks":{"o":{"a":0,"k":100,"ix":11},"r":{"a":0,"k":0,"ix":10},"p":{"a":1,"k":[{"i":{"x":0.833,"y":0.833},"o":{"x":0.167,"y":0.167},"t":43,"s":[27.807,29.813,0],"to":[0,120.833,0],"ti":[0,-120.833,0]},{"t":85,"s":[27.807,754.813,0]}],"ix":2},"a":{"a":0,"k":[353.994,874,0],"ix":1},"s":{"a":0,"k":[80,80,100],"ix":6}},"ao":0,"hasMask":true,"masksProperties":[{"inv":false,"mode":"a","pt":{"a":0,"k":{"i":[[0.065,8.196],[6.269,-3.504],[0.069,-6.248],[-5.26,1.45]],"o":[[0,0],[0,0],[0,0],[0,0]],"v":[[354.068,864],[347.995,874.674],[353.979,884],[359.993,874.996]],"c":true},"ix":1},"o":{"a":0,"k":100,"ix":3},"x":{"a":0,"k":0,"ix":4},"nm":"蒙版 1"}],"ip":43,"op":125,"st":43,"bm":0},{"ddd":0,"ind":48,"ty":2,"nm":"星星37","refId":"image_3","sr":1,"ks":{"o":{"a":0,"k":100,"ix":11},"r":{"a":0,"k":0,"ix":10},"p":{"a":1,"k":[{"i":{"x":0.833,"y":0.833},"o":{"x":0.167,"y":0.167},"t":43,"s":[151.744,-108.375,0],"to":[0,120.833,0],"ti":[0,-120.833,0]},{"t":85,"s":[151.744,616.625,0]}],"ix":2},"a":{"a":0,"k":[423.994,770,0],"ix":1},"s":{"a":0,"k":[80,80,100],"ix":6}},"ao":0,"hasMask":true,"masksProperties":[{"inv":false,"mode":"a","pt":{"a":0,"k":{"i":[[0.065,8.196],[6.269,-3.504],[0.069,-6.248],[-5.26,1.45]],"o":[[0,0],[0,0],[0,0],[0,0]],"v":[[424.068,760],[417.995,770.674],[423.979,780],[429.993,770.996]],"c":true},"ix":1},"o":{"a":0,"k":100,"ix":3},"x":{"a":0,"k":0,"ix":4},"nm":"蒙版 1"}],"ip":43,"op":125,"st":43,"bm":0},{"ddd":0,"ind":49,"ty":2,"nm":"星星36","refId":"image_3","sr":1,"ks":{"o":{"a":0,"k":100,"ix":11},"r":{"a":0,"k":0,"ix":10},"p":{"a":1,"k":[{"i":{"x":0.833,"y":0.833},"o":{"x":0.167,"y":0.167},"t":23,"s":[113.682,-231.625,0],"to":[0,116,0],"ti":[0,-116,0]},{"t":63,"s":[113.682,464.375,0]}],"ix":2},"a":{"a":0,"k":[423.994,770,0],"ix":1},"s":{"a":0,"k":[80,80,100],"ix":6}},"ao":0,"hasMask":true,"masksProperties":[{"inv":false,"mode":"a","pt":{"a":0,"k":{"i":[[0.065,8.196],[6.269,-3.504],[0.069,-6.248],[-5.26,1.45]],"o":[[0,0],[0,0],[0,0],[0,0]],"v":[[424.068,760],[417.995,770.674],[423.979,780],[429.993,770.996]],"c":true},"ix":1},"o":{"a":0,"k":100,"ix":3},"x":{"a":0,"k":0,"ix":4},"nm":"蒙版 1"}],"ip":23,"op":125,"st":23,"bm":0},{"ddd":0,"ind":50,"ty":2,"nm":"星星35","refId":"image_4","sr":1,"ks":{"o":{"a":0,"k":100,"ix":11},"r":{"a":0,"k":0,"ix":10},"p":{"a":1,"k":[{"i":{"x":0.833,"y":0.833},"o":{"x":0.167,"y":0.167},"t":23,"s":[47.994,-142.75,0],"to":[0,116,0],"ti":[0,-116,0]},{"t":63,"s":[47.994,553.25,0]}],"ix":2},"a":{"a":0,"k":[353.994,874,0],"ix":1},"s":{"a":0,"k":[80,80,100],"ix":6}},"ao":0,"hasMask":true,"masksProperties":[{"inv":false,"mode":"a","pt":{"a":0,"k":{"i":[[0.065,8.196],[6.269,-3.504],[0.069,-6.248],[-5.26,1.45]],"o":[[0,0],[0,0],[0,0],[0,0]],"v":[[354.068,864],[347.995,874.674],[353.979,884],[359.993,874.996]],"c":true},"ix":1},"o":{"a":0,"k":100,"ix":3},"x":{"a":0,"k":0,"ix":4},"nm":"蒙版 1"}],"ip":23,"op":125,"st":23,"bm":0},{"ddd":0,"ind":51,"ty":2,"nm":"星星34","refId":"image_5","sr":1,"ks":{"o":{"a":0,"k":100,"ix":11},"r":{"a":0,"k":0,"ix":10},"p":{"a":1,"k":[{"i":{"x":0.833,"y":0.833},"o":{"x":0.167,"y":0.167},"t":23,"s":[273.744,-262.25,0],"to":[0,116,0],"ti":[0,-116,0]},{"t":63,"s":[273.744,433.75,0]}],"ix":2},"a":{"a":0,"k":[514.994,790,0],"ix":1},"s":{"a":0,"k":[80,80,100],"ix":6}},"ao":0,"hasMask":true,"masksProperties":[{"inv":false,"mode":"a","pt":{"a":0,"k":{"i":[[0.065,8.196],[6.269,-3.504],[0.069,-6.248],[-5.26,1.45]],"o":[[0,0],[0,0],[0,0],[0,0]],"v":[[515.068,780],[508.995,790.674],[514.979,800],[520.993,790.996]],"c":true},"ix":1},"o":{"a":0,"k":100,"ix":3},"x":{"a":0,"k":0,"ix":4},"nm":"蒙版 1"}],"ip":23,"op":125,"st":23,"bm":0},{"ddd":0,"ind":52,"ty":2,"nm":"星星33","refId":"image_6","sr":1,"ks":{"o":{"a":0,"k":100,"ix":11},"r":{"a":0,"k":0,"ix":10},"p":{"a":1,"k":[{"i":{"x":0.833,"y":0.833},"o":{"x":0.167,"y":0.167},"t":23,"s":[120.682,22.5,0],"to":[0,116,0],"ti":[0,-116,0]},{"t":63,"s":[120.682,718.5,0]}],"ix":2},"a":{"a":0,"k":[425.994,1024,0],"ix":1},"s":{"a":0,"k":[80,80,100],"ix":6}},"ao":0,"hasMask":true,"masksProperties":[{"inv":false,"mode":"a","pt":{"a":0,"k":{"i":[[0.065,8.196],[6.269,-3.504],[0.069,-6.248],[-5.26,1.45]],"o":[[0,0],[0,0],[0,0],[0,0]],"v":[[426.068,1014],[419.995,1024.674],[425.979,1034],[431.993,1024.996]],"c":true},"ix":1},"o":{"a":0,"k":100,"ix":3},"x":{"a":0,"k":0,"ix":4},"nm":"蒙版 1"}],"ip":23,"op":125,"st":23,"bm":0},{"ddd":0,"ind":53,"ty":2,"nm":"星星32","refId":"image_7","sr":1,"ks":{"o":{"a":0,"k":100,"ix":11},"r":{"a":0,"k":0,"ix":10},"p":{"a":1,"k":[{"i":{"x":0.833,"y":0.833},"o":{"x":0.167,"y":0.167},"t":23,"s":[211.493,-138.754,0],"to":[0,116,0],"ti":[0,-116,0]},{"t":63,"s":[211.493,557.246,0]}],"ix":2},"a":{"a":0,"k":[657.493,921.996,0],"ix":1},"s":{"a":0,"k":[80,80,100],"ix":6}},"ao":0,"hasMask":true,"masksProperties":[{"inv":false,"mode":"a","pt":{"a":0,"k":{"i":[[0.065,8.196],[6.269,-3.504],[0.069,-6.248],[-5.26,1.45]],"o":[[0,0],[0,0],[0,0],[0,0]],"v":[[658.068,911],[651.995,921.674],[657.979,931],[663.993,921.996]],"c":true},"ix":1},"o":{"a":0,"k":100,"ix":3},"x":{"a":0,"k":0,"ix":4},"nm":"蒙版 1"}],"ip":23,"op":125,"st":23,"bm":0},{"ddd":0,"ind":54,"ty":2,"nm":"星星31","refId":"image_8","sr":1,"ks":{"o":{"a":0,"k":100,"ix":11},"r":{"a":0,"k":0,"ix":10},"p":{"a":1,"k":[{"i":{"x":0.833,"y":0.833},"o":{"x":0.167,"y":0.167},"t":23,"s":[370.499,-180,0],"to":[0,116,0],"ti":[0,-116,0]},{"t":63,"s":[370.499,516,0]}],"ix":2},"a":{"a":0,"k":[702.994,780,0],"ix":1},"s":{"a":0,"k":[80,80,100],"ix":6}},"ao":0,"hasMask":true,"masksProperties":[{"inv":false,"mode":"a","pt":{"a":0,"k":{"i":[[0.065,8.196],[6.269,-3.504],[0.069,-6.248],[-5.26,1.45]],"o":[[0,0],[0,0],[0,0],[0,0]],"v":[[703.068,770],[696.995,780.674],[702.979,790],[708.993,780.996]],"c":true},"ix":1},"o":{"a":0,"k":100,"ix":3},"x":{"a":0,"k":0,"ix":4},"nm":"蒙版 1"}],"ip":23,"op":125,"st":23,"bm":0},{"ddd":0,"ind":55,"ty":2,"nm":"星星30","refId":"image_8","sr":1,"ks":{"o":{"a":0,"k":100,"ix":11},"r":{"a":0,"k":0,"ix":10},"p":{"a":1,"k":[{"i":{"x":0.833,"y":0.833},"o":{"x":0.167,"y":0.167},"t":23,"s":[372.994,-17,0],"to":[0,116,0],"ti":[0,-116,0]},{"t":63,"s":[372.994,679,0]}],"ix":2},"a":{"a":0,"k":[702.994,780,0],"ix":1},"s":{"a":0,"k":[80,80,100],"ix":6}},"ao":0,"hasMask":true,"masksProperties":[{"inv":false,"mode":"a","pt":{"a":0,"k":{"i":[[0.065,8.196],[6.269,-3.504],[0.069,-6.248],[-5.26,1.45]],"o":[[0,0],[0,0],[0,0],[0,0]],"v":[[703.068,770],[696.995,780.674],[702.979,790],[708.993,780.996]],"c":true},"ix":1},"o":{"a":0,"k":100,"ix":3},"x":{"a":0,"k":0,"ix":4},"nm":"蒙版 1"}],"ip":23,"op":125,"st":23,"bm":0},{"ddd":0,"ind":56,"ty":2,"nm":"星星29","refId":"image_7","sr":1,"ks":{"o":{"a":0,"k":100,"ix":11},"r":{"a":0,"k":0,"ix":10},"p":{"a":1,"k":[{"i":{"x":0.833,"y":0.833},"o":{"x":0.167,"y":0.167},"t":23,"s":[325.837,-67.723,0],"to":[0,116,0],"ti":[0,-116,0]},{"t":63,"s":[325.837,628.277,0]}],"ix":2},"a":{"a":0,"k":[657.493,921.996,0],"ix":1},"s":{"a":0,"k":[80,80,100],"ix":6}},"ao":0,"hasMask":true,"masksProperties":[{"inv":false,"mode":"a","pt":{"a":0,"k":{"i":[[0.065,8.196],[6.269,-3.504],[0.069,-6.248],[-5.26,1.45]],"o":[[0,0],[0,0],[0,0],[0,0]],"v":[[658.068,911],[651.995,921.674],[657.979,931],[663.993,921.996]],"c":true},"ix":1},"o":{"a":0,"k":100,"ix":3},"x":{"a":0,"k":0,"ix":4},"nm":"蒙版 1"}],"ip":23,"op":125,"st":23,"bm":0},{"ddd":0,"ind":57,"ty":2,"nm":"星星28","refId":"image_6","sr":1,"ks":{"o":{"a":0,"k":100,"ix":11},"r":{"a":0,"k":0,"ix":10},"p":{"a":1,"k":[{"i":{"x":0.833,"y":0.833},"o":{"x":0.167,"y":0.167},"t":23,"s":[209.307,52.625,0],"to":[0,116,0],"ti":[0,-116,0]},{"t":63,"s":[209.307,748.625,0]}],"ix":2},"a":{"a":0,"k":[425.994,1024,0],"ix":1},"s":{"a":0,"k":[80,80,100],"ix":6}},"ao":0,"hasMask":true,"masksProperties":[{"inv":false,"mode":"a","pt":{"a":0,"k":{"i":[[0.065,8.196],[6.269,-3.504],[0.069,-6.248],[-5.26,1.45]],"o":[[0,0],[0,0],[0,0],[0,0]],"v":[[426.068,1014],[419.995,1024.674],[425.979,1034],[431.993,1024.996]],"c":true},"ix":1},"o":{"a":0,"k":100,"ix":3},"x":{"a":0,"k":0,"ix":4},"nm":"蒙版 1"}],"ip":23,"op":125,"st":23,"bm":0},{"ddd":0,"ind":58,"ty":2,"nm":"星星27","refId":"image_5","sr":1,"ks":{"o":{"a":0,"k":100,"ix":11},"r":{"a":0,"k":0,"ix":10},"p":{"a":1,"k":[{"i":{"x":0.833,"y":0.833},"o":{"x":0.167,"y":0.167},"t":23,"s":[258.619,-22.75,0],"to":[0,116,0],"ti":[0,-116,0]},{"t":63,"s":[258.619,673.25,0]}],"ix":2},"a":{"a":0,"k":[514.994,790,0],"ix":1},"s":{"a":0,"k":[80,80,100],"ix":6}},"ao":0,"hasMask":true,"masksProperties":[{"inv":false,"mode":"a","pt":{"a":0,"k":{"i":[[0.065,8.196],[6.269,-3.504],[0.069,-6.248],[-5.26,1.45]],"o":[[0,0],[0,0],[0,0],[0,0]],"v":[[515.068,780],[508.995,790.674],[514.979,800],[520.993,790.996]],"c":true},"ix":1},"o":{"a":0,"k":100,"ix":3},"x":{"a":0,"k":0,"ix":4},"nm":"蒙版 1"}],"ip":23,"op":125,"st":23,"bm":0},{"ddd":0,"ind":59,"ty":2,"nm":"星星26","refId":"image_4","sr":1,"ks":{"o":{"a":0,"k":100,"ix":11},"r":{"a":0,"k":0,"ix":10},"p":{"a":1,"k":[{"i":{"x":0.833,"y":0.833},"o":{"x":0.167,"y":0.167},"t":23,"s":[27.807,58.813,0],"to":[0,116,0],"ti":[0,-116,0]},{"t":63,"s":[27.807,754.813,0]}],"ix":2},"a":{"a":0,"k":[353.994,874,0],"ix":1},"s":{"a":0,"k":[80,80,100],"ix":6}},"ao":0,"hasMask":true,"masksProperties":[{"inv":false,"mode":"a","pt":{"a":0,"k":{"i":[[0.065,8.196],[6.269,-3.504],[0.069,-6.248],[-5.26,1.45]],"o":[[0,0],[0,0],[0,0],[0,0]],"v":[[354.068,864],[347.995,874.674],[353.979,884],[359.993,874.996]],"c":true},"ix":1},"o":{"a":0,"k":100,"ix":3},"x":{"a":0,"k":0,"ix":4},"nm":"蒙版 1"}],"ip":23,"op":125,"st":23,"bm":0},{"ddd":0,"ind":60,"ty":2,"nm":"星星25","refId":"image_3","sr":1,"ks":{"o":{"a":0,"k":100,"ix":11},"r":{"a":0,"k":0,"ix":10},"p":{"a":1,"k":[{"i":{"x":0.833,"y":0.833},"o":{"x":0.167,"y":0.167},"t":23,"s":[151.744,-79.375,0],"to":[0,116,0],"ti":[0,-116,0]},{"t":63,"s":[151.744,616.625,0]}],"ix":2},"a":{"a":0,"k":[423.994,770,0],"ix":1},"s":{"a":0,"k":[80,80,100],"ix":6}},"ao":0,"hasMask":true,"masksProperties":[{"inv":false,"mode":"a","pt":{"a":0,"k":{"i":[[0.065,8.196],[6.269,-3.504],[0.069,-6.248],[-5.26,1.45]],"o":[[0,0],[0,0],[0,0],[0,0]],"v":[[424.068,760],[417.995,770.674],[423.979,780],[429.993,770.996]],"c":true},"ix":1},"o":{"a":0,"k":100,"ix":3},"x":{"a":0,"k":0,"ix":4},"nm":"蒙版 1"}],"ip":23,"op":125,"st":23,"bm":0},{"ddd":0,"ind":61,"ty":2,"nm":"星星24","refId":"image_3","sr":1,"ks":{"o":{"a":0,"k":100,"ix":11},"r":{"a":0,"k":0,"ix":10},"p":{"a":1,"k":[{"i":{"x":0.833,"y":0.833},"o":{"x":0.167,"y":0.167},"t":4,"s":[113.682,-228.625,0],"to":[0,115.5,0],"ti":[0,-115.5,0]},{"t":40,"s":[113.682,464.375,0]}],"ix":2},"a":{"a":0,"k":[423.994,770,0],"ix":1},"s":{"a":0,"k":[80,80,100],"ix":6}},"ao":0,"hasMask":true,"masksProperties":[{"inv":false,"mode":"a","pt":{"a":0,"k":{"i":[[0.065,8.196],[6.269,-3.504],[0.069,-6.248],[-5.26,1.45]],"o":[[0,0],[0,0],[0,0],[0,0]],"v":[[424.068,760],[417.995,770.674],[423.979,780],[429.993,770.996]],"c":true},"ix":1},"o":{"a":0,"k":100,"ix":3},"x":{"a":0,"k":0,"ix":4},"nm":"蒙版 1"}],"ip":4,"op":125,"st":4,"bm":0},{"ddd":0,"ind":62,"ty":2,"nm":"星星23","refId":"image_4","sr":1,"ks":{"o":{"a":0,"k":100,"ix":11},"r":{"a":0,"k":0,"ix":10},"p":{"a":1,"k":[{"i":{"x":0.833,"y":0.833},"o":{"x":0.167,"y":0.167},"t":4,"s":[47.994,-139.75,0],"to":[0,115.5,0],"ti":[0,-115.5,0]},{"t":40,"s":[47.994,553.25,0]}],"ix":2},"a":{"a":0,"k":[353.994,874,0],"ix":1},"s":{"a":0,"k":[80,80,100],"ix":6}},"ao":0,"hasMask":true,"masksProperties":[{"inv":false,"mode":"a","pt":{"a":0,"k":{"i":[[0.065,8.196],[6.269,-3.504],[0.069,-6.248],[-5.26,1.45]],"o":[[0,0],[0,0],[0,0],[0,0]],"v":[[354.068,864],[347.995,874.674],[353.979,884],[359.993,874.996]],"c":true},"ix":1},"o":{"a":0,"k":100,"ix":3},"x":{"a":0,"k":0,"ix":4},"nm":"蒙版 1"}],"ip":4,"op":125,"st":4,"bm":0},{"ddd":0,"ind":63,"ty":2,"nm":"星星22","refId":"image_5","sr":1,"ks":{"o":{"a":0,"k":100,"ix":11},"r":{"a":0,"k":0,"ix":10},"p":{"a":1,"k":[{"i":{"x":0.833,"y":0.833},"o":{"x":0.167,"y":0.167},"t":4,"s":[273.744,-259.25,0],"to":[0,115.5,0],"ti":[0,-115.5,0]},{"t":40,"s":[273.744,433.75,0]}],"ix":2},"a":{"a":0,"k":[514.994,790,0],"ix":1},"s":{"a":0,"k":[80,80,100],"ix":6}},"ao":0,"hasMask":true,"masksProperties":[{"inv":false,"mode":"a","pt":{"a":0,"k":{"i":[[0.065,8.196],[6.269,-3.504],[0.069,-6.248],[-5.26,1.45]],"o":[[0,0],[0,0],[0,0],[0,0]],"v":[[515.068,780],[508.995,790.674],[514.979,800],[520.993,790.996]],"c":true},"ix":1},"o":{"a":0,"k":100,"ix":3},"x":{"a":0,"k":0,"ix":4},"nm":"蒙版 1"}],"ip":4,"op":125,"st":4,"bm":0},{"ddd":0,"ind":64,"ty":2,"nm":"星星21","refId":"image_6","sr":1,"ks":{"o":{"a":0,"k":100,"ix":11},"r":{"a":0,"k":0,"ix":10},"p":{"a":1,"k":[{"i":{"x":0.833,"y":0.833},"o":{"x":0.167,"y":0.167},"t":4,"s":[120.682,25.5,0],"to":[0,115.5,0],"ti":[0,-115.5,0]},{"t":40,"s":[120.682,718.5,0]}],"ix":2},"a":{"a":0,"k":[425.994,1024,0],"ix":1},"s":{"a":0,"k":[80,80,100],"ix":6}},"ao":0,"hasMask":true,"masksProperties":[{"inv":false,"mode":"a","pt":{"a":0,"k":{"i":[[0.065,8.196],[6.269,-3.504],[0.069,-6.248],[-5.26,1.45]],"o":[[0,0],[0,0],[0,0],[0,0]],"v":[[426.068,1014],[419.995,1024.674],[425.979,1034],[431.993,1024.996]],"c":true},"ix":1},"o":{"a":0,"k":100,"ix":3},"x":{"a":0,"k":0,"ix":4},"nm":"蒙版 1"}],"ip":4,"op":125,"st":4,"bm":0},{"ddd":0,"ind":65,"ty":2,"nm":"星星20","refId":"image_7","sr":1,"ks":{"o":{"a":0,"k":100,"ix":11},"r":{"a":0,"k":0,"ix":10},"p":{"a":1,"k":[{"i":{"x":0.833,"y":0.833},"o":{"x":0.167,"y":0.167},"t":4,"s":[211.493,-135.754,0],"to":[0,115.5,0],"ti":[0,-115.5,0]},{"t":40,"s":[211.493,557.246,0]}],"ix":2},"a":{"a":0,"k":[657.493,921.996,0],"ix":1},"s":{"a":0,"k":[80,80,100],"ix":6}},"ao":0,"hasMask":true,"masksProperties":[{"inv":false,"mode":"a","pt":{"a":0,"k":{"i":[[0.065,8.196],[6.269,-3.504],[0.069,-6.248],[-5.26,1.45]],"o":[[0,0],[0,0],[0,0],[0,0]],"v":[[658.068,911],[651.995,921.674],[657.979,931],[663.993,921.996]],"c":true},"ix":1},"o":{"a":0,"k":100,"ix":3},"x":{"a":0,"k":0,"ix":4},"nm":"蒙版 1"}],"ip":4,"op":125,"st":4,"bm":0},{"ddd":0,"ind":66,"ty":2,"nm":"星星19","refId":"image_8","sr":1,"ks":{"o":{"a":0,"k":100,"ix":11},"r":{"a":0,"k":0,"ix":10},"p":{"a":1,"k":[{"i":{"x":0.833,"y":0.833},"o":{"x":0.167,"y":0.167},"t":4,"s":[370.499,-177,0],"to":[0,115.5,0],"ti":[0,-115.5,0]},{"t":40,"s":[370.499,516,0]}],"ix":2},"a":{"a":0,"k":[702.994,780,0],"ix":1},"s":{"a":0,"k":[80,80,100],"ix":6}},"ao":0,"hasMask":true,"masksProperties":[{"inv":false,"mode":"a","pt":{"a":0,"k":{"i":[[0.065,8.196],[6.269,-3.504],[0.069,-6.248],[-5.26,1.45]],"o":[[0,0],[0,0],[0,0],[0,0]],"v":[[703.068,770],[696.995,780.674],[702.979,790],[708.993,780.996]],"c":true},"ix":1},"o":{"a":0,"k":100,"ix":3},"x":{"a":0,"k":0,"ix":4},"nm":"蒙版 1"}],"ip":4,"op":125,"st":4,"bm":0},{"ddd":0,"ind":67,"ty":2,"nm":"星星18","refId":"image_8","sr":1,"ks":{"o":{"a":0,"k":100,"ix":11},"r":{"a":0,"k":0,"ix":10},"p":{"a":1,"k":[{"i":{"x":0.833,"y":0.833},"o":{"x":0.167,"y":0.167},"t":4,"s":[372.994,-14,0],"to":[0,115.5,0],"ti":[0,-115.5,0]},{"t":40,"s":[372.994,679,0]}],"ix":2},"a":{"a":0,"k":[702.994,780,0],"ix":1},"s":{"a":0,"k":[80,80,100],"ix":6}},"ao":0,"hasMask":true,"masksProperties":[{"inv":false,"mode":"a","pt":{"a":0,"k":{"i":[[0.065,8.196],[6.269,-3.504],[0.069,-6.248],[-5.26,1.45]],"o":[[0,0],[0,0],[0,0],[0,0]],"v":[[703.068,770],[696.995,780.674],[702.979,790],[708.993,780.996]],"c":true},"ix":1},"o":{"a":0,"k":100,"ix":3},"x":{"a":0,"k":0,"ix":4},"nm":"蒙版 1"}],"ip":4,"op":125,"st":4,"bm":0},{"ddd":0,"ind":68,"ty":2,"nm":"星星17","refId":"image_7","sr":1,"ks":{"o":{"a":0,"k":100,"ix":11},"r":{"a":0,"k":0,"ix":10},"p":{"a":1,"k":[{"i":{"x":0.833,"y":0.833},"o":{"x":0.167,"y":0.167},"t":4,"s":[325.837,-64.723,0],"to":[0,115.5,0],"ti":[0,-115.5,0]},{"t":40,"s":[325.837,628.277,0]}],"ix":2},"a":{"a":0,"k":[657.493,921.996,0],"ix":1},"s":{"a":0,"k":[80,80,100],"ix":6}},"ao":0,"hasMask":true,"masksProperties":[{"inv":false,"mode":"a","pt":{"a":0,"k":{"i":[[0.065,8.196],[6.269,-3.504],[0.069,-6.248],[-5.26,1.45]],"o":[[0,0],[0,0],[0,0],[0,0]],"v":[[658.068,911],[651.995,921.674],[657.979,931],[663.993,921.996]],"c":true},"ix":1},"o":{"a":0,"k":100,"ix":3},"x":{"a":0,"k":0,"ix":4},"nm":"蒙版 1"}],"ip":4,"op":125,"st":4,"bm":0},{"ddd":0,"ind":69,"ty":2,"nm":"星星16","refId":"image_6","sr":1,"ks":{"o":{"a":0,"k":100,"ix":11},"r":{"a":0,"k":0,"ix":10},"p":{"a":1,"k":[{"i":{"x":0.833,"y":0.833},"o":{"x":0.167,"y":0.167},"t":4,"s":[209.307,55.625,0],"to":[0,115.5,0],"ti":[0,-115.5,0]},{"t":40,"s":[209.307,748.625,0]}],"ix":2},"a":{"a":0,"k":[425.994,1024,0],"ix":1},"s":{"a":0,"k":[80,80,100],"ix":6}},"ao":0,"hasMask":true,"masksProperties":[{"inv":false,"mode":"a","pt":{"a":0,"k":{"i":[[0.065,8.196],[6.269,-3.504],[0.069,-6.248],[-5.26,1.45]],"o":[[0,0],[0,0],[0,0],[0,0]],"v":[[426.068,1014],[419.995,1024.674],[425.979,1034],[431.993,1024.996]],"c":true},"ix":1},"o":{"a":0,"k":100,"ix":3},"x":{"a":0,"k":0,"ix":4},"nm":"蒙版 1"}],"ip":4,"op":125,"st":4,"bm":0},{"ddd":0,"ind":70,"ty":2,"nm":"星星15","refId":"image_5","sr":1,"ks":{"o":{"a":0,"k":100,"ix":11},"r":{"a":0,"k":0,"ix":10},"p":{"a":1,"k":[{"i":{"x":0.833,"y":0.833},"o":{"x":0.167,"y":0.167},"t":4,"s":[258.619,-19.75,0],"to":[0,115.5,0],"ti":[0,-115.5,0]},{"t":40,"s":[258.619,673.25,0]}],"ix":2},"a":{"a":0,"k":[514.994,790,0],"ix":1},"s":{"a":0,"k":[80,80,100],"ix":6}},"ao":0,"hasMask":true,"masksProperties":[{"inv":false,"mode":"a","pt":{"a":0,"k":{"i":[[0.065,8.196],[6.269,-3.504],[0.069,-6.248],[-5.26,1.45]],"o":[[0,0],[0,0],[0,0],[0,0]],"v":[[515.068,780],[508.995,790.674],[514.979,800],[520.993,790.996]],"c":true},"ix":1},"o":{"a":0,"k":100,"ix":3},"x":{"a":0,"k":0,"ix":4},"nm":"蒙版 1"}],"ip":4,"op":125,"st":4,"bm":0},{"ddd":0,"ind":71,"ty":2,"nm":"星星14","refId":"image_4","sr":1,"ks":{"o":{"a":0,"k":100,"ix":11},"r":{"a":0,"k":0,"ix":10},"p":{"a":1,"k":[{"i":{"x":0.833,"y":0.833},"o":{"x":0.167,"y":0.167},"t":4,"s":[27.807,61.813,0],"to":[0,115.5,0],"ti":[0,-115.5,0]},{"t":23,"s":[27.807,754.813,0]}],"ix":2},"a":{"a":0,"k":[353.994,874,0],"ix":1},"s":{"a":0,"k":[80,80,100],"ix":6}},"ao":0,"hasMask":true,"masksProperties":[{"inv":false,"mode":"a","pt":{"a":0,"k":{"i":[[0.065,8.196],[6.269,-3.504],[0.069,-6.248],[-5.26,1.45]],"o":[[0,0],[0,0],[0,0],[0,0]],"v":[[354.068,864],[347.995,874.674],[353.979,884],[359.993,874.996]],"c":true},"ix":1},"o":{"a":0,"k":100,"ix":3},"x":{"a":0,"k":0,"ix":4},"nm":"蒙版 1"}],"ip":4,"op":125,"st":4,"bm":0},{"ddd":0,"ind":72,"ty":2,"nm":"星星13","refId":"image_3","sr":1,"ks":{"o":{"a":0,"k":100,"ix":11},"r":{"a":0,"k":0,"ix":10},"p":{"a":1,"k":[{"i":{"x":0.833,"y":0.833},"o":{"x":0.167,"y":0.167},"t":4,"s":[151.744,-76.375,0],"to":[0,115.5,0],"ti":[0,-115.5,0]},{"t":23,"s":[151.744,616.625,0]}],"ix":2},"a":{"a":0,"k":[423.994,770,0],"ix":1},"s":{"a":0,"k":[80,80,100],"ix":6}},"ao":0,"hasMask":true,"masksProperties":[{"inv":false,"mode":"a","pt":{"a":0,"k":{"i":[[0.065,8.196],[6.269,-3.504],[0.069,-6.248],[-5.26,1.45]],"o":[[0,0],[0,0],[0,0],[0,0]],"v":[[424.068,760],[417.995,770.674],[423.979,780],[429.993,770.996]],"c":true},"ix":1},"o":{"a":0,"k":100,"ix":3},"x":{"a":0,"k":0,"ix":4},"nm":"蒙版 1"}],"ip":4,"op":125,"st":4,"bm":0},{"ddd":0,"ind":73,"ty":2,"nm":"星星12","refId":"image_3","sr":1,"ks":{"o":{"a":0,"k":100,"ix":11},"r":{"a":0,"k":0,"ix":10},"p":{"a":1,"k":[{"i":{"x":0.833,"y":0.833},"o":{"x":0.167,"y":0.167},"t":0,"s":[113.682,95.375,0],"to":[0,61.5,0],"ti":[0,-61.5,0]},{"t":19,"s":[113.682,464.375,0]}],"ix":2},"a":{"a":0,"k":[423.994,770,0],"ix":1},"s":{"a":0,"k":[80,80,100],"ix":6}},"ao":0,"hasMask":true,"masksProperties":[{"inv":false,"mode":"a","pt":{"a":0,"k":{"i":[[0.065,8.196],[6.269,-3.504],[0.069,-6.248],[-5.26,1.45]],"o":[[0,0],[0,0],[0,0],[0,0]],"v":[[424.068,760],[417.995,770.674],[423.979,780],[429.993,770.996]],"c":true},"ix":1},"o":{"a":0,"k":100,"ix":3},"x":{"a":0,"k":0,"ix":4},"nm":"蒙版 1"}],"ip":0,"op":125,"st":0,"bm":0},{"ddd":0,"ind":74,"ty":2,"nm":"星星11","refId":"image_4","sr":1,"ks":{"o":{"a":0,"k":100,"ix":11},"r":{"a":0,"k":0,"ix":10},"p":{"a":1,"k":[{"i":{"x":0.833,"y":0.833},"o":{"x":0.167,"y":0.167},"t":0,"s":[47.994,184.25,0],"to":[0,61.5,0],"ti":[0,-61.5,0]},{"t":19,"s":[47.994,553.25,0]}],"ix":2},"a":{"a":0,"k":[353.994,874,0],"ix":1},"s":{"a":0,"k":[80,80,100],"ix":6}},"ao":0,"hasMask":true,"masksProperties":[{"inv":false,"mode":"a","pt":{"a":0,"k":{"i":[[0.065,8.196],[6.269,-3.504],[0.069,-6.248],[-5.26,1.45]],"o":[[0,0],[0,0],[0,0],[0,0]],"v":[[354.068,864],[347.995,874.674],[353.979,884],[359.993,874.996]],"c":true},"ix":1},"o":{"a":0,"k":100,"ix":3},"x":{"a":0,"k":0,"ix":4},"nm":"蒙版 1"}],"ip":0,"op":125,"st":0,"bm":0},{"ddd":0,"ind":75,"ty":2,"nm":"星星10","refId":"image_5","sr":1,"ks":{"o":{"a":0,"k":100,"ix":11},"r":{"a":0,"k":0,"ix":10},"p":{"a":1,"k":[{"i":{"x":0.833,"y":0.833},"o":{"x":0.167,"y":0.167},"t":0,"s":[273.744,64.75,0],"to":[0,61.5,0],"ti":[0,-61.5,0]},{"t":19,"s":[273.744,433.75,0]}],"ix":2},"a":{"a":0,"k":[514.994,790,0],"ix":1},"s":{"a":0,"k":[80,80,100],"ix":6}},"ao":0,"hasMask":true,"masksProperties":[{"inv":false,"mode":"a","pt":{"a":0,"k":{"i":[[0.065,8.196],[6.269,-3.504],[0.069,-6.248],[-5.26,1.45]],"o":[[0,0],[0,0],[0,0],[0,0]],"v":[[515.068,780],[508.995,790.674],[514.979,800],[520.993,790.996]],"c":true},"ix":1},"o":{"a":0,"k":100,"ix":3},"x":{"a":0,"k":0,"ix":4},"nm":"蒙版 1"}],"ip":0,"op":125,"st":0,"bm":0},{"ddd":0,"ind":76,"ty":2,"nm":"星星9","refId":"image_6","sr":1,"ks":{"o":{"a":0,"k":100,"ix":11},"r":{"a":0,"k":0,"ix":10},"p":{"a":1,"k":[{"i":{"x":0.833,"y":0.833},"o":{"x":0.167,"y":0.167},"t":0,"s":[120.682,349.5,0],"to":[0,61.5,0],"ti":[0,-61.5,0]},{"t":19,"s":[120.682,718.5,0]}],"ix":2},"a":{"a":0,"k":[425.994,1024,0],"ix":1},"s":{"a":0,"k":[80,80,100],"ix":6}},"ao":0,"hasMask":true,"masksProperties":[{"inv":false,"mode":"a","pt":{"a":0,"k":{"i":[[0.065,8.196],[6.269,-3.504],[0.069,-6.248],[-5.26,1.45]],"o":[[0,0],[0,0],[0,0],[0,0]],"v":[[426.068,1014],[419.995,1024.674],[425.979,1034],[431.993,1024.996]],"c":true},"ix":1},"o":{"a":0,"k":100,"ix":3},"x":{"a":0,"k":0,"ix":4},"nm":"蒙版 1"}],"ip":0,"op":125,"st":0,"bm":0},{"ddd":0,"ind":77,"ty":2,"nm":"星星8","refId":"image_7","sr":1,"ks":{"o":{"a":0,"k":100,"ix":11},"r":{"a":0,"k":0,"ix":10},"p":{"a":1,"k":[{"i":{"x":0.833,"y":0.833},"o":{"x":0.167,"y":0.167},"t":0,"s":[211.493,188.246,0],"to":[0,61.5,0],"ti":[0,-61.5,0]},{"t":19,"s":[211.493,557.246,0]}],"ix":2},"a":{"a":0,"k":[657.493,921.996,0],"ix":1},"s":{"a":0,"k":[80,80,100],"ix":6}},"ao":0,"hasMask":true,"masksProperties":[{"inv":false,"mode":"a","pt":{"a":0,"k":{"i":[[0.065,8.196],[6.269,-3.504],[0.069,-6.248],[-5.26,1.45]],"o":[[0,0],[0,0],[0,0],[0,0]],"v":[[658.068,911],[651.995,921.674],[657.979,931],[663.993,921.996]],"c":true},"ix":1},"o":{"a":0,"k":100,"ix":3},"x":{"a":0,"k":0,"ix":4},"nm":"蒙版 1"}],"ip":0,"op":125,"st":0,"bm":0},{"ddd":0,"ind":78,"ty":2,"nm":"星星7","refId":"image_8","sr":1,"ks":{"o":{"a":0,"k":100,"ix":11},"r":{"a":0,"k":0,"ix":10},"p":{"a":1,"k":[{"i":{"x":0.833,"y":0.833},"o":{"x":0.167,"y":0.167},"t":0,"s":[370.499,147,0],"to":[0,61.5,0],"ti":[0,-61.5,0]},{"t":19,"s":[370.499,516,0]}],"ix":2},"a":{"a":0,"k":[702.994,780,0],"ix":1},"s":{"a":0,"k":[80,80,100],"ix":6}},"ao":0,"hasMask":true,"masksProperties":[{"inv":false,"mode":"a","pt":{"a":0,"k":{"i":[[0.065,8.196],[6.269,-3.504],[0.069,-6.248],[-5.26,1.45]],"o":[[0,0],[0,0],[0,0],[0,0]],"v":[[703.068,770],[696.995,780.674],[702.979,790],[708.993,780.996]],"c":true},"ix":1},"o":{"a":0,"k":100,"ix":3},"x":{"a":0,"k":0,"ix":4},"nm":"蒙版 1"}],"ip":0,"op":125,"st":0,"bm":0},{"ddd":0,"ind":79,"ty":2,"nm":"星星6","refId":"image_8","sr":1,"ks":{"o":{"a":0,"k":100,"ix":11},"r":{"a":0,"k":0,"ix":10},"p":{"a":1,"k":[{"i":{"x":0.833,"y":0.833},"o":{"x":0.167,"y":0.167},"t":0,"s":[372.994,310,0],"to":[0,61.5,0],"ti":[0,-61.5,0]},{"t":19,"s":[372.994,679,0]}],"ix":2},"a":{"a":0,"k":[702.994,780,0],"ix":1},"s":{"a":0,"k":[80,80,100],"ix":6}},"ao":0,"hasMask":true,"masksProperties":[{"inv":false,"mode":"a","pt":{"a":0,"k":{"i":[[0.065,8.196],[6.269,-3.504],[0.069,-6.248],[-5.26,1.45]],"o":[[0,0],[0,0],[0,0],[0,0]],"v":[[703.068,770],[696.995,780.674],[702.979,790],[708.993,780.996]],"c":true},"ix":1},"o":{"a":0,"k":100,"ix":3},"x":{"a":0,"k":0,"ix":4},"nm":"蒙版 1"}],"ip":0,"op":125,"st":0,"bm":0},{"ddd":0,"ind":80,"ty":2,"nm":"星星5","refId":"image_7","sr":1,"ks":{"o":{"a":0,"k":100,"ix":11},"r":{"a":0,"k":0,"ix":10},"p":{"a":1,"k":[{"i":{"x":0.833,"y":0.833},"o":{"x":0.167,"y":0.167},"t":0,"s":[325.837,259.277,0],"to":[0,61.5,0],"ti":[0,-61.5,0]},{"t":19,"s":[325.837,628.277,0]}],"ix":2},"a":{"a":0,"k":[657.493,921.996,0],"ix":1},"s":{"a":0,"k":[80,80,100],"ix":6}},"ao":0,"hasMask":true,"masksProperties":[{"inv":false,"mode":"a","pt":{"a":0,"k":{"i":[[0.065,8.196],[6.269,-3.504],[0.069,-6.248],[-5.26,1.45]],"o":[[0,0],[0,0],[0,0],[0,0]],"v":[[658.068,911],[651.995,921.674],[657.979,931],[663.993,921.996]],"c":true},"ix":1},"o":{"a":0,"k":100,"ix":3},"x":{"a":0,"k":0,"ix":4},"nm":"蒙版 1"}],"ip":0,"op":125,"st":0,"bm":0},{"ddd":0,"ind":81,"ty":2,"nm":"星星4","refId":"image_6","sr":1,"ks":{"o":{"a":0,"k":100,"ix":11},"r":{"a":0,"k":0,"ix":10},"p":{"a":1,"k":[{"i":{"x":0.833,"y":0.833},"o":{"x":0.167,"y":0.167},"t":0,"s":[209.307,379.625,0],"to":[0,61.5,0],"ti":[0,-61.5,0]},{"t":19,"s":[209.307,748.625,0]}],"ix":2},"a":{"a":0,"k":[425.994,1024,0],"ix":1},"s":{"a":0,"k":[80,80,100],"ix":6}},"ao":0,"hasMask":true,"masksProperties":[{"inv":false,"mode":"a","pt":{"a":0,"k":{"i":[[0.065,8.196],[6.269,-3.504],[0.069,-6.248],[-5.26,1.45]],"o":[[0,0],[0,0],[0,0],[0,0]],"v":[[426.068,1014],[419.995,1024.674],[425.979,1034],[431.993,1024.996]],"c":true},"ix":1},"o":{"a":0,"k":100,"ix":3},"x":{"a":0,"k":0,"ix":4},"nm":"蒙版 1"}],"ip":0,"op":125,"st":0,"bm":0},{"ddd":0,"ind":82,"ty":2,"nm":"星星3","refId":"image_5","sr":1,"ks":{"o":{"a":0,"k":100,"ix":11},"r":{"a":0,"k":0,"ix":10},"p":{"a":1,"k":[{"i":{"x":0.833,"y":0.833},"o":{"x":0.167,"y":0.167},"t":0,"s":[258.619,304.25,0],"to":[0,61.5,0],"ti":[0,-61.5,0]},{"t":19,"s":[258.619,673.25,0]}],"ix":2},"a":{"a":0,"k":[514.994,790,0],"ix":1},"s":{"a":0,"k":[80,80,100],"ix":6}},"ao":0,"hasMask":true,"masksProperties":[{"inv":false,"mode":"a","pt":{"a":0,"k":{"i":[[0.065,8.196],[6.269,-3.504],[0.069,-6.248],[-5.26,1.45]],"o":[[0,0],[0,0],[0,0],[0,0]],"v":[[515.068,780],[508.995,790.674],[514.979,800],[520.993,790.996]],"c":true},"ix":1},"o":{"a":0,"k":100,"ix":3},"x":{"a":0,"k":0,"ix":4},"nm":"蒙版 1"}],"ip":0,"op":125,"st":0,"bm":0},{"ddd":0,"ind":83,"ty":2,"nm":"星星2","refId":"image_4","sr":1,"ks":{"o":{"a":0,"k":100,"ix":11},"r":{"a":0,"k":0,"ix":10},"p":{"a":1,"k":[{"i":{"x":0.833,"y":0.833},"o":{"x":0.167,"y":0.167},"t":0,"s":[27.807,385.813,0],"to":[0,61.5,0],"ti":[0,-61.5,0]},{"t":19,"s":[27.807,754.813,0]}],"ix":2},"a":{"a":0,"k":[353.994,874,0],"ix":1},"s":{"a":0,"k":[80,80,100],"ix":6}},"ao":0,"hasMask":true,"masksProperties":[{"inv":false,"mode":"a","pt":{"a":0,"k":{"i":[[0.065,8.196],[6.269,-3.504],[0.069,-6.248],[-5.26,1.45]],"o":[[0,0],[0,0],[0,0],[0,0]],"v":[[354.068,864],[347.995,874.674],[353.979,884],[359.993,874.996]],"c":true},"ix":1},"o":{"a":0,"k":100,"ix":3},"x":{"a":0,"k":0,"ix":4},"nm":"蒙版 1"}],"ip":0,"op":125,"st":0,"bm":0},{"ddd":0,"ind":84,"ty":2,"nm":"星星1","refId":"image_3","sr":1,"ks":{"o":{"a":0,"k":100,"ix":11},"r":{"a":0,"k":0,"ix":10},"p":{"a":1,"k":[{"i":{"x":0.833,"y":0.833},"o":{"x":0.167,"y":0.167},"t":0,"s":[151.744,247.625,0],"to":[0,61.5,0],"ti":[0,-61.5,0]},{"t":19,"s":[151.744,616.625,0]}],"ix":2},"a":{"a":0,"k":[423.994,770,0],"ix":1},"s":{"a":0,"k":[80,80,100],"ix":6}},"ao":0,"hasMask":true,"masksProperties":[{"inv":false,"mode":"a","pt":{"a":0,"k":{"i":[[0.065,8.196],[6.269,-3.504],[0.069,-6.248],[-5.26,1.45]],"o":[[0,0],[0,0],[0,0],[0,0]],"v":[[424.068,760],[417.995,770.674],[423.979,780],[429.993,770.996]],"c":true},"ix":1},"o":{"a":0,"k":100,"ix":3},"x":{"a":0,"k":0,"ix":4},"nm":"蒙版 1"}],"ip":0,"op":125,"st":0,"bm":0}]}],"layers":[{"ddd":0,"ind":1,"ty":2,"nm":"火焰","refId":"image_0","sr":1,"ks":{"o":{"a":1,"k":[{"i":{"x":[0.667],"y":[1]},"o":{"x":[0.333],"y":[0]},"t":35,"s":[0]},{"t":37,"s":[100]}],"ix":11},"r":{"a":0,"k":0,"ix":10},"p":{"a":0,"k":[323,463,0],"ix":2},"a":{"a":0,"k":[16,29,0],"ix":1},"s":{"a":1,"k":[{"i":{"x":[0.667,0.667,0.667],"y":[1,1,1]},"o":{"x":[0.333,0.333,0.333],"y":[0,0,0]},"t":37,"s":[90,90,100]},{"i":{"x":[0.667,0.667,0.667],"y":[1,1,1]},"o":{"x":[0.333,0.333,0.333],"y":[0,0,0]},"t":41,"s":[100,100,100]},{"i":{"x":[0.667,0.667,0.667],"y":[1,1,1]},"o":{"x":[0.333,0.333,0.333],"y":[0,0,0]},"t":46,"s":[90,90,100]},{"i":{"x":[0.667,0.667,0.667],"y":[1,1,1]},"o":{"x":[0.333,0.333,0.333],"y":[0,0,0]},"t":50,"s":[100,100,100]},{"i":{"x":[0.667,0.667,0.667],"y":[1,1,1]},"o":{"x":[0.333,0.333,0.333],"y":[0,0,0]},"t":54,"s":[90,90,100]},{"i":{"x":[0.667,0.667,0.667],"y":[1,1,1]},"o":{"x":[0.333,0.333,0.333],"y":[0,0,0]},"t":58,"s":[100,100,100]},{"i":{"x":[0.667,0.667,0.667],"y":[1,1,1]},"o":{"x":[0.333,0.333,0.333],"y":[0,0,0]},"t":63,"s":[90,90,100]},{"i":{"x":[0.667,0.667,0.667],"y":[1,1,1]},"o":{"x":[0.333,0.333,0.333],"y":[0,0,0]},"t":67,"s":[100,100,100]},{"i":{"x":[0.667,0.667,0.667],"y":[1,1,1]},"o":{"x":[0.333,0.333,0.333],"y":[0,0,0]},"t":72,"s":[90,90,100]},{"i":{"x":[0.667,0.667,0.667],"y":[1,1,1]},"o":{"x":[0.333,0.333,0.333],"y":[0,0,0]},"t":76,"s":[100,100,100]},{"i":{"x":[0.667,0.667,0.667],"y":[1,1,1]},"o":{"x":[0.333,0.333,0.333],"y":[0,0,0]},"t":81,"s":[90,90,100]},{"i":{"x":[0.667,0.667,0.667],"y":[1,1,1]},"o":{"x":[0.333,0.333,0.333],"y":[0,0,0]},"t":85,"s":[100,100,100]},{"i":{"x":[0.667,0.667,0.667],"y":[1,1,1]},"o":{"x":[0.333,0.333,0.333],"y":[0,0,0]},"t":89,"s":[90,90,100]},{"i":{"x":[0.667,0.667,0.667],"y":[1,1,1]},"o":{"x":[0.333,0.333,0.333],"y":[0,0,0]},"t":93,"s":[100,100,100]},{"i":{"x":[0.667,0.667,0.667],"y":[1,1,1]},"o":{"x":[0.333,0.333,0.333],"y":[0,0,0]},"t":98,"s":[90,90,100]},{"i":{"x":[0.667,0.667,0.667],"y":[1,1,1]},"o":{"x":[0.333,0.333,0.333],"y":[0,0,0]},"t":102,"s":[100,100,100]},{"i":{"x":[0.667,0.667,0.667],"y":[1,1,1]},"o":{"x":[0.333,0.333,0.333],"y":[0,0,0]},"t":107,"s":[90,90,100]},{"i":{"x":[0.667,0.667,0.667],"y":[1,1,1]},"o":{"x":[0.333,0.333,0.333],"y":[0,0,0]},"t":111,"s":[100,100,100]},{"i":{"x":[0.667,0.667,0.667],"y":[1,1,1]},"o":{"x":[0.333,0.333,0.333],"y":[0,0,0]},"t":116,"s":[90,90,100]},{"t":120,"s":[100,100,100]}],"ix":6}},"ao":0,"ip":0,"op":125,"st":0,"bm":0},{"ddd":0,"ind":2,"ty":2,"nm":"火箭","refId":"image_1","sr":1,"ks":{"o":{"a":1,"k":[{"i":{"x":[0.667],"y":[1]},"o":{"x":[0.333],"y":[0]},"t":12,"s":[0]},{"i":{"x":[0.667],"y":[1]},"o":{"x":[0.333],"y":[0]},"t":18,"s":[85]},{"t":42,"s":[85]}],"ix":11},"r":{"a":0,"k":0,"ix":10},"p":{"a":1,"k":[{"i":{"x":0.667,"y":1},"o":{"x":0.333,"y":0},"t":15,"s":[323,477.5,0],"to":[0,-25.667,0],"ti":[0,25.667,0]},{"t":42,"s":[323,323.5,0]}],"ix":2},"a":{"a":0,"k":[73,106.5,0],"ix":1},"s":{"a":1,"k":[{"i":{"x":[0.667,0.667,0.667],"y":[1,1,1]},"o":{"x":[0.333,0.333,0.333],"y":[0,0,0]},"t":15,"s":[50,50,100]},{"t":42,"s":[100,100,100]}],"ix":6}},"ao":0,"ip":0,"op":125,"st":0,"bm":0},{"ddd":0,"ind":3,"ty":2,"nm":"云","refId":"image_2","sr":1,"ks":{"o":{"a":1,"k":[{"i":{"x":[0.667],"y":[1]},"o":{"x":[0.333],"y":[0]},"t":15,"s":[0]},{"t":34,"s":[70]}],"ix":11},"r":{"a":0,"k":0,"ix":10},"p":{"a":1,"k":[{"i":{"x":0.667,"y":1},"o":{"x":0.333,"y":0},"t":15,"s":[322.5,582,0],"to":[0,-16.667,0],"ti":[0,-0.333,0]},{"i":{"x":0.667,"y":1},"o":{"x":0.333,"y":0},"t":42,"s":[322.5,482,0],"to":[0,0.333,0],"ti":[0,-17,0]},{"t":59,"s":[322.5,584,0]}],"ix":2},"a":{"a":0,"k":[161.5,52,0],"ix":1},"s":{"a":0,"k":[100,100,100],"ix":6}},"ao":0,"hasMask":true,"masksProperties":[{"inv":false,"mode":"a","pt":{"a":1,"k":[{"i":{"x":0.667,"y":1},"o":{"x":0.333,"y":0},"t":15,"s":[{"i":[[115.98,0],[0,-115.98],[-115.98,0],[0,115.98]],"o":[[-115.98,0],[0,115.98],[115.98,0],[0,-115.98]],"v":[[162,-417],[-48,-207],[162,3],[372,-207]],"c":true}]},{"i":{"x":0.667,"y":1},"o":{"x":0.333,"y":0},"t":42,"s":[{"i":[[115.98,0],[0,-115.98],[-115.98,0],[0,115.98]],"o":[[-115.98,0],[0,115.98],[115.98,0],[0,-115.98]],"v":[[162,-316],[-48,-106],[162,104],[372,-106]],"c":true}]},{"t":59,"s":[{"i":[[115.98,0],[0,-115.98],[-115.98,0],[0,115.98]],"o":[[-115.98,0],[0,115.98],[115.98,0],[0,-115.98]],"v":[[162,-419],[-48,-209],[162,1],[372,-209]],"c":true}]}],"ix":1},"o":{"a":0,"k":100,"ix":3},"x":{"a":0,"k":0,"ix":4},"nm":"蒙版 1"}],"ip":0,"op":125,"st":0,"bm":0},{"ddd":0,"ind":4,"ty":0,"nm":"星星","refId":"comp_0","sr":1,"ks":{"o":{"a":1,"k":[{"i":{"x":[0.667],"y":[1]},"o":{"x":[0.333],"y":[0]},"t":12,"s":[0]},{"t":15,"s":[80]}],"ix":11},"r":{"a":0,"k":0,"ix":10},"p":{"a":0,"k":[323,323,0],"ix":2},"a":{"a":0,"k":[210,210,0],"ix":1},"s":{"a":0,"k":[100,100,100],"ix":6}},"ao":0,"hasMask":true,"masksProperties":[{"inv":false,"mode":"a","pt":{"a":0,"k":{"i":[[115.98,0],[0,-115.98],[-115.98,0],[0,115.98]],"o":[[-115.98,0],[0,115.98],[115.98,0],[0,-115.98]],"v":[[211,-1],[1,209],[211,419],[421,209]],"c":true},"ix":1},"o":{"a":0,"k":100,"ix":3},"x":{"a":0,"k":0,"ix":4},"nm":"蒙版 1"}],"w":420,"h":420,"ip":0,"op":125,"st":0,"bm":0},{"ddd":0,"ind":5,"ty":2,"nm":"04电波放大消失","refId":"image_9","sr":1,"ks":{"o":{"a":1,"k":[{"i":{"x":[0.667],"y":[1]},"o":{"x":[0.333],"y":[0]},"t":0,"s":[100]},{"i":{"x":[0.667],"y":[1]},"o":{"x":[0.333],"y":[0]},"t":19,"s":[0]},{"i":{"x":[0.667],"y":[1]},"o":{"x":[0.333],"y":[0]},"t":29,"s":[0]},{"i":{"x":[0.667],"y":[1]},"o":{"x":[0.333],"y":[0]},"t":31,"s":[100]},{"i":{"x":[0.667],"y":[1]},"o":{"x":[0.333],"y":[0]},"t":53,"s":[0]},{"i":{"x":[0.667],"y":[1]},"o":{"x":[0.333],"y":[0]},"t":64,"s":[0]},{"i":{"x":[0.667],"y":[1]},"o":{"x":[0.333],"y":[0]},"t":66,"s":[100]},{"i":{"x":[0.667],"y":[1]},"o":{"x":[0.333],"y":[0]},"t":88,"s":[0]},{"i":{"x":[0.667],"y":[1]},"o":{"x":[0.333],"y":[0]},"t":98,"s":[0]},{"i":{"x":[0.667],"y":[1]},"o":{"x":[0.333],"y":[0]},"t":100,"s":[100]},{"t":122,"s":[0]}],"ix":11},"r":{"a":0,"k":0,"ix":10},"p":{"a":0,"k":[323,323,0],"ix":2},"a":{"a":0,"k":[231,231,0],"ix":1},"s":{"a":1,"k":[{"i":{"x":[0.667,0.667,0.667],"y":[1,1,1]},"o":{"x":[0.333,0.333,0.333],"y":[0,0,0]},"t":0,"s":[100,100,100]},{"i":{"x":[0.667,0.667,0.667],"y":[1,1,1]},"o":{"x":[0.333,0.333,0.333],"y":[0,0,0]},"t":19,"s":[118,118,100]},{"i":{"x":[0.667,0.667,0.667],"y":[1,1,1]},"o":{"x":[0.333,0.333,0.333],"y":[0,0,0]},"t":30,"s":[100,100,100]},{"i":{"x":[0.667,0.667,0.667],"y":[1,1,1]},"o":{"x":[0.333,0.333,0.333],"y":[0,0,0]},"t":53,"s":[118,118,100]},{"i":{"x":[0.667,0.667,0.667],"y":[1,1,1]},"o":{"x":[0.333,0.333,0.333],"y":[0,0,0]},"t":65,"s":[100,100,100]},{"i":{"x":[0.667,0.667,0.667],"y":[1,1,1]},"o":{"x":[0.333,0.333,0.333],"y":[0,0,0]},"t":88,"s":[118,118,100]},{"i":{"x":[0.667,0.667,0.667],"y":[1,1,1]},"o":{"x":[0.333,0.333,0.333],"y":[0,0,0]},"t":99,"s":[100,100,100]},{"t":122,"s":[118,118,100]}],"ix":6}},"ao":0,"hasMask":true,"masksProperties":[{"inv":false,"mode":"n","pt":{"a":0,"k":{"i":[[-127.578,0],[0,-127.578],[127.578,0],[0,127.578]],"o":[[127.578,0],[0,127.578],[-127.578,0],[0,-127.578]],"v":[[231,0],[462,231],[231,462],[0,231]],"c":true},"ix":1},"o":{"a":0,"k":100,"ix":3},"x":{"a":0,"k":0,"ix":4},"nm":"蒙版 1"}],"ip":0,"op":125,"st":0,"bm":0},{"ddd":0,"ind":6,"ty":2,"nm":"03","refId":"image_10","sr":1,"ks":{"o":{"a":0,"k":100,"ix":11},"r":{"a":0,"k":0,"ix":10},"p":{"a":0,"k":[323,323,0],"ix":2},"a":{"a":0,"k":[231,231,0],"ix":1},"s":{"a":0,"k":[100,100,100],"ix":6}},"ao":0,"hasMask":true,"masksProperties":[{"inv":false,"mode":"n","pt":{"a":0,"k":{"i":[[-127.578,0],[0,-127.578],[127.578,0],[0,127.578]],"o":[[127.578,0],[0,127.578],[-127.578,0],[0,-127.578]],"v":[[231,0],[462,231],[231,462],[0,231]],"c":true},"ix":1},"o":{"a":0,"k":100,"ix":3},"x":{"a":0,"k":0,"ix":4},"nm":"蒙版 1"}],"ip":0,"op":125,"st":0,"bm":0},{"ddd":0,"ind":7,"ty":2,"nm":"02转圈","refId":"image_11","sr":1,"ks":{"o":{"a":0,"k":100,"ix":11},"r":{"a":1,"k":[{"i":{"x":[0.833],"y":[0.833]},"o":{"x":[0.167],"y":[0.167]},"t":0,"s":[0]},{"t":124,"s":[720]}],"ix":10},"p":{"a":0,"k":[323,323,0],"ix":2},"a":{"a":0,"k":[3,14,0],"ix":1},"s":{"a":0,"k":[100,100,100],"ix":6}},"ao":0,"ip":0,"op":125,"st":0,"bm":0},{"ddd":0,"ind":8,"ty":2,"nm":"01","refId":"image_12","sr":1,"ks":{"o":{"a":0,"k":40,"ix":11},"r":{"a":0,"k":0,"ix":10},"p":{"a":0,"k":[323,399,0],"ix":2},"a":{"a":0,"k":[540,960,0],"ix":1},"s":{"a":0,"k":[100,100,100],"ix":6}},"ao":0,"hasMask":true,"masksProperties":[{"inv":false,"mode":"a","pt":{"a":0,"k":{"i":[[-115.98,0],[0,-115.98],[115.98,0],[0,115.98]],"o":[[115.98,0],[0,115.98],[-115.98,0],[0,-115.98]],"v":[[540,674],[750,884],[540,1094],[330,884]],"c":true},"ix":1},"o":{"a":0,"k":100,"ix":3},"x":{"a":0,"k":0,"ix":4},"nm":"蒙版 1"}],"ip":0,"op":125,"st":0,"bm":0}],"markers":[]}