{"v":"5.7.1","fr":30,"ip":0,"op":61,"w":1080,"h":1920,"nm":"相册引导左右切换动效","ddd":0,"assets":[{"id":"image_0","w":384,"h":434,"u":"images/","p":"img_0.png","e":0},{"id":"image_1","w":1080,"h":1920,"u":"images/","p":"img_1.jpg","e":0},{"id":"image_2","w":203,"h":115,"u":"images/","p":"img_2.png","e":0},{"id":"image_3","w":204,"h":115,"u":"images/","p":"img_3.png","e":0},{"id":"image_4","w":1080,"h":1920,"u":"images/","p":"img_4.jpg","e":0},{"id":"image_5","w":662,"h":1296,"u":"images/","p":"img_5.png","e":0},{"id":"image_6","w":662,"h":1296,"u":"images/","p":"img_6.png","e":0},{"id":"image_7","w":1080,"h":1920,"u":"images/","p":"img_7.jpg","e":0},{"id":"image_8","w":711,"h":1359,"u":"images/","p":"img_8.png","e":0}],"layers":[{"ddd":0,"ind":1,"ty":2,"nm":"hands 2","parent":4,"refId":"image_0","sr":1,"ks":{"o":{"a":1,"k":[{"i":{"x":[0.667],"y":[1]},"o":{"x":[0.333],"y":[0]},"t":48,"s":[100]},{"i":{"x":[0.667],"y":[1]},"o":{"x":[0.333],"y":[0]},"t":54,"s":[0]},{"i":{"x":[0.667],"y":[1]},"o":{"x":[0.333],"y":[0]},"t":59,"s":[0]},{"t":60,"s":[100]}],"ix":11},"r":{"a":0,"k":0,"ix":10},"p":{"a":1,"k":[{"i":{"x":0.667,"y":1},"o":{"x":0.333,"y":0},"t":30,"s":[41,207,0],"to":[8.667,0,0],"ti":[-8.667,0,0]},{"i":{"x":0.667,"y":0.667},"o":{"x":0.333,"y":0.333},"t":48,"s":[93,207,0],"to":[0,0,0],"ti":[0,0,0]},{"i":{"x":0.667,"y":1},"o":{"x":0.333,"y":0},"t":59,"s":[93,207,0],"to":[6.333,0,0],"ti":[-6.333,0,0]},{"t":60,"s":[131,207,0]}],"ix":2},"a":{"a":0,"k":[192,217,0],"ix":1},"s":{"a":0,"k":[100,100,100],"ix":6}},"ao":0,"ip":30,"op":61,"st":30,"bm":0},{"ddd":0,"ind":2,"ty":2,"nm":"hands","parent":6,"refId":"image_0","sr":1,"ks":{"o":{"a":1,"k":[{"i":{"x":[0.667],"y":[1]},"o":{"x":[0.333],"y":[0]},"t":18,"s":[100]},{"t":24,"s":[0]}],"ix":11},"r":{"a":0,"k":0,"ix":10},"p":{"a":1,"k":[{"i":{"x":0.667,"y":1},"o":{"x":0.333,"y":0},"t":0,"s":[284,207,0],"to":[-12,0,0],"ti":[12,0,0]},{"t":18,"s":[212,207,0]}],"ix":2},"a":{"a":0,"k":[192,217,0],"ix":1},"s":{"a":0,"k":[100,100,100],"ix":6}},"ao":0,"ip":0,"op":97,"st":0,"bm":0},{"ddd":0,"ind":3,"ty":2,"nm":"tp 9","td":1,"refId":"image_1","sr":1,"ks":{"o":{"a":0,"k":100,"ix":11},"r":{"a":0,"k":0,"ix":10},"p":{"a":0,"k":[540,960,0],"ix":2},"a":{"a":0,"k":[540,960,0],"ix":1},"s":{"a":0,"k":[100,100,100],"ix":6}},"ao":0,"hasMask":true,"masksProperties":[{"inv":false,"mode":"a","pt":{"a":0,"k":{"i":[[0,0],[0,0],[0,0],[0,0]],"o":[[0,0],[0,0],[0,0],[0,0]],"v":[[895,253],[184,253],[185.001,1549],[895,1549]],"c":true},"ix":1},"o":{"a":0,"k":100,"ix":3},"x":{"a":0,"k":0,"ix":4},"nm":"蒙版 1"}],"ip":0,"op":637,"st":0,"bm":0},{"ddd":0,"ind":4,"ty":2,"nm":"jt_lr","tt":1,"refId":"image_2","sr":1,"ks":{"o":{"a":1,"k":[{"i":{"x":[0.667],"y":[1]},"o":{"x":[0.167],"y":[0]},"t":30,"s":[100]},{"t":50,"s":[0]}],"ix":11},"r":{"a":0,"k":0,"ix":10},"p":{"a":1,"k":[{"i":{"x":0.667,"y":1},"o":{"x":0.333,"y":0},"t":30,"s":[380.5,869.5,0],"to":[79,0,0],"ti":[-79,0,0]},{"t":48,"s":[854.5,869.5,0]}],"ix":2},"a":{"a":0,"k":[101.5,57.5,0],"ix":1},"s":{"a":0,"k":[100,100,100],"ix":6}},"ao":0,"ip":30,"op":667,"st":30,"bm":0},{"ddd":0,"ind":5,"ty":2,"nm":"tp 8","td":1,"refId":"image_1","sr":1,"ks":{"o":{"a":0,"k":100,"ix":11},"r":{"a":0,"k":0,"ix":10},"p":{"a":0,"k":[540,960,0],"ix":2},"a":{"a":0,"k":[540,960,0],"ix":1},"s":{"a":0,"k":[100,100,100],"ix":6}},"ao":0,"hasMask":true,"masksProperties":[{"inv":false,"mode":"a","pt":{"a":0,"k":{"i":[[0,0],[0,0],[0,0],[0,0]],"o":[[0,0],[0,0],[0,0],[0,0]],"v":[[895,253],[184,253],[185.001,1549],[895,1549]],"c":true},"ix":1},"o":{"a":0,"k":100,"ix":3},"x":{"a":0,"k":0,"ix":4},"nm":"蒙版 1"}],"ip":0,"op":637,"st":0,"bm":0},{"ddd":0,"ind":6,"ty":2,"nm":"jt_l","tt":1,"refId":"image_3","sr":1,"ks":{"o":{"a":1,"k":[{"i":{"x":[0.833],"y":[1]},"o":{"x":[0.333],"y":[0]},"t":0,"s":[100]},{"i":{"x":[0.833],"y":[1]},"o":{"x":[0.167],"y":[0]},"t":20,"s":[0]},{"i":{"x":[0.833],"y":[1]},"o":{"x":[0.167],"y":[0]},"t":59,"s":[0]},{"t":60,"s":[100]}],"ix":11},"r":{"a":0,"k":0,"ix":10},"p":{"a":1,"k":[{"i":{"x":0.667,"y":1},"o":{"x":0.333,"y":0},"t":0,"s":[699,869.5,0],"to":[-78.333,0,0],"ti":[78.333,0,0]},{"i":{"x":0.667,"y":0.667},"o":{"x":0.167,"y":0.167},"t":18,"s":[229,869.5,0],"to":[0,0,0],"ti":[0,0,0]},{"i":{"x":0.667,"y":1},"o":{"x":0.167,"y":0},"t":59,"s":[229,869.5,0],"to":[78.333,0,0],"ti":[-78.333,0,0]},{"t":60,"s":[699,869.5,0]}],"ix":2},"a":{"a":0,"k":[102,57.5,0],"ix":1},"s":{"a":0,"k":[100,100,100],"ix":6}},"ao":0,"ip":0,"op":637,"st":0,"bm":0},{"ddd":0,"ind":7,"ty":2,"nm":"reg_phone_bian","refId":"image_4","sr":1,"ks":{"o":{"a":0,"k":100,"ix":11},"r":{"a":0,"k":0,"ix":10},"p":{"a":0,"k":[540,960,0],"ix":2},"a":{"a":0,"k":[540,960,0],"ix":1},"s":{"a":0,"k":[100,100,100],"ix":6}},"ao":0,"hasMask":true,"masksProperties":[{"inv":false,"mode":"a","pt":{"a":0,"k":{"i":[[48.024,0],[0,0],[0,44.12],[0,0],[-48.024,0],[0,0],[0,-44.119],[0,0]],"o":[[0,0],[-48.024,0],[0,0],[0,-44.119],[0,0],[48.024,0],[0,0],[0,44.12]],"v":[[827.978,1567.903],[251.897,1567.903],[164.941,1488.018],[164.941,249.795],[251.897,169.909],[827.978,169.909],[914.934,249.795],[914.934,1488.018]],"c":true},"ix":1},"o":{"a":0,"k":100,"ix":3},"x":{"a":0,"k":0,"ix":4},"nm":"蒙版 1"},{"inv":false,"mode":"s","pt":{"a":0,"k":{"i":[[0,0],[40.52,0],[0,0],[0,-37.226],[0,0],[-40.52,0],[0,0],[0,37.226]],"o":[[0,-37.226],[0,0],[-44.261,0],[0,0],[0,37.226],[0,0],[40.52,0],[0,0]],"v":[[892.77,258.298],[819.401,190.895],[259.624,190.895],[186.256,258.298],[186.256,1481.542],[259.624,1548.946],[819.401,1548.946],[892.77,1481.542]],"c":true},"ix":1},"o":{"a":0,"k":100,"ix":3},"x":{"a":0,"k":0,"ix":4},"nm":"蒙版 2"}],"ip":0,"op":637,"st":0,"bm":0},{"ddd":0,"ind":8,"ty":2,"nm":"tp 3","td":1,"refId":"image_1","sr":1,"ks":{"o":{"a":0,"k":100,"ix":11},"r":{"a":0,"k":0,"ix":10},"p":{"a":0,"k":[540,960,0],"ix":2},"a":{"a":0,"k":[540,960,0],"ix":1},"s":{"a":0,"k":[100,100,100],"ix":6}},"ao":0,"hasMask":true,"masksProperties":[{"inv":false,"mode":"a","pt":{"a":0,"k":{"i":[[0,0],[0,0],[0,0],[0,0],[0,0],[0,0]],"o":[[0,0],[0,0],[0,0],[0,0],[0,0],[0,0]],"v":[[895,253],[184,253],[184.954,1487.5],[191.501,1544],[246.5,1549],[895,1549]],"c":true},"ix":1},"o":{"a":0,"k":100,"ix":3},"x":{"a":0,"k":0,"ix":4},"nm":"蒙版 1"}],"ip":0,"op":637,"st":0,"bm":0},{"ddd":0,"ind":9,"ty":2,"nm":"1","tt":1,"refId":"image_5","sr":1,"ks":{"o":{"a":0,"k":100,"ix":11},"r":{"a":0,"k":0,"ix":10},"p":{"a":1,"k":[{"i":{"x":0.667,"y":1},"o":{"x":0.333,"y":0},"t":0,"s":[210,437,0],"to":[-116.167,0,0],"ti":[116.167,0,0]},{"i":{"x":0.667,"y":0.667},"o":{"x":0.333,"y":0.333},"t":18,"s":[-487,437,0],"to":[0,0,0],"ti":[0,0,0]},{"i":{"x":0.667,"y":1},"o":{"x":0.333,"y":0},"t":30,"s":[-487,437,0],"to":[116.167,0,0],"ti":[-116.167,0,0]},{"t":48,"s":[210,437,0]}],"ix":2},"a":{"a":0,"k":[1,184,0],"ix":1},"s":{"a":0,"k":[100,100,100],"ix":6}},"ao":0,"ip":0,"op":637,"st":0,"bm":0},{"ddd":0,"ind":10,"ty":2,"nm":"tp 5","td":1,"refId":"image_1","sr":1,"ks":{"o":{"a":0,"k":100,"ix":11},"r":{"a":0,"k":0,"ix":10},"p":{"a":0,"k":[540,960,0],"ix":2},"a":{"a":0,"k":[540,960,0],"ix":1},"s":{"a":0,"k":[100,100,100],"ix":6}},"ao":0,"hasMask":true,"masksProperties":[{"inv":false,"mode":"a","pt":{"a":0,"k":{"i":[[0,0],[0,0],[0,0],[0,0]],"o":[[0,0],[0,0],[0,0],[0,0]],"v":[[895,253],[184,253],[185.001,1549],[895,1549]],"c":true},"ix":1},"o":{"a":0,"k":100,"ix":3},"x":{"a":0,"k":0,"ix":4},"nm":"蒙版 1"}],"ip":0,"op":637,"st":0,"bm":0},{"ddd":0,"ind":11,"ty":2,"nm":"2","tt":1,"refId":"image_6","sr":1,"ks":{"o":{"a":1,"k":[{"i":{"x":[0.667],"y":[1]},"o":{"x":[0.333],"y":[0]},"t":4,"s":[0]},{"i":{"x":[0.667],"y":[1]},"o":{"x":[0.333],"y":[0]},"t":18,"s":[100]},{"i":{"x":[0.833],"y":[1]},"o":{"x":[0.333],"y":[0]},"t":33,"s":[100]},{"i":{"x":[0.833],"y":[1]},"o":{"x":[0.167],"y":[0]},"t":34,"s":[100]},{"t":48,"s":[0]}],"ix":11},"r":{"a":0,"k":0,"ix":10},"p":{"a":0,"k":[550,899,0],"ix":2},"a":{"a":0,"k":[341,646,0],"ix":1},"s":{"a":1,"k":[{"i":{"x":[0.833,0.833,0.833],"y":[1,1,1]},"o":{"x":[0.333,0.333,0.333],"y":[0,0,0]},"t":4,"s":[90,90,100]},{"i":{"x":[0.833,0.833,0.833],"y":[1,1,1]},"o":{"x":[0.167,0.167,0.167],"y":[0,0,0]},"t":18,"s":[100,100,100]},{"i":{"x":[0.833,0.833,0.833],"y":[1,1,1]},"o":{"x":[0.167,0.167,0.167],"y":[0,0,0]},"t":33,"s":[100,100,100]},{"i":{"x":[0.833,0.833,0.833],"y":[1,1,1]},"o":{"x":[0.167,0.167,0.167],"y":[0,0,0]},"t":34,"s":[100,100,100]},{"t":48,"s":[90,90,100]}],"ix":6}},"ao":0,"ip":0,"op":637,"st":0,"bm":0},{"ddd":0,"ind":12,"ty":2,"nm":"reg_tp","refId":"image_7","sr":1,"ks":{"o":{"a":0,"k":0,"ix":11},"r":{"a":0,"k":0,"ix":10},"p":{"a":0,"k":[540,960,0],"ix":2},"a":{"a":0,"k":[540,960,0],"ix":1},"s":{"a":0,"k":[100,100,100],"ix":6}},"ao":0,"hasMask":true,"masksProperties":[{"inv":false,"mode":"a","pt":{"a":0,"k":{"i":[[0,0],[0,0],[0,0],[0,0]],"o":[[0,0],[0,0],[0,0],[0,0]],"v":[[871,253],[209,253],[210.001,1549],[871,1549]],"c":true},"ix":1},"o":{"a":0,"k":100,"ix":3},"x":{"a":0,"k":0,"ix":4},"nm":"蒙版 1"}],"ip":0,"op":637,"st":0,"bm":0},{"ddd":0,"ind":13,"ty":2,"nm":"tp","refId":"image_1","sr":1,"ks":{"o":{"a":0,"k":0,"ix":11},"r":{"a":0,"k":0,"ix":10},"p":{"a":0,"k":[540,960,0],"ix":2},"a":{"a":0,"k":[540,960,0],"ix":1},"s":{"a":0,"k":[100,100,100],"ix":6}},"ao":0,"hasMask":true,"masksProperties":[{"inv":false,"mode":"a","pt":{"a":0,"k":{"i":[[0,0],[0,0],[0,0],[0,0]],"o":[[0,0],[0,0],[0,0],[0,0]],"v":[[895,253],[184,253],[185.001,1549],[895,1549]],"c":true},"ix":1},"o":{"a":0,"k":100,"ix":3},"x":{"a":0,"k":0,"ix":4},"nm":"蒙版 1"}],"ip":0,"op":637,"st":0,"bm":0},{"ddd":0,"ind":14,"ty":2,"nm":"bg_phone","refId":"image_8","sr":1,"ks":{"o":{"a":0,"k":100,"ix":11},"r":{"a":0,"k":0,"ix":10},"p":{"a":0,"k":[539.5,869.5,0],"ix":2},"a":{"a":0,"k":[355.5,679.5,0],"ix":1},"s":{"a":0,"k":[100,100,100],"ix":6}},"ao":0,"ip":0,"op":637,"st":0,"bm":0}],"markers":[]}