{"v":"5.7.1","fr":25,"ip":0,"op":103,"w":1000,"h":1000,"nm":"动效输出","ddd":0,"assets":[{"id":"image_0","w":17,"h":18,"u":"images/","p":"img_0.png","e":0},{"id":"image_1","w":15,"h":15,"u":"images/","p":"img_1.png","e":0},{"id":"image_2","w":23,"h":22,"u":"images/","p":"img_2.png","e":0},{"id":"image_3","w":35,"h":35,"u":"images/","p":"img_3.png","e":0},{"id":"image_4","w":35,"h":35,"u":"images/","p":"img_4.png","e":0},{"id":"image_5","w":176,"h":149,"u":"images/","p":"img_5.png","e":0},{"id":"image_6","w":478,"h":478,"u":"images/","p":"img_6.png","e":0},{"id":"image_7","w":1080,"h":1920,"u":"images/","p":"img_7.jpg","e":0},{"id":"image_8","w":1080,"h":1920,"u":"images/","p":"img_8.jpg","e":0}],"layers":[{"ddd":0,"ind":1,"ty":2,"nm":"星5","refId":"image_0","sr":1,"ks":{"o":{"a":1,"k":[{"i":{"x":[0.667],"y":[1]},"o":{"x":[0.333],"y":[0]},"t":33,"s":[0]},{"i":{"x":[0.833],"y":[1]},"o":{"x":[0.333],"y":[0]},"t":44,"s":[100]},{"i":{"x":[0.833],"y":[1]},"o":{"x":[0.167],"y":[0]},"t":51,"s":[60]},{"i":{"x":[0.667],"y":[1]},"o":{"x":[0.167],"y":[0]},"t":56,"s":[60]},{"i":{"x":[0.833],"y":[1]},"o":{"x":[0.333],"y":[0]},"t":63,"s":[100]},{"i":{"x":[0.833],"y":[1]},"o":{"x":[0.167],"y":[0]},"t":70,"s":[60]},{"i":{"x":[0.667],"y":[1]},"o":{"x":[0.167],"y":[0]},"t":75,"s":[60]},{"i":{"x":[0.833],"y":[1]},"o":{"x":[0.333],"y":[0]},"t":81,"s":[100]},{"i":{"x":[0.833],"y":[1]},"o":{"x":[0.167],"y":[0]},"t":88,"s":[60]},{"i":{"x":[0.667],"y":[1]},"o":{"x":[0.167],"y":[0]},"t":93,"s":[60]},{"i":{"x":[0.833],"y":[1]},"o":{"x":[0.333],"y":[0]},"t":100,"s":[100]},{"i":{"x":[0.833],"y":[1]},"o":{"x":[0.167],"y":[0]},"t":107,"s":[60]},{"t":112,"s":[60]}],"ix":11},"r":{"a":0,"k":0,"ix":10},"p":{"a":0,"k":[643.5,446,0],"ix":2},"a":{"a":0,"k":[8.5,9,0],"ix":1},"s":{"a":0,"k":[100,100,100],"ix":6}},"ao":0,"ip":38,"op":288,"st":38,"bm":0},{"ddd":0,"ind":2,"ty":2,"nm":"星4","refId":"image_1","sr":1,"ks":{"o":{"a":1,"k":[{"i":{"x":[0.667],"y":[1]},"o":{"x":[0.333],"y":[0]},"t":33,"s":[0]},{"i":{"x":[0.833],"y":[1]},"o":{"x":[0.333],"y":[0]},"t":44,"s":[100]},{"i":{"x":[0.833],"y":[1]},"o":{"x":[0.167],"y":[0]},"t":48,"s":[20]},{"i":{"x":[0.667],"y":[1]},"o":{"x":[0.167],"y":[0]},"t":52,"s":[20]},{"i":{"x":[0.833],"y":[1]},"o":{"x":[0.333],"y":[0]},"t":57,"s":[100]},{"i":{"x":[0.833],"y":[1]},"o":{"x":[0.167],"y":[0]},"t":61,"s":[20]},{"i":{"x":[0.667],"y":[1]},"o":{"x":[0.167],"y":[0]},"t":65,"s":[20]},{"i":{"x":[0.833],"y":[1]},"o":{"x":[0.333],"y":[0]},"t":70,"s":[100]},{"i":{"x":[0.833],"y":[1]},"o":{"x":[0.167],"y":[0]},"t":74,"s":[20]},{"i":{"x":[0.667],"y":[1]},"o":{"x":[0.167],"y":[0]},"t":78,"s":[20]},{"i":{"x":[0.833],"y":[1]},"o":{"x":[0.333],"y":[0]},"t":83,"s":[100]},{"i":{"x":[0.833],"y":[1]},"o":{"x":[0.167],"y":[0]},"t":87,"s":[20]},{"t":91,"s":[20]}],"ix":11},"r":{"a":0,"k":0,"ix":10},"p":{"a":0,"k":[397.5,571.5,0],"ix":2},"a":{"a":0,"k":[7.5,7.5,0],"ix":1},"s":{"a":0,"k":[100,100,100],"ix":6}},"ao":0,"ip":38,"op":288,"st":38,"bm":0},{"ddd":0,"ind":3,"ty":2,"nm":"星3","refId":"image_2","sr":1,"ks":{"o":{"a":1,"k":[{"i":{"x":[0.667],"y":[1]},"o":{"x":[0.333],"y":[0]},"t":33,"s":[0]},{"i":{"x":[0.833],"y":[1]},"o":{"x":[0.333],"y":[0]},"t":44,"s":[100]},{"i":{"x":[0.833],"y":[1]},"o":{"x":[0.167],"y":[0]},"t":52,"s":[70]},{"i":{"x":[0.667],"y":[1]},"o":{"x":[0.167],"y":[0]},"t":57,"s":[70]},{"i":{"x":[0.833],"y":[1]},"o":{"x":[0.333],"y":[0]},"t":64,"s":[100]},{"i":{"x":[0.833],"y":[1]},"o":{"x":[0.167],"y":[0]},"t":72,"s":[70]},{"i":{"x":[0.667],"y":[1]},"o":{"x":[0.167],"y":[0]},"t":77,"s":[70]},{"i":{"x":[0.833],"y":[1]},"o":{"x":[0.333],"y":[0]},"t":83,"s":[100]},{"i":{"x":[0.833],"y":[1]},"o":{"x":[0.167],"y":[0]},"t":91,"s":[70]},{"i":{"x":[0.667],"y":[1]},"o":{"x":[0.167],"y":[0]},"t":96,"s":[70]},{"i":{"x":[0.833],"y":[1]},"o":{"x":[0.333],"y":[0]},"t":103,"s":[100]},{"i":{"x":[0.833],"y":[1]},"o":{"x":[0.167],"y":[0]},"t":111,"s":[70]},{"t":116,"s":[70]}],"ix":11},"r":{"a":0,"k":0,"ix":10},"p":{"a":0,"k":[637.5,542,0],"ix":2},"a":{"a":0,"k":[11.5,11,0],"ix":1},"s":{"a":0,"k":[100,100,100],"ix":6}},"ao":0,"ip":38,"op":288,"st":38,"bm":0},{"ddd":0,"ind":4,"ty":2,"nm":"星2","refId":"image_3","sr":1,"ks":{"o":{"a":1,"k":[{"i":{"x":[0.667],"y":[1]},"o":{"x":[0.333],"y":[0]},"t":33,"s":[0]},{"i":{"x":[0.833],"y":[1]},"o":{"x":[0.333],"y":[0]},"t":44,"s":[100]},{"i":{"x":[0.833],"y":[1]},"o":{"x":[0.167],"y":[0]},"t":48,"s":[40]},{"i":{"x":[0.667],"y":[1]},"o":{"x":[0.167],"y":[0]},"t":54,"s":[40]},{"i":{"x":[0.833],"y":[1]},"o":{"x":[0.333],"y":[0]},"t":60,"s":[100]},{"i":{"x":[0.833],"y":[1]},"o":{"x":[0.167],"y":[0]},"t":64,"s":[40]},{"i":{"x":[0.667],"y":[1]},"o":{"x":[0.167],"y":[0]},"t":70,"s":[40]},{"i":{"x":[0.833],"y":[1]},"o":{"x":[0.333],"y":[0]},"t":75,"s":[100]},{"i":{"x":[0.833],"y":[1]},"o":{"x":[0.167],"y":[0]},"t":79,"s":[40]},{"i":{"x":[0.667],"y":[1]},"o":{"x":[0.167],"y":[0]},"t":85,"s":[40]},{"i":{"x":[0.833],"y":[1]},"o":{"x":[0.333],"y":[0]},"t":91,"s":[100]},{"i":{"x":[0.833],"y":[1]},"o":{"x":[0.167],"y":[0]},"t":95,"s":[40]},{"t":101,"s":[40]}],"ix":11},"r":{"a":0,"k":0,"ix":10},"p":{"a":0,"k":[579.5,374.5,0],"ix":2},"a":{"a":0,"k":[17.5,17.5,0],"ix":1},"s":{"a":0,"k":[100,100,100],"ix":6}},"ao":0,"ip":38,"op":288,"st":38,"bm":0},{"ddd":0,"ind":5,"ty":2,"nm":"星1","refId":"image_4","sr":1,"ks":{"o":{"a":1,"k":[{"i":{"x":[0.667],"y":[1]},"o":{"x":[0.333],"y":[0]},"t":33,"s":[0]},{"i":{"x":[0.833],"y":[1]},"o":{"x":[0.333],"y":[0]},"t":44,"s":[100]},{"i":{"x":[0.667],"y":[1]},"o":{"x":[0.167],"y":[0]},"t":51,"s":[70]},{"i":{"x":[0.833],"y":[1]},"o":{"x":[0.333],"y":[0]},"t":58,"s":[100]},{"i":{"x":[0.667],"y":[1]},"o":{"x":[0.167],"y":[0]},"t":65,"s":[70]},{"i":{"x":[0.833],"y":[1]},"o":{"x":[0.333],"y":[0]},"t":72,"s":[100]},{"i":{"x":[0.667],"y":[1]},"o":{"x":[0.167],"y":[0]},"t":79,"s":[70]},{"i":{"x":[0.833],"y":[1]},"o":{"x":[0.333],"y":[0]},"t":83,"s":[100]},{"i":{"x":[0.667],"y":[1]},"o":{"x":[0.167],"y":[0]},"t":90,"s":[70]},{"i":{"x":[0.833],"y":[1]},"o":{"x":[0.333],"y":[0]},"t":97,"s":[100]},{"i":{"x":[0.667],"y":[1]},"o":{"x":[0.167],"y":[0]},"t":104,"s":[70]},{"t":111,"s":[100]}],"ix":11},"r":{"a":0,"k":0,"ix":10},"p":{"a":0,"k":[422.5,455.5,0],"ix":2},"a":{"a":0,"k":[17.5,17.5,0],"ix":1},"s":{"a":0,"k":[100,100,100],"ix":6}},"ao":0,"ip":38,"op":288,"st":38,"bm":0},{"ddd":0,"ind":6,"ty":2,"nm":"勾","refId":"image_5","sr":1,"ks":{"o":{"a":1,"k":[{"i":{"x":[0.667],"y":[1]},"o":{"x":[0.333],"y":[0]},"t":33,"s":[0]},{"t":44,"s":[100]}],"ix":11},"r":{"a":0,"k":0,"ix":10},"p":{"a":0,"k":[501,501.5,0],"ix":2},"a":{"a":0,"k":[88,74.5,0],"ix":1},"s":{"a":0,"k":[100,100,100],"ix":6}},"ao":0,"ip":38,"op":288,"st":38,"bm":0},{"ddd":0,"ind":7,"ty":2,"nm":"内圆","refId":"image_6","sr":1,"ks":{"o":{"a":0,"k":100,"ix":11},"r":{"a":0,"k":0,"ix":10},"p":{"a":0,"k":[501,501,0],"ix":2},"a":{"a":0,"k":[239,239,0],"ix":1},"s":{"a":1,"k":[{"i":{"x":[0.667,0.667,0.667],"y":[1,1,1]},"o":{"x":[0.333,0.333,0.333],"y":[0,0,0]},"t":9,"s":[0,0,100]},{"i":{"x":[0.833,0.833,0.833],"y":[1,1,1]},"o":{"x":[0.333,0.333,0.333],"y":[0,0,0]},"t":27,"s":[100,100,100]},{"i":{"x":[0.833,0.833,0.833],"y":[1,1,1]},"o":{"x":[0.167,0.167,0.167],"y":[0,0,0]},"t":32,"s":[120,120,100]},{"t":37,"s":[100,100,100]}],"ix":6}},"ao":0,"ip":9,"op":259,"st":9,"bm":0},{"ddd":0,"ind":8,"ty":2,"nm":"中圆","refId":"image_7","sr":1,"ks":{"o":{"a":1,"k":[{"i":{"x":[0.667],"y":[1]},"o":{"x":[0.333],"y":[0]},"t":79,"s":[20]},{"t":96,"s":[0]}],"ix":11},"r":{"a":0,"k":0,"ix":10},"p":{"a":0,"k":[500,500,0],"ix":2},"a":{"a":0,"k":[540,960,0],"ix":1},"s":{"a":1,"k":[{"i":{"x":[0.667,0.667,0.667],"y":[1,1,1]},"o":{"x":[0.333,0.333,0.333],"y":[0,0,0]},"t":0,"s":[0,0,100]},{"i":{"x":[0.667,0.667,0.667],"y":[1,1,1]},"o":{"x":[0.333,0.333,0.333],"y":[0,0,0]},"t":18,"s":[100,100,100]},{"i":{"x":[0.667,0.667,0.667],"y":[1,1,1]},"o":{"x":[0.333,0.333,0.333],"y":[0,0,0]},"t":79,"s":[100,100,100]},{"t":96,"s":[110,110,100]}],"ix":6}},"ao":0,"hasMask":true,"masksProperties":[{"inv":false,"mode":"a","pt":{"a":0,"k":{"i":[[-152.431,0],[0,-152.431],[152.43,0],[0,152.43]],"o":[[152.43,0],[0,152.43],[-152.431,0],[0,-152.431]],"v":[[541,685],[817,961],[541,1237],[265,961]],"c":true},"ix":1},"o":{"a":0,"k":100,"ix":3},"x":{"a":0,"k":0,"ix":4},"nm":"蒙版 1"}],"ip":0,"op":250,"st":0,"bm":0},{"ddd":0,"ind":9,"ty":2,"nm":"外圆","refId":"image_8","sr":1,"ks":{"o":{"a":1,"k":[{"i":{"x":[0.667],"y":[1]},"o":{"x":[0.333],"y":[0]},"t":69,"s":[10.196]},{"t":86,"s":[0]}],"ix":11},"r":{"a":0,"k":0,"ix":10},"p":{"a":0,"k":[500,500,0],"ix":2},"a":{"a":0,"k":[540,960,0],"ix":1},"s":{"a":1,"k":[{"i":{"x":[0.667,0.667,0.667],"y":[1,1,1]},"o":{"x":[0.333,0.333,0.333],"y":[0,0,0]},"t":0,"s":[0,0,100]},{"i":{"x":[0.667,0.667,0.667],"y":[1,1,1]},"o":{"x":[0.333,0.333,0.333],"y":[0,0,0]},"t":18,"s":[100,100,100]},{"i":{"x":[0.667,0.667,0.667],"y":[1,1,1]},"o":{"x":[0.333,0.333,0.333],"y":[0,0,0]},"t":69,"s":[100,100,100]},{"t":86,"s":[110,110,100]}],"ix":6}},"ao":0,"hasMask":true,"masksProperties":[{"inv":false,"mode":"a","pt":{"a":0,"k":{"i":[[-171.484,0],[0,-171.484],[171.484,0],[0,171.484]],"o":[[171.484,0],[0,171.484],[-171.484,0],[0,-171.484]],"v":[[540.5,650],[851,960.5],[540.5,1271],[230,960.5]],"c":true},"ix":1},"o":{"a":0,"k":100,"ix":3},"x":{"a":0,"k":0,"ix":4},"nm":"蒙版 1"}],"ip":0,"op":250,"st":0,"bm":0}],"markers":[]}