{"v":"5.7.1","fr":22.5814056396484,"ip":0,"op":92.0016526658543,"w":1080,"h":1920,"nm":"手机降温动效","ddd":0,"assets":[{"id":"image_0","w":1080,"h":1170,"u":"images/","p":"img_0.jpg","e":0},{"id":"image_1","w":1080,"h":1170,"u":"images/","p":"img_1.jpg","e":0},{"id":"image_2","w":1080,"h":1170,"u":"images/","p":"img_2.jpg","e":0},{"id":"image_3","w":216,"h":154,"u":"images/","p":"img_3.png","e":0},{"id":"image_4","w":537,"h":537,"u":"images/","p":"img_4.png","e":0},{"id":"image_5","w":454,"h":451,"u":"images/","p":"img_5.png","e":0},{"id":"image_6","w":485,"h":485,"u":"images/","p":"img_6.png","e":0},{"id":"image_7","w":196,"h":196,"u":"images/","p":"img_7.png","e":0},{"id":"image_8","w":139,"h":139,"u":"images/","p":"img_8.png","e":0},{"id":"image_9","w":1080,"h":1550,"u":"images/","p":"img_9.jpg","e":0}],"layers":[{"ddd":0,"ind":1,"ty":2,"nm":"s 3","refId":"image_0","sr":1,"ks":{"o":{"a":0,"k":90.196,"ix":11},"r":{"a":0,"k":0,"ix":10},"p":{"a":0,"k":[170,820,0],"ix":2},"a":{"a":0,"k":[170,555,0],"ix":1},"s":{"a":1,"k":[{"i":{"x":[0.667,0.667,0.667],"y":[1,1,1]},"o":{"x":[0.333,0.333,0.333],"y":[0,0,0]},"t":68.001,"s":[100,100,100]},{"i":{"x":[0.833,0.833,0.833],"y":[1,1,1]},"o":{"x":[0.333,0.333,0.333],"y":[0,0,0]},"t":76.001,"s":[100,100,100]},{"i":{"x":[0.667,0.667,0.667],"y":[1,1,1]},"o":{"x":[0.167,0.167,0.167],"y":[0,0,0]},"t":82.001,"s":[60,60,100]},{"t":88.0015808108172,"s":[100,100,100]}],"ix":6}},"ao":0,"hasMask":true,"masksProperties":[{"inv":false,"mode":"a","pt":{"a":0,"k":{"i":[[0,0],[0,0],[0,0],[0,0],[0,0],[0,0],[0,0],[0,0]],"o":[[0,0],[0,0],[0,0],[0,0],[0,0],[0,0],[0,0],[0,0]],"v":[[221.045,556.384],[185.63,570.934],[176.022,607.995],[161.472,572.581],[124.411,562.972],[159.825,548.422],[169.434,511.361],[183.983,546.775]],"c":true},"ix":1},"o":{"a":0,"k":100,"ix":3},"x":{"a":0,"k":0,"ix":4},"nm":"蒙版 1"}],"ip":68.0012215356314,"op":294.00528134523,"st":68.0012215356314,"bm":0},{"ddd":0,"ind":2,"ty":2,"nm":"s 2","refId":"image_1","sr":1,"ks":{"o":{"a":0,"k":90.196,"ix":11},"r":{"a":0,"k":0,"ix":10},"p":{"a":0,"k":[767,1169.5,0],"ix":2},"a":{"a":0,"k":[767,904.5,0],"ix":1},"s":{"a":1,"k":[{"i":{"x":[0.833,0.833,0.833],"y":[1,1,1]},"o":{"x":[0.333,0.333,0.333],"y":[0,0,0]},"t":65.001,"s":[0,0,100]},{"i":{"x":[0.833,0.833,0.833],"y":[1,1,1]},"o":{"x":[0.167,0.167,0.167],"y":[0,0,0]},"t":74.001,"s":[100,100,100]},{"i":{"x":[0.833,0.833,0.833],"y":[1,1,1]},"o":{"x":[0.167,0.167,0.167],"y":[0,0,0]},"t":79.001,"s":[60,60,100]},{"t":85.0015269195393,"s":[90,90,100]}],"ix":6}},"ao":0,"hasMask":true,"masksProperties":[{"inv":false,"mode":"a","pt":{"a":0,"k":{"i":[[0,0],[0,0],[0,0],[0,0],[0,0],[0,0],[0,0],[0,0]],"o":[[0,0],[0,0],[0,0],[0,0],[0,0],[0,0],[0,0],[0,0]],"v":[[815.045,902.384],[779.63,916.934],[770.022,953.995],[755.472,918.581],[718.411,908.972],[753.825,894.422],[763.434,857.361],[777.983,892.775]],"c":true},"ix":1},"o":{"a":0,"k":100,"ix":3},"x":{"a":0,"k":0,"ix":4},"nm":"蒙版 1"}],"ip":65.0011676443536,"op":291.005227453952,"st":65.0011676443536,"bm":0},{"ddd":0,"ind":3,"ty":2,"nm":"s","refId":"image_2","sr":1,"ks":{"o":{"a":0,"k":90.196,"ix":11},"r":{"a":0,"k":0,"ix":10},"p":{"a":0,"k":[845,567,0],"ix":2},"a":{"a":0,"k":[845,302,0],"ix":1},"s":{"a":1,"k":[{"i":{"x":[0.833,0.833,0.833],"y":[1,1,1]},"o":{"x":[0.167,0.167,0.167],"y":[0,0,0]},"t":65.001,"s":[0,0,100]},{"i":{"x":[0.833,0.833,0.833],"y":[1,1,1]},"o":{"x":[0.167,0.167,0.167],"y":[0,0,0]},"t":72.001,"s":[100,100,100]},{"i":{"x":[0.833,0.833,0.833],"y":[1,1,1]},"o":{"x":[0.167,0.167,0.167],"y":[0,0,0]},"t":78.001,"s":[50,50,100]},{"i":{"x":[0.833,0.833,0.833],"y":[1,1,1]},"o":{"x":[0.167,0.167,0.167],"y":[0,0,0]},"t":82.001,"s":[100,100,100]},{"t":87.0015628470579,"s":[60,60,100]}],"ix":6}},"ao":0,"hasMask":true,"masksProperties":[{"inv":false,"mode":"a","pt":{"a":0,"k":{"i":[[0,0],[0,0],[0,0],[0,0],[0,0],[0,0],[0,0],[0,0]],"o":[[0,0],[0,0],[0,0],[0,0],[0,0],[0,0],[0,0],[0,0]],"v":[[890.045,301.384],[854.63,315.934],[845.022,352.995],[830.472,317.581],[793.411,307.972],[828.825,293.422],[838.434,256.361],[852.983,291.775]],"c":true},"ix":1},"o":{"a":0,"k":100,"ix":3},"x":{"a":0,"k":0,"ix":4},"nm":"蒙版 1"}],"ip":65.0011676443536,"op":291.005227453952,"st":65.0011676443536,"bm":0},{"ddd":0,"ind":4,"ty":2,"nm":"勾.gif","cl":"gif","refId":"image_3","sr":1,"ks":{"o":{"a":1,"k":[{"i":{"x":[0.833],"y":[1]},"o":{"x":[0.333],"y":[0]},"t":65.001,"s":[0]},{"t":72.0012933906686,"s":[100]}],"ix":11},"r":{"a":0,"k":0,"ix":10},"p":{"a":0,"k":[540,835.5,0],"ix":2},"a":{"a":0,"k":[108,77,0],"ix":1},"s":{"a":1,"k":[{"i":{"x":[0.667,0.667,0.667],"y":[1,1,1]},"o":{"x":[0.167,0.167,0.167],"y":[0,0,0]},"t":65.001,"s":[0,0,100]},{"i":{"x":[0.667,0.667,0.667],"y":[1,1,1]},"o":{"x":[0.333,0.333,0.333],"y":[0,0,0]},"t":72.001,"s":[120,120,100]},{"t":74.0013293181872,"s":[100,100,100]}],"ix":6}},"ao":0,"ip":65.0011676443536,"op":292.005245417712,"st":65.0011676443536,"bm":0},{"ddd":0,"ind":5,"ty":2,"nm":"勾 拷贝","refId":"image_4","sr":1,"ks":{"o":{"a":0,"k":100,"ix":11},"r":{"a":0,"k":0,"ix":10},"p":{"a":0,"k":[540.5,832.5,0],"ix":2},"a":{"a":0,"k":[268.5,268.5,0],"ix":1},"s":{"a":1,"k":[{"i":{"x":[0.667,0.667,0.667],"y":[1,1,1]},"o":{"x":[0.333,0.333,0.333],"y":[0,0,0]},"t":65.001,"s":[0,0,100]},{"i":{"x":[0.667,0.667,0.667],"y":[1,1,1]},"o":{"x":[0.167,0.167,0.167],"y":[0,0,0]},"t":70.001,"s":[126,126,100]},{"t":74.0013293181872,"s":[100,100,100]}],"ix":6}},"ao":0,"ip":65.0011676443536,"op":291.005227453952,"st":65.0011676443536,"bm":0},{"ddd":0,"ind":6,"ty":4,"nm":"658","parent":5,"sr":1,"ks":{"o":{"a":1,"k":[{"i":{"x":[0.667],"y":[1]},"o":{"x":[0.167],"y":[0]},"t":65.001,"s":[40]},{"i":{"x":[0.833],"y":[1]},"o":{"x":[0.333],"y":[0]},"t":70.001,"s":[0]},{"t":74.0013293181872,"s":[40]}],"ix":11},"r":{"a":0,"k":0,"ix":10},"p":{"a":0,"k":[268,268,0],"ix":2},"a":{"a":0,"k":[0,0,0],"ix":1},"s":{"a":0,"k":[100,100,100],"ix":6}},"ao":0,"shapes":[{"ty":"gr","it":[{"d":1,"ty":"el","s":{"a":0,"k":[658,658],"ix":2},"p":{"a":0,"k":[0,0],"ix":3},"nm":"椭圆路径 1","mn":"ADBE Vector Shape - Ellipse","hd":false},{"ty":"st","c":{"a":0,"k":[1,1,1,1],"ix":3},"o":{"a":0,"k":100,"ix":4},"w":{"a":0,"k":3,"ix":5},"lc":1,"lj":1,"ml":4,"bm":0,"nm":"描边 1","mn":"ADBE Vector Graphic - Stroke","hd":false},{"ty":"tr","p":{"a":0,"k":[0,0],"ix":2},"a":{"a":0,"k":[0,0],"ix":1},"s":{"a":0,"k":[100,100],"ix":3},"r":{"a":0,"k":0,"ix":6},"o":{"a":0,"k":100,"ix":7},"sk":{"a":0,"k":0,"ix":4},"sa":{"a":0,"k":0,"ix":5},"nm":"变换"}],"nm":"椭圆 1","np":3,"cix":2,"bm":0,"ix":1,"mn":"ADBE Vector Group","hd":false}],"ip":65.0011676443536,"op":292.005245417712,"st":65.0011676443536,"bm":0},{"ddd":0,"ind":7,"ty":4,"nm":"802","parent":5,"sr":1,"ks":{"o":{"a":1,"k":[{"i":{"x":[0.667],"y":[1]},"o":{"x":[0.167],"y":[0]},"t":65.001,"s":[30]},{"i":{"x":[0.833],"y":[1]},"o":{"x":[0.333],"y":[0]},"t":70.001,"s":[0]},{"t":74.0013293181872,"s":[30]}],"ix":11},"r":{"a":0,"k":0,"ix":10},"p":{"a":0,"k":[268,268,0],"ix":2},"a":{"a":0,"k":[0,0,0],"ix":1},"s":{"a":0,"k":[100,100,100],"ix":6}},"ao":0,"shapes":[{"ty":"gr","it":[{"d":1,"ty":"el","s":{"a":0,"k":[802,802],"ix":2},"p":{"a":0,"k":[0,0],"ix":3},"nm":"椭圆路径 1","mn":"ADBE Vector Shape - Ellipse","hd":false},{"ty":"st","c":{"a":0,"k":[1,1,1,1],"ix":3},"o":{"a":0,"k":100,"ix":4},"w":{"a":0,"k":3,"ix":5},"lc":1,"lj":1,"ml":4,"bm":0,"nm":"描边 1","mn":"ADBE Vector Graphic - Stroke","hd":false},{"ty":"tr","p":{"a":0,"k":[0,0],"ix":2},"a":{"a":0,"k":[0,0],"ix":1},"s":{"a":0,"k":[100,100],"ix":3},"r":{"a":0,"k":0,"ix":6},"o":{"a":0,"k":100,"ix":7},"sk":{"a":0,"k":0,"ix":4},"sa":{"a":0,"k":0,"ix":5},"nm":"变换"}],"nm":"椭圆 1","np":3,"cix":2,"bm":0,"ix":1,"mn":"ADBE Vector Group","hd":false}],"ip":65.0011676443536,"op":292.005245417712,"st":65.0011676443536,"bm":0},{"ddd":0,"ind":8,"ty":4,"nm":"970","parent":5,"sr":1,"ks":{"o":{"a":1,"k":[{"i":{"x":[0.667],"y":[1]},"o":{"x":[0.167],"y":[0]},"t":65.001,"s":[20]},{"i":{"x":[0.833],"y":[1]},"o":{"x":[0.333],"y":[0]},"t":70.001,"s":[0]},{"t":74.0013293181872,"s":[20]}],"ix":11},"r":{"a":0,"k":0,"ix":10},"p":{"a":0,"k":[268,268,0],"ix":2},"a":{"a":0,"k":[0,0,0],"ix":1},"s":{"a":0,"k":[100,100,100],"ix":6}},"ao":0,"shapes":[{"ty":"gr","it":[{"d":1,"ty":"el","s":{"a":0,"k":[970,970],"ix":2},"p":{"a":0,"k":[0,0],"ix":3},"nm":"椭圆路径 1","mn":"ADBE Vector Shape - Ellipse","hd":false},{"ty":"st","c":{"a":0,"k":[1,1,1,1],"ix":3},"o":{"a":0,"k":100,"ix":4},"w":{"a":0,"k":3,"ix":5},"lc":1,"lj":1,"ml":4,"bm":0,"nm":"描边 1","mn":"ADBE Vector Graphic - Stroke","hd":false},{"ty":"tr","p":{"a":0,"k":[0,0],"ix":2},"a":{"a":0,"k":[0,0],"ix":1},"s":{"a":0,"k":[100,100],"ix":3},"r":{"a":0,"k":0,"ix":6},"o":{"a":0,"k":100,"ix":7},"sk":{"a":0,"k":0,"ix":4},"sa":{"a":0,"k":0,"ix":5},"nm":"变换"}],"nm":"椭圆 1","np":3,"cix":2,"bm":0,"ix":1,"mn":"ADBE Vector Group","hd":false}],"ip":65.0011676443536,"op":292.005245417712,"st":65.0011676443536,"bm":0},{"ddd":0,"ind":9,"ty":2,"nm":"icon_shan","refId":"image_5","sr":1,"ks":{"o":{"a":0,"k":80,"ix":11},"r":{"a":1,"k":[{"i":{"x":[0.833],"y":[0.833]},"o":{"x":[0.167],"y":[0.167]},"t":0,"s":[0]},{"t":65.0011676443536,"s":[1080]}],"ix":10},"p":{"a":0,"k":[539.5,833.5,0],"ix":2},"a":{"a":0,"k":[227,225.5,0],"ix":1},"s":{"a":0,"k":[100,100,100],"ix":6}},"ao":0,"ip":0,"op":66.0011856081129,"st":0,"bm":0},{"ddd":0,"ind":10,"ty":2,"nm":"圆 拷贝","parent":9,"refId":"image_6","sr":1,"ks":{"o":{"a":0,"k":100,"ix":11},"r":{"a":0,"k":0,"ix":10},"p":{"a":0,"k":[227,225.5,0],"ix":2},"a":{"a":0,"k":[242.5,242.5,0],"ix":1},"s":{"a":0,"k":[100,100,100],"ix":6}},"ao":0,"ip":0,"op":66.0011856081129,"st":0,"bm":0},{"ddd":0,"ind":11,"ty":2,"nm":"降温圆心","refId":"image_7","sr":1,"ks":{"o":{"a":0,"k":100,"ix":11},"r":{"a":0,"k":0,"ix":10},"p":{"a":0,"k":[540,834,0],"ix":2},"a":{"a":0,"k":[98,98,0],"ix":1},"s":{"a":0,"k":[100,100,100],"ix":6}},"ao":0,"ip":0,"op":66.0011856081129,"st":0,"bm":0},{"ddd":0,"ind":12,"ty":2,"nm":"icon_xuehua.png","cl":"png","refId":"image_8","sr":1,"ks":{"o":{"a":1,"k":[{"i":{"x":[0.833],"y":[1]},"o":{"x":[0.333],"y":[0]},"t":39.001,"s":[100]},{"t":58.0010418980386,"s":[0]}],"ix":11},"r":{"a":1,"k":[{"i":{"x":[0.833],"y":[1]},"o":{"x":[0.333],"y":[0]},"t":39.001,"s":[0]},{"t":52.0009341154829,"s":[90]}],"ix":10},"p":{"a":1,"k":[{"i":{"x":0.667,"y":1},"o":{"x":0.333,"y":0},"t":0,"s":[613.5,-83.5,0],"to":[0,-2.5,0],"ti":[0,-176.667,0]},{"i":{"x":0.667,"y":1},"o":{"x":0.333,"y":0},"t":39.001,"s":[613.5,-98.5,0],"to":[0,176.667,0],"ti":[0,-179.167,0]},{"t":66.0011856081129,"s":[613.5,976.5,0]}],"ix":2},"a":{"a":0,"k":[69.5,69.5,0],"ix":1},"s":{"a":0,"k":[70,70,100],"ix":6}},"ao":0,"ip":39.0007005866122,"op":105.001886194725,"st":39.0007005866122,"bm":0},{"ddd":0,"ind":13,"ty":2,"nm":"icon_xuehua.png","cl":"png","refId":"image_8","sr":1,"ks":{"o":{"a":1,"k":[{"i":{"x":[0.833],"y":[1]},"o":{"x":[0.333],"y":[0]},"t":60.001,"s":[100]},{"t":66.0011856081129,"s":[0]}],"ix":11},"r":{"a":1,"k":[{"i":{"x":[0.833],"y":[1]},"o":{"x":[0.333],"y":[0]},"t":36.001,"s":[0]},{"t":55.0009880067607,"s":[90]}],"ix":10},"p":{"a":1,"k":[{"i":{"x":0.667,"y":1},"o":{"x":0.333,"y":0},"t":0,"s":[957.5,-83.5,0],"to":[0,-2.5,0],"ti":[0,-247.667,0]},{"i":{"x":0.667,"y":1},"o":{"x":0.333,"y":0},"t":36.001,"s":[957.5,-98.5,0],"to":[0,247.667,0],"ti":[0,-250.167,0]},{"t":66.0011856081129,"s":[957.5,1402.5,0]}],"ix":2},"a":{"a":0,"k":[69.5,69.5,0],"ix":1},"s":{"a":0,"k":[62,62,100],"ix":6}},"ao":0,"ip":36.0006466953343,"op":102.001832303447,"st":36.0006466953343,"bm":0},{"ddd":0,"ind":14,"ty":2,"nm":"icon_xuehua.png","cl":"png","refId":"image_8","sr":1,"ks":{"o":{"a":1,"k":[{"i":{"x":[0.833],"y":[1]},"o":{"x":[0.333],"y":[0]},"t":53.001,"s":[100]},{"t":62.0011137530757,"s":[0]}],"ix":11},"r":{"a":1,"k":[{"i":{"x":[0.833],"y":[1]},"o":{"x":[0.333],"y":[0]},"t":29.001,"s":[0]},{"t":48.0008622604457,"s":[90]}],"ix":10},"p":{"a":1,"k":[{"i":{"x":0.667,"y":1},"o":{"x":0.333,"y":0},"t":0,"s":[141.5,-35.5,0],"to":[0,-2.5,0],"ti":[0,-165,0]},{"i":{"x":0.667,"y":1},"o":{"x":0.333,"y":0},"t":29.001,"s":[141.5,-50.5,0],"to":[0,165,0],"ti":[0,-167.5,0]},{"t":62.0011137530757,"s":[141.5,954.5,0]}],"ix":2},"a":{"a":0,"k":[69.5,69.5,0],"ix":1},"s":{"a":0,"k":[50,50,100],"ix":6}},"ao":0,"ip":29.0005209490193,"op":95.0017065571322,"st":29.0005209490193,"bm":0},{"ddd":0,"ind":15,"ty":2,"nm":"icon_xuehua.png","cl":"png","refId":"image_8","sr":1,"ks":{"o":{"a":1,"k":[{"i":{"x":[0.833],"y":[1]},"o":{"x":[0.333],"y":[0]},"t":25,"s":[100]},{"t":58.0010418980386,"s":[0]}],"ix":11},"r":{"a":1,"k":[{"i":{"x":[0.833],"y":[1]},"o":{"x":[0.333],"y":[0]},"t":25,"s":[0]},{"t":44.0007904054086,"s":[90]}],"ix":10},"p":{"a":1,"k":[{"i":{"x":0.667,"y":1},"o":{"x":0.333,"y":0},"t":0,"s":[493.5,-35.5,0],"to":[0,-2.5,0],"ti":[0,-165,0]},{"i":{"x":0.667,"y":1},"o":{"x":0.333,"y":0},"t":25,"s":[493.5,-50.5,0],"to":[0,165,0],"ti":[0,-167.5,0]},{"t":58.0010418980386,"s":[493.5,954.5,0]}],"ix":2},"a":{"a":0,"k":[69.5,69.5,0],"ix":1},"s":{"a":0,"k":[70,70,100],"ix":6}},"ao":0,"ip":25.0004490939821,"op":91.001634702095,"st":25.0004490939821,"bm":0},{"ddd":0,"ind":16,"ty":2,"nm":"icon_xuehua.png","cl":"png","refId":"image_8","sr":1,"ks":{"o":{"a":1,"k":[{"i":{"x":[0.833],"y":[1]},"o":{"x":[0.333],"y":[0]},"t":42.001,"s":[100]},{"t":51.0009161517236,"s":[0]}],"ix":11},"r":{"a":1,"k":[{"i":{"x":[0.833],"y":[1]},"o":{"x":[0.333],"y":[0]},"t":19,"s":[0]},{"t":42.00075447789,"s":[180]}],"ix":10},"p":{"a":1,"k":[{"i":{"x":0.667,"y":1},"o":{"x":0.333,"y":0},"t":0,"s":[841.5,-35.5,0],"to":[0,-2.5,0],"ti":[0,-165,0]},{"i":{"x":0.667,"y":1},"o":{"x":0.333,"y":0},"t":19,"s":[841.5,-50.5,0],"to":[0,165,0],"ti":[0,-167.5,0]},{"t":51.0009161517236,"s":[841.5,954.5,0]}],"ix":2},"a":{"a":0,"k":[69.5,69.5,0],"ix":1},"s":{"a":0,"k":[50,50,100],"ix":6}},"ao":0,"ip":19.0003413114264,"op":85.0015269195393,"st":19.0003413114264,"bm":0},{"ddd":0,"ind":17,"ty":2,"nm":"icon_xuehua.png","cl":"png","refId":"image_8","sr":1,"ks":{"o":{"a":1,"k":[{"i":{"x":[0.833],"y":[1]},"o":{"x":[0.333],"y":[0]},"t":12,"s":[100]},{"i":{"x":[0.833],"y":[1]},"o":{"x":[0.333],"y":[0]},"t":35.001,"s":[90]},{"t":44.0007904054086,"s":[0]}],"ix":11},"r":{"a":1,"k":[{"i":{"x":[0.833],"y":[1]},"o":{"x":[0.333],"y":[0]},"t":12,"s":[0]},{"t":37.0006646590936,"s":[180]}],"ix":10},"p":{"a":1,"k":[{"i":{"x":0.667,"y":1},"o":{"x":0.333,"y":0},"t":0,"s":[373.5,-63.5,0],"to":[0,-2.5,0],"ti":[0,-165,0]},{"i":{"x":0.667,"y":1},"o":{"x":0.333,"y":0},"t":12,"s":[373.5,-78.5,0],"to":[0,165,0],"ti":[0,-167.5,0]},{"t":44.0007904054086,"s":[373.5,926.5,0]}],"ix":2},"a":{"a":0,"k":[69.5,69.5,0],"ix":1},"s":{"a":0,"k":[60,60,100],"ix":6}},"ao":0,"ip":12.0002155651114,"op":78.0014011732243,"st":12.0002155651114,"bm":0},{"ddd":0,"ind":18,"ty":2,"nm":"icon_xuehua.png","cl":"png","refId":"image_8","sr":1,"ks":{"o":{"a":1,"k":[{"i":{"x":[0.833],"y":[1]},"o":{"x":[0.333],"y":[0]},"t":29.001,"s":[90]},{"t":38.0006826228529,"s":[0]}],"ix":11},"r":{"a":1,"k":[{"i":{"x":[0.833],"y":[1]},"o":{"x":[0.333],"y":[0]},"t":6,"s":[0]},{"t":31.0005568765379,"s":[180]}],"ix":10},"p":{"a":1,"k":[{"i":{"x":0.667,"y":1},"o":{"x":0.333,"y":0},"t":0,"s":[973.5,-63.5,0],"to":[0,-2.5,0],"ti":[0,-236.167,0]},{"i":{"x":0.667,"y":1},"o":{"x":0.333,"y":0},"t":6,"s":[973.5,-78.5,0],"to":[0,236.167,0],"ti":[0,-238.667,0]},{"t":38.0006826228529,"s":[973.5,1353.5,0]}],"ix":2},"a":{"a":0,"k":[69.5,69.5,0],"ix":1},"s":{"a":0,"k":[60,60,100],"ix":6}},"ao":0,"ip":6.00010778255572,"op":72.0012933906686,"st":6.00010778255572,"bm":0},{"ddd":0,"ind":19,"ty":2,"nm":"icon_xuehua.png","cl":"png","refId":"image_8","sr":1,"ks":{"o":{"a":1,"k":[{"i":{"x":[0.667],"y":[1]},"o":{"x":[0.167],"y":[0]},"t":25,"s":[90]},{"t":34.0006107678157,"s":[0]}],"ix":11},"r":{"a":1,"k":[{"i":{"x":[0.833],"y":[1]},"o":{"x":[0.333],"y":[0]},"t":5,"s":[0]},{"t":34.0006107678157,"s":[90]}],"ix":10},"p":{"a":1,"k":[{"i":{"x":0.667,"y":1},"o":{"x":0.333,"y":0},"t":0,"s":[39.5,-79.5,0],"to":[0,-2.5,0],"ti":[0,-240.833,0]},{"i":{"x":0.667,"y":1},"o":{"x":0.333,"y":0},"t":5,"s":[39.5,-94.5,0],"to":[0,240.833,0],"ti":[0,-243.333,0]},{"t":34.0006107678157,"s":[39.5,1365.5,0]}],"ix":2},"a":{"a":0,"k":[69.5,69.5,0],"ix":1},"s":{"a":0,"k":[60,60,100],"ix":6}},"ao":0,"ip":5.00008981879643,"op":71.0012754269093,"st":5.00008981879643,"bm":0},{"ddd":0,"ind":20,"ty":2,"nm":"icon_xuehua.png","cl":"png","refId":"image_8","sr":1,"ks":{"o":{"a":1,"k":[{"i":{"x":[0.667],"y":[1]},"o":{"x":[0.167],"y":[0]},"t":0,"s":[90]},{"t":20.0003592751857,"s":[0]}],"ix":11},"r":{"a":1,"k":[{"i":{"x":[0.833],"y":[1]},"o":{"x":[0.333],"y":[0]},"t":0,"s":[0]},{"t":14.00025149263,"s":[180]}],"ix":10},"p":{"a":1,"k":[{"i":{"x":0.667,"y":1},"o":{"x":0.333,"y":0},"t":0,"s":[572.5,-85.5,0],"to":[0.667,147.167,0],"ti":[-0.667,-147.167,0]},{"t":20.0003592751857,"s":[576.5,797.5,0]}],"ix":2},"a":{"a":0,"k":[69.5,69.5,0],"ix":1},"s":{"a":0,"k":[68,68,100],"ix":6}},"ao":0,"ip":0,"op":66.0011856081129,"st":0,"bm":0},{"ddd":0,"ind":21,"ty":2,"nm":"764   15","refId":"image_9","sr":1,"ks":{"o":{"a":1,"k":[{"i":{"x":[0.833],"y":[1]},"o":{"x":[0.333],"y":[0]},"t":67.001,"s":[20]},{"t":91.001634702095,"s":[0]}],"ix":11},"r":{"a":0,"k":0,"ix":10},"p":{"a":0,"k":[540,827,0],"ix":2},"a":{"a":0,"k":[540,812.417,0],"ix":1},"s":{"a":1,"k":[{"i":{"x":[0.833,0.833,0.833],"y":[1,1,1]},"o":{"x":[0.333,0.333,0.333],"y":[0,0,0]},"t":67.001,"s":[64,64,100]},{"t":91.001634702095,"s":[140,140,100]}],"ix":6}},"ao":0,"hasMask":true,"masksProperties":[{"inv":false,"mode":"a","pt":{"a":0,"k":{"i":[[-210.973,0],[0,-210.973],[210.973,0],[0,210.973]],"o":[[210.973,0],[0,210.973],[-210.973,0],[0,-210.973]],"v":[[540.125,438.125],[922.125,820.125],[540.125,1202.125],[158.125,820.125]],"c":true},"ix":1},"o":{"a":0,"k":100,"ix":3},"x":{"a":0,"k":0,"ix":4},"nm":"蒙版 1"}],"ip":67.0012035718722,"op":92.0016526658543,"st":67.0012035718722,"bm":0},{"ddd":0,"ind":22,"ty":2,"nm":"764   14","refId":"image_9","sr":1,"ks":{"o":{"a":1,"k":[{"i":{"x":[0.833],"y":[1]},"o":{"x":[0.333],"y":[0]},"t":48.001,"s":[20]},{"t":72.0012933906686,"s":[0]}],"ix":11},"r":{"a":0,"k":0,"ix":10},"p":{"a":0,"k":[540,827,0],"ix":2},"a":{"a":0,"k":[540,812.417,0],"ix":1},"s":{"a":1,"k":[{"i":{"x":[0.833,0.833,0.833],"y":[1,1,1]},"o":{"x":[0.333,0.333,0.333],"y":[0,0,0]},"t":48.001,"s":[64,64,100]},{"t":72.0012933906686,"s":[140,140,100]}],"ix":6}},"ao":0,"hasMask":true,"masksProperties":[{"inv":false,"mode":"a","pt":{"a":0,"k":{"i":[[-210.973,0],[0,-210.973],[210.973,0],[0,210.973]],"o":[[210.973,0],[0,210.973],[-210.973,0],[0,-210.973]],"v":[[540.125,438.125],[922.125,820.125],[540.125,1202.125],[158.125,820.125]],"c":true},"ix":1},"o":{"a":0,"k":100,"ix":3},"x":{"a":0,"k":0,"ix":4},"nm":"蒙版 1"}],"ip":48.0008622604457,"op":73.0013113544279,"st":48.0008622604457,"bm":0},{"ddd":0,"ind":23,"ty":2,"nm":"764   12","refId":"image_9","sr":1,"ks":{"o":{"a":1,"k":[{"i":{"x":[0.833],"y":[1]},"o":{"x":[0.333],"y":[0]},"t":34.001,"s":[20]},{"t":58.0010418980386,"s":[0]}],"ix":11},"r":{"a":0,"k":0,"ix":10},"p":{"a":0,"k":[540,827,0],"ix":2},"a":{"a":0,"k":[540,812.417,0],"ix":1},"s":{"a":1,"k":[{"i":{"x":[0.833,0.833,0.833],"y":[1,1,1]},"o":{"x":[0.333,0.333,0.333],"y":[0,0,0]},"t":34.001,"s":[64,64,100]},{"t":58.0010418980386,"s":[140,140,100]}],"ix":6}},"ao":0,"hasMask":true,"masksProperties":[{"inv":false,"mode":"a","pt":{"a":0,"k":{"i":[[-210.973,0],[0,-210.973],[210.973,0],[0,210.973]],"o":[[210.973,0],[0,210.973],[-210.973,0],[0,-210.973]],"v":[[540.125,438.125],[922.125,820.125],[540.125,1202.125],[158.125,820.125]],"c":true},"ix":1},"o":{"a":0,"k":100,"ix":3},"x":{"a":0,"k":0,"ix":4},"nm":"蒙版 1"}],"ip":34.0006107678157,"op":59.0010598617979,"st":34.0006107678157,"bm":0},{"ddd":0,"ind":24,"ty":2,"nm":"764   13","refId":"image_9","sr":1,"ks":{"o":{"a":1,"k":[{"i":{"x":[0.833],"y":[1]},"o":{"x":[0.333],"y":[0]},"t":19,"s":[20]},{"t":43.0007724416493,"s":[0]}],"ix":11},"r":{"a":0,"k":0,"ix":10},"p":{"a":0,"k":[540,831,0],"ix":2},"a":{"a":0,"k":[540,806.746,0],"ix":1},"s":{"a":1,"k":[{"i":{"x":[0.833,0.833,0.833],"y":[1,1,1]},"o":{"x":[0.333,0.333,0.333],"y":[0,0,0]},"t":19,"s":[63,63,100]},{"t":43.0007724416493,"s":[140,140,100]}],"ix":6}},"ao":0,"hasMask":true,"masksProperties":[{"inv":false,"mode":"a","pt":{"a":0,"k":{"i":[[-210.973,0],[0,-210.973],[210.973,0],[0,210.973]],"o":[[210.973,0],[0,210.973],[-210.973,0],[0,-210.973]],"v":[[540.125,438.125],[922.125,820.125],[540.125,1202.125],[158.125,820.125]],"c":true},"ix":1},"o":{"a":0,"k":100,"ix":3},"x":{"a":0,"k":0,"ix":4},"nm":"蒙版 1"}],"ip":19.0003413114264,"op":44.0007904054086,"st":19.0003413114264,"bm":0},{"ddd":0,"ind":25,"ty":2,"nm":"764   11","refId":"image_9","sr":1,"ks":{"o":{"a":1,"k":[{"i":{"x":[0.833],"y":[1]},"o":{"x":[0.333],"y":[0]},"t":7,"s":[20]},{"t":31.0005568765379,"s":[0]}],"ix":11},"r":{"a":0,"k":0,"ix":10},"p":{"a":0,"k":[540,810,0],"ix":2},"a":{"a":0,"k":[540,810,0],"ix":1},"s":{"a":1,"k":[{"i":{"x":[0.833,0.833,0.833],"y":[1,1,1]},"o":{"x":[0.333,0.333,0.333],"y":[0,0,0]},"t":7,"s":[60,60,100]},{"t":31.0005568765379,"s":[140,140,100]}],"ix":6}},"ao":0,"hasMask":true,"masksProperties":[{"inv":false,"mode":"a","pt":{"a":0,"k":{"i":[[-210.973,0],[0,-210.973],[210.973,0],[0,210.973]],"o":[[210.973,0],[0,210.973],[-210.973,0],[0,-210.973]],"v":[[540.125,438.125],[922.125,820.125],[540.125,1202.125],[158.125,820.125]],"c":true},"ix":1},"o":{"a":0,"k":100,"ix":3},"x":{"a":0,"k":0,"ix":4},"nm":"蒙版 1"}],"ip":7.000125746315,"op":32.0005748402971,"st":7.000125746315,"bm":0},{"ddd":0,"ind":26,"ty":2,"nm":"764   10","refId":"image_9","sr":1,"ks":{"o":{"a":1,"k":[{"i":{"x":[0.833],"y":[1]},"o":{"x":[0.333],"y":[0]},"t":0,"s":[20]},{"t":24.0004311302229,"s":[0]}],"ix":11},"r":{"a":0,"k":0,"ix":10},"p":{"a":0,"k":[540,826,0],"ix":2},"a":{"a":0,"k":[540,807.288,0],"ix":1},"s":{"a":1,"k":[{"i":{"x":[0.833,0.833,0.833],"y":[1,1,1]},"o":{"x":[0.333,0.333,0.333],"y":[0,0,0]},"t":0,"s":[100,100,100]},{"t":24.0004311302229,"s":[140,140,100]}],"ix":6}},"ao":0,"hasMask":true,"masksProperties":[{"inv":false,"mode":"a","pt":{"a":0,"k":{"i":[[-210.973,0],[0,-210.973],[210.973,0],[0,210.973]],"o":[[210.973,0],[0,210.973],[-210.973,0],[0,-210.973]],"v":[[540.125,438.125],[922.125,820.125],[540.125,1202.125],[158.125,820.125]],"c":true},"ix":1},"o":{"a":0,"k":100,"ix":3},"x":{"a":0,"k":0,"ix":4},"nm":"蒙版 1"}],"ip":0,"op":25.0004490939821,"st":0,"bm":0}],"markers":[]}