{"v":"5.7.1","fr":33.3332977294922,"ip":0,"op":168.001500571646,"w":1080,"h":1920,"nm":"QQ清理查看","ddd":0,"assets":[{"id":"image_0","w":90,"h":90,"u":"images/","p":"img_0.png","e":0},{"id":"image_1","w":91,"h":90,"u":"images/","p":"img_1.png","e":0},{"id":"image_2","w":67,"h":67,"u":"images/","p":"img_2.png","e":0},{"id":"image_3","w":1080,"h":1170,"u":"images/","p":"img_3.jpg","e":0},{"id":"image_4","w":1080,"h":1170,"u":"images/","p":"img_4.jpg","e":0},{"id":"image_5","w":1080,"h":1170,"u":"images/","p":"img_5.jpg","e":0},{"id":"image_6","w":216,"h":154,"u":"images/","p":"img_6.png","e":0},{"id":"image_7","w":537,"h":537,"u":"images/","p":"img_7.png","e":0},{"id":"image_8","w":1080,"h":1042,"u":"images/","p":"img_8.jpg","e":0},{"id":"image_9","w":1080,"h":1042,"u":"images/","p":"img_9.jpg","e":0},{"id":"image_10","w":1080,"h":1042,"u":"images/","p":"img_10.jpg","e":0},{"id":"image_11","w":301,"h":301,"u":"images/","p":"img_11.png","e":0},{"id":"image_12","w":1080,"h":1042,"u":"images/","p":"img_12.png","e":0},{"id":"image_13","w":643,"h":613,"u":"images/","p":"img_13.png","e":0},{"id":"image_14","w":797,"h":748,"u":"images/","p":"img_14.png","e":0},{"id":"image_15","w":791,"h":790,"u":"images/","p":"img_15.png","e":0},{"id":"image_16","w":1080,"h":1042,"u":"images/","p":"img_16.png","e":0},{"id":"comp_0","layers":[{"ddd":0,"ind":1,"ty":2,"nm":"cir_wenjian 4","refId":"image_0","sr":1,"ks":{"o":{"a":1,"k":[{"i":{"x":[0.833],"y":[0.833]},"o":{"x":[0.167],"y":[0.167]},"t":77.001,"s":[100]},{"t":87.0007770817454,"s":[0]}],"ix":11},"r":{"a":1,"k":[{"i":{"x":[0.833],"y":[0.833]},"o":{"x":[0.167],"y":[0.167]},"t":77.001,"s":[0]},{"t":87.0007770817454,"s":[180]}],"ix":10},"p":{"a":0,"k":[539.75,549.75,0],"ix":2},"a":{"a":0,"k":[-297.25,-141.75,0],"ix":1},"s":{"a":0,"k":[100,100,100],"ix":6}},"ao":0,"ip":77.0006877620046,"op":128.001143292683,"st":50.0004465987043,"bm":0},{"ddd":0,"ind":2,"ty":2,"nm":"cir_tp 4","refId":"image_1","sr":1,"ks":{"o":{"a":1,"k":[{"i":{"x":[0.833],"y":[0.833]},"o":{"x":[0.167],"y":[0.167]},"t":77.001,"s":[100]},{"t":87.0007770817454,"s":[0]}],"ix":11},"r":{"a":1,"k":[{"i":{"x":[0.833],"y":[0.833]},"o":{"x":[0.167],"y":[0.167]},"t":77.001,"s":[0]},{"t":87.0007770817454,"s":[180]}],"ix":10},"p":{"a":0,"k":[539.5,551,0],"ix":2},"a":{"a":0,"k":[422.5,-67,0],"ix":1},"s":{"a":0,"k":[100,100,100],"ix":6}},"ao":0,"ip":77.0006877620046,"op":128.001143292683,"st":50.0004465987043,"bm":0},{"ddd":0,"ind":3,"ty":2,"nm":"cir_video 4","refId":"image_2","sr":1,"ks":{"o":{"a":1,"k":[{"i":{"x":[0.833],"y":[0.833]},"o":{"x":[0.167],"y":[0.167]},"t":77.001,"s":[100]},{"t":87.0007770817454,"s":[0]}],"ix":11},"r":{"a":1,"k":[{"i":{"x":[0.833],"y":[0.833]},"o":{"x":[0.167],"y":[0.167]},"t":77.001,"s":[0]},{"t":87.0007770817454,"s":[180]}],"ix":10},"p":{"a":0,"k":[539.75,549.5,0],"ix":2},"a":{"a":0,"k":[16.5,430.5,0],"ix":1},"s":{"a":0,"k":[100,100,100],"ix":6}},"ao":0,"ip":77.0006877620046,"op":128.001143292683,"st":50.0004465987043,"bm":0},{"ddd":0,"ind":4,"ty":2,"nm":"cir_wenjian 3","refId":"image_0","sr":1,"ks":{"o":{"a":0,"k":100,"ix":11},"r":{"a":1,"k":[{"i":{"x":[0.833],"y":[0.833]},"o":{"x":[0.167],"y":[0.167]},"t":35,"s":[0]},{"i":{"x":[0.833],"y":[0.833]},"o":{"x":[0.167],"y":[0.167]},"t":50,"s":[60]},{"i":{"x":[0.833],"y":[0.833]},"o":{"x":[0.167],"y":[0.167]},"t":65.001,"s":[0]},{"t":76.0006788300305,"s":[-30]}],"ix":10},"p":{"a":1,"k":[{"i":{"x":0.833,"y":0.833},"o":{"x":0.167,"y":0.167},"t":35,"s":[738,699,0],"to":[24,6.167,0],"ti":[-24,-6.167,0]},{"i":{"x":0.833,"y":0.833},"o":{"x":0.167,"y":0.167},"t":50,"s":[882,736,0],"to":[0,0,0],"ti":[0,0,0]},{"t":76.0006788300305,"s":[882,736,0]}],"ix":2},"a":{"a":0,"k":[45,45,0],"ix":1},"s":{"a":1,"k":[{"i":{"x":[0.833,0.833,0.833],"y":[0.833,0.833,0.833]},"o":{"x":[0.167,0.167,0.167],"y":[0.167,0.167,0.167]},"t":35,"s":[100,100,100]},{"i":{"x":[0.833,0.833,0.833],"y":[0.833,0.833,0.833]},"o":{"x":[0.167,0.167,0.167],"y":[0.167,0.167,0.167]},"t":56.001,"s":[50,50,100]},{"t":76.0006788300305,"s":[100,100,100]}],"ix":6}},"ao":0,"ip":19.0001697075076,"op":78.0006966939787,"st":0,"bm":0},{"ddd":0,"ind":5,"ty":2,"nm":"cir_tp 3","refId":"image_1","sr":1,"ks":{"o":{"a":0,"k":100,"ix":11},"r":{"a":1,"k":[{"i":{"x":[0.833],"y":[0.833]},"o":{"x":[0.167],"y":[0.167]},"t":35,"s":[0]},{"i":{"x":[0.833],"y":[0.833]},"o":{"x":[0.167],"y":[0.167]},"t":50,"s":[60]},{"i":{"x":[0.833],"y":[0.833]},"o":{"x":[0.167],"y":[0.167]},"t":65.001,"s":[0]},{"t":76.0006788300305,"s":[-30]}],"ix":10},"p":{"a":1,"k":[{"i":{"x":0.833,"y":0.833},"o":{"x":0.167,"y":0.167},"t":35,"s":[310.5,617,0],"to":[-24.667,7.667,0],"ti":[24.667,-7.667,0]},{"i":{"x":0.833,"y":0.833},"o":{"x":0.167,"y":0.167},"t":50,"s":[162.5,663,0],"to":[0,0,0],"ti":[0,0,0]},{"t":76.0006788300305,"s":[162.5,663,0]}],"ix":2},"a":{"a":0,"k":[45.5,45,0],"ix":1},"s":{"a":1,"k":[{"i":{"x":[0.833,0.833,0.833],"y":[0.833,0.833,0.833]},"o":{"x":[0.167,0.167,0.167],"y":[0.167,0.167,0.167]},"t":35,"s":[100,100,100]},{"i":{"x":[0.833,0.833,0.833],"y":[0.833,0.833,0.833]},"o":{"x":[0.167,0.167,0.167],"y":[0.167,0.167,0.167]},"t":56.001,"s":[50,50,100]},{"t":76.0006788300305,"s":[100,100,100]}],"ix":6}},"ao":0,"ip":19.0001697075076,"op":78.0006966939787,"st":0,"bm":0},{"ddd":0,"ind":6,"ty":2,"nm":"cir_video 3","refId":"image_2","sr":1,"ks":{"o":{"a":0,"k":100,"ix":11},"r":{"a":1,"k":[{"i":{"x":[0.833],"y":[0.833]},"o":{"x":[0.167],"y":[0.167]},"t":35,"s":[0]},{"i":{"x":[0.833],"y":[0.833]},"o":{"x":[0.167],"y":[0.167]},"t":50,"s":[60]},{"i":{"x":[0.833],"y":[0.833]},"o":{"x":[0.167],"y":[0.167]},"t":65.001,"s":[0]},{"t":76.0006788300305,"s":[-30]}],"ix":10},"p":{"a":1,"k":[{"i":{"x":0.833,"y":0.833},"o":{"x":0.167,"y":0.167},"t":35,"s":[542.5,288.5,0],"to":[2.5,-22.667,0],"ti":[-2.5,22.667,0]},{"i":{"x":0.833,"y":0.833},"o":{"x":0.167,"y":0.167},"t":50,"s":[557.5,152.5,0],"to":[0,0,0],"ti":[0,0,0]},{"t":76.0006788300305,"s":[557.5,152.5,0]}],"ix":2},"a":{"a":0,"k":[33.5,33.5,0],"ix":1},"s":{"a":1,"k":[{"i":{"x":[0.833,0.833,0.833],"y":[0.833,0.833,0.833]},"o":{"x":[0.167,0.167,0.167],"y":[0.167,0.167,0.167]},"t":35,"s":[100,100,100]},{"i":{"x":[0.833,0.833,0.833],"y":[0.833,0.833,0.833]},"o":{"x":[0.167,0.167,0.167],"y":[0.167,0.167,0.167]},"t":56.001,"s":[50,50,100]},{"t":76.0006788300305,"s":[100,100,100]}],"ix":6}},"ao":0,"ip":19.0001697075076,"op":78.0006966939787,"st":0,"bm":0},{"ddd":0,"ind":7,"ty":0,"nm":"完成勾预合成","refId":"comp_1","sr":1,"ks":{"o":{"a":0,"k":100,"ix":11},"r":{"a":0,"k":0,"ix":10},"p":{"a":0,"k":[540,820,0],"ix":2},"a":{"a":0,"k":[540,960,0],"ix":1},"s":{"a":0,"k":[100,100,100],"ix":6}},"ao":0,"w":1080,"h":1920,"ip":102.000911061357,"op":168.001500571646,"st":102.000911061357,"bm":0},{"ddd":0,"ind":8,"ty":2,"nm":"line 12","refId":"image_8","sr":1,"ks":{"o":{"a":0,"k":100,"ix":11},"r":{"a":1,"k":[{"i":{"x":[0.833],"y":[0.833]},"o":{"x":[0.167],"y":[0.167]},"t":77.001,"s":[0]},{"t":87.0007770817454,"s":[180]}],"ix":10},"p":{"a":0,"k":[540,550,0],"ix":2},"a":{"a":0,"k":[540,531,0],"ix":1},"s":{"a":0,"k":[100,100,100],"ix":6}},"ao":0,"hasMask":true,"masksProperties":[{"inv":false,"mode":"a","pt":{"a":0,"k":{"i":[[1.172,1.172],[-1.172,1.172],[0,0],[-1.172,-1.172],[1.172,-1.172],[0,0]],"o":[[-1.172,-1.172],[0,0],[1.172,-1.172],[1.172,1.172],[0,0],[-1.172,1.172]],"v":[[214.022,845.849],[214.022,841.607],[262.206,793.423],[266.448,793.423],[266.448,797.665],[218.265,845.849]],"c":true},"ix":1},"o":{"a":0,"k":100,"ix":3},"x":{"a":0,"k":0,"ix":4},"nm":"蒙版 1"}],"ip":77.0006877620046,"op":108.000964653201,"st":0,"bm":0},{"ddd":0,"ind":9,"ty":2,"nm":"line 11","parent":8,"refId":"image_9","sr":1,"ks":{"o":{"a":0,"k":100,"ix":11},"r":{"a":0,"k":0,"ix":10},"p":{"a":0,"k":[541,531,0],"ix":2},"a":{"a":0,"k":[541,531,0],"ix":1},"s":{"a":0,"k":[100,100,100],"ix":6}},"ao":0,"hasMask":true,"masksProperties":[{"inv":false,"mode":"a","pt":{"a":0,"k":{"i":[[1.172,-1.172],[1.172,1.172],[0,0],[-1.172,1.172],[-1.172,-1.172],[0,0]],"o":[[-1.172,1.172],[0,0],[-1.172,-1.172],[1.172,-1.172],[0,0],[1.172,1.172]],"v":[[857.346,845.156],[853.103,845.156],[803.919,796.972],[803.919,792.729],[808.162,792.729],[857.346,840.913]],"c":true},"ix":1},"o":{"a":0,"k":100,"ix":3},"x":{"a":0,"k":0,"ix":4},"nm":"蒙版 1"}],"ip":77.0006877620046,"op":108.000964653201,"st":0,"bm":0},{"ddd":0,"ind":10,"ty":2,"nm":"line 10","parent":8,"refId":"image_10","sr":1,"ks":{"o":{"a":0,"k":100,"ix":11},"r":{"a":0,"k":0,"ix":10},"p":{"a":0,"k":[540,530.25,0],"ix":2},"a":{"a":0,"k":[540,530.25,0],"ix":1},"s":{"a":0,"k":[100,100,100],"ix":6}},"ao":0,"hasMask":true,"masksProperties":[{"inv":false,"mode":"a","pt":{"a":0,"k":{"i":[[-1.657,0],[0,-1.657],[0,0],[1.657,0],[0,1.657],[0,0]],"o":[[1.657,0],[0,0],[0,1.657],[-1.657,0],[0,0],[0,-1.657]],"v":[[540,86],[543,89],[543,153],[540,156],[537,153],[537,89]],"c":true},"ix":1},"o":{"a":0,"k":100,"ix":3},"x":{"a":0,"k":0,"ix":4},"nm":"蒙版 1"}],"ip":77.0006877620046,"op":108.000964653201,"st":0,"bm":0},{"ddd":0,"ind":11,"ty":2,"nm":"line 9","refId":"image_8","sr":1,"ks":{"o":{"a":1,"k":[{"i":{"x":[0.833],"y":[0.833]},"o":{"x":[0.167],"y":[0.167]},"t":62.001,"s":[100]},{"i":{"x":[0.833],"y":[0.833]},"o":{"x":[0.167],"y":[0.167]},"t":63.001,"s":[0]},{"i":{"x":[0.833],"y":[0.833]},"o":{"x":[0.167],"y":[0.167]},"t":65.001,"s":[100]},{"i":{"x":[0.833],"y":[0.833]},"o":{"x":[0.167],"y":[0.167]},"t":66.001,"s":[0]},{"t":67.0005984422637,"s":[100]}],"ix":11},"r":{"a":0,"k":0,"ix":10},"p":{"a":1,"k":[{"i":{"x":0.833,"y":0.833},"o":{"x":0.167,"y":0.167},"t":0,"s":[-27.5,1091.25,0],"to":[44.75,-41.542,0],"ti":[-44.75,41.542,0]},{"i":{"x":0.833,"y":0.833},"o":{"x":0.167,"y":0.167},"t":27,"s":[241,842,0],"to":[0,0,0],"ti":[0,0,0]},{"i":{"x":0.833,"y":0.833},"o":{"x":0.167,"y":0.167},"t":45,"s":[241,842,0],"to":[29.167,-26.5,0],"ti":[-29.167,26.5,0]},{"i":{"x":0.833,"y":0.833},"o":{"x":0.167,"y":0.167},"t":58.001,"s":[416,683,0],"to":[0,0,0],"ti":[0,0,0]},{"i":{"x":0.833,"y":0.833},"o":{"x":0.167,"y":0.167},"t":66.001,"s":[416,683,0],"to":[-29.167,26.5,0],"ti":[29.167,-26.5,0]},{"t":76.0006788300305,"s":[241,842,0]}],"ix":2},"a":{"a":0,"k":[241,823,0],"ix":1},"s":{"a":0,"k":[100,100,100],"ix":6}},"ao":0,"hasMask":true,"masksProperties":[{"inv":false,"mode":"a","pt":{"a":0,"k":{"i":[[1.172,1.172],[-1.172,1.172],[0,0],[-1.172,-1.172],[1.172,-1.172],[0,0]],"o":[[-1.172,-1.172],[0,0],[1.172,-1.172],[1.172,1.172],[0,0],[-1.172,1.172]],"v":[[214.022,845.849],[214.022,841.607],[262.206,793.423],[266.448,793.423],[266.448,797.665],[218.265,845.849]],"c":true},"ix":1},"o":{"a":0,"k":100,"ix":3},"x":{"a":0,"k":0,"ix":4},"nm":"蒙版 1"}],"ip":0,"op":77.0006877620046,"st":0,"bm":0},{"ddd":0,"ind":12,"ty":2,"nm":"line 8","refId":"image_9","sr":1,"ks":{"o":{"a":1,"k":[{"i":{"x":[0.833],"y":[0.833]},"o":{"x":[0.167],"y":[0.167]},"t":62.001,"s":[100]},{"i":{"x":[0.833],"y":[0.833]},"o":{"x":[0.167],"y":[0.167]},"t":63.001,"s":[0]},{"i":{"x":[0.833],"y":[0.833]},"o":{"x":[0.167],"y":[0.167]},"t":65.001,"s":[100]},{"i":{"x":[0.833],"y":[0.833]},"o":{"x":[0.167],"y":[0.167]},"t":66.001,"s":[0]},{"t":67.0005984422637,"s":[100]}],"ix":11},"r":{"a":0,"k":0,"ix":10},"p":{"a":1,"k":[{"i":{"x":0.833,"y":0.833},"o":{"x":0.167,"y":0.167},"t":0,"s":[1110.5,1092.5,0],"to":[-46.583,-42.083,0],"ti":[46.583,42.083,0]},{"i":{"x":0.833,"y":0.833},"o":{"x":0.167,"y":0.167},"t":27,"s":[831,840,0],"to":[0,0,0],"ti":[0,0,0]},{"i":{"x":0.833,"y":0.833},"o":{"x":0.167,"y":0.167},"t":45,"s":[831,840,0],"to":[-28.333,-25.833,0],"ti":[28.333,25.833,0]},{"i":{"x":0.833,"y":0.833},"o":{"x":0.167,"y":0.167},"t":58.001,"s":[661,685,0],"to":[0,0,0],"ti":[0,0,0]},{"i":{"x":0.833,"y":0.833},"o":{"x":0.167,"y":0.167},"t":66.001,"s":[661,685,0],"to":[28.333,25.833,0],"ti":[-28.333,-25.833,0]},{"t":76.0006788300305,"s":[831,840,0]}],"ix":2},"a":{"a":0,"k":[831,821,0],"ix":1},"s":{"a":0,"k":[100,100,100],"ix":6}},"ao":0,"hasMask":true,"masksProperties":[{"inv":false,"mode":"a","pt":{"a":0,"k":{"i":[[1.172,-1.172],[1.172,1.172],[0,0],[-1.172,1.172],[-1.172,-1.172],[0,0]],"o":[[-1.172,1.172],[0,0],[-1.172,-1.172],[1.172,-1.172],[0,0],[1.172,1.172]],"v":[[857.346,845.156],[853.103,845.156],[803.919,796.972],[803.919,792.729],[808.162,792.729],[857.346,840.913]],"c":true},"ix":1},"o":{"a":0,"k":100,"ix":3},"x":{"a":0,"k":0,"ix":4},"nm":"蒙版 1"}],"ip":0,"op":77.0006877620046,"st":0,"bm":0},{"ddd":0,"ind":13,"ty":2,"nm":"line 7","refId":"image_10","sr":1,"ks":{"o":{"a":1,"k":[{"i":{"x":[0.833],"y":[0.833]},"o":{"x":[0.167],"y":[0.167]},"t":62.001,"s":[60]},{"i":{"x":[0.833],"y":[0.833]},"o":{"x":[0.167],"y":[0.167]},"t":63.001,"s":[0]},{"i":{"x":[0.833],"y":[0.833]},"o":{"x":[0.167],"y":[0.167]},"t":65.001,"s":[60]},{"i":{"x":[0.833],"y":[0.833]},"o":{"x":[0.167],"y":[0.167]},"t":66.001,"s":[0]},{"i":{"x":[0.833],"y":[0.833]},"o":{"x":[0.167],"y":[0.167]},"t":67.001,"s":[60]},{"t":76.0006788300305,"s":[100]}],"ix":11},"r":{"a":0,"k":0,"ix":10},"p":{"a":1,"k":[{"i":{"x":0.833,"y":0.833},"o":{"x":0.167,"y":0.167},"t":0,"s":[540,-17.25,0],"to":[0,26.167,0],"ti":[0,-26.167,0]},{"i":{"x":0.833,"y":0.833},"o":{"x":0.167,"y":0.167},"t":27,"s":[540,139.75,0],"to":[0,0,0],"ti":[0,0,0]},{"i":{"x":0.833,"y":0.833},"o":{"x":0.167,"y":0.167},"t":45,"s":[540,139.75,0],"to":[0,35.167,0],"ti":[0,-35.167,0]},{"i":{"x":0.833,"y":0.833},"o":{"x":0.167,"y":0.167},"t":58.001,"s":[540,350.75,0],"to":[0,0,0],"ti":[0,0,0]},{"i":{"x":0.833,"y":0.833},"o":{"x":0.167,"y":0.167},"t":66.001,"s":[540,350.75,0],"to":[0,-35.167,0],"ti":[0,35.167,0]},{"t":76.0006788300305,"s":[540,139.75,0]}],"ix":2},"a":{"a":0,"k":[540,120.75,0],"ix":1},"s":{"a":0,"k":[100,100,100],"ix":6}},"ao":0,"hasMask":true,"masksProperties":[{"inv":false,"mode":"a","pt":{"a":0,"k":{"i":[[-1.657,0],[0,-1.657],[0,0],[1.657,0],[0,1.657],[0,0]],"o":[[1.657,0],[0,0],[0,1.657],[-1.657,0],[0,0],[0,-1.657]],"v":[[540,86],[543,89],[543,153],[540,156],[537,153],[537,89]],"c":true},"ix":1},"o":{"a":0,"k":100,"ix":3},"x":{"a":0,"k":0,"ix":4},"nm":"蒙版 1"}],"ip":0,"op":77.0006877620046,"st":0,"bm":0},{"ddd":0,"ind":14,"ty":2,"nm":"QQk 2","refId":"image_11","sr":1,"ks":{"o":{"a":0,"k":100,"ix":11},"r":{"a":0,"k":0,"ix":10},"p":{"a":0,"k":[539.5,539.5,0],"ix":2},"a":{"a":0,"k":[150.5,150.5,0],"ix":1},"s":{"a":0,"k":[100,100,100],"ix":6}},"ao":0,"ip":0,"op":108.000964653201,"st":0,"bm":0},{"ddd":0,"ind":15,"ty":2,"nm":"86.png","cl":"png","refId":"image_12","sr":1,"ks":{"o":{"a":0,"k":100,"ix":11},"r":{"a":0,"k":0,"ix":10},"p":{"a":0,"k":[540,540,0],"ix":2},"a":{"a":0,"k":[540,521,0],"ix":1},"s":{"a":0,"k":[100,100,100],"ix":6}},"ao":0,"ip":0,"op":108.000964653201,"st":0,"bm":0},{"ddd":0,"ind":16,"ty":2,"nm":"89","refId":"image_13","sr":1,"ks":{"o":{"a":0,"k":85.882,"ix":11},"r":{"a":0,"k":0,"ix":10},"p":{"a":0,"k":[539.5,525.5,0],"ix":2},"a":{"a":0,"k":[321.5,306.5,0],"ix":1},"s":{"a":0,"k":[100,100,100],"ix":6}},"ao":0,"hasMask":true,"masksProperties":[{"inv":false,"mode":"n","pt":{"a":0,"k":{"i":[[-0.113,0.064],[-57.75,0],[-43.358,-21.832]],"o":[[46.822,-26.688],[51.856,0],[104.902,52.821]],"v":[[162.708,42.089],[321.469,0.153],[465.668,34.279]],"c":true},"ix":1},"o":{"a":0,"k":100,"ix":3},"x":{"a":0,"k":0,"ix":4},"nm":"蒙版 1"},{"inv":false,"mode":"n","pt":{"a":0,"k":{"i":[[0,-125.463],[109.419,-51.166]],"o":[[0,128.768],[-41.256,19.292]],"v":[[642.534,321.219],[457.309,612.216]],"c":true},"ix":1},"o":{"a":0,"k":100,"ix":3},"x":{"a":0,"k":0,"ix":4},"nm":"蒙版 2"},{"inv":false,"mode":"n","pt":{"a":0,"k":{"i":[[5.954,-3.682],[0.178,0.112],[0,114.613]],"o":[[-0.336,-0.257],[-90.359,-56.809],[0,-118.363]],"v":[[152,594],[150.817,593.227],[0.403,321.219]],"c":true},"ix":1},"o":{"a":0,"k":100,"ix":3},"x":{"a":0,"k":0,"ix":4},"nm":"蒙版 3"}],"ip":0,"op":108.000964653201,"st":0,"bm":0},{"ddd":0,"ind":18,"ty":2,"nm":"88","refId":"image_14","sr":1,"ks":{"o":{"a":0,"k":60,"ix":11},"r":{"a":1,"k":[{"i":{"x":[0.833],"y":[0.833]},"o":{"x":[0.167],"y":[0.167]},"t":77.001,"s":[0]},{"t":87.0007770817454,"s":[60]}],"ix":10},"p":{"a":0,"k":[539.875,542,0],"ix":2},"a":{"a":0,"k":[397.875,359,0],"ix":1},"s":{"a":1,"k":[{"i":{"x":[0.833,0.833,0.833],"y":[0.833,0.833,0.833]},"o":{"x":[0.167,0.167,0.167],"y":[0.167,0.167,0.167]},"t":5,"s":[81,81,100]},{"i":{"x":[0.833,0.833,0.833],"y":[0.833,0.833,0.833]},"o":{"x":[0.167,0.167,0.167],"y":[0.167,0.167,0.167]},"t":19,"s":[100,100,100]},{"i":{"x":[0.833,0.833,0.833],"y":[0.833,0.833,0.833]},"o":{"x":[0.167,0.167,0.167],"y":[0.167,0.167,0.167]},"t":35,"s":[100,100,100]},{"i":{"x":[0.833,0.833,0.833],"y":[0.833,0.833,0.833]},"o":{"x":[0.167,0.167,0.167],"y":[0.167,0.167,0.167]},"t":50,"s":[60,60,100]},{"i":{"x":[0.833,0.833,0.833],"y":[0.833,0.833,0.833]},"o":{"x":[0.167,0.167,0.167],"y":[0.167,0.167,0.167]},"t":77.001,"s":[82,82,100]},{"t":87.0007770817454,"s":[100,100,100]}],"ix":6}},"ao":0,"hasMask":true,"masksProperties":[{"inv":false,"mode":"n","pt":{"a":0,"k":{"i":[[111.976,-70.428],[77.759,0],[62.977,41.79]],"o":[[-61.296,38.553],[-81.244,0],[-107.41,-71.275]],"v":[[609.856,687.16],[398.25,748.013],[178.471,681.88]],"c":true},"ix":1},"o":{"a":0,"k":100,"ix":3},"x":{"a":0,"k":0,"ix":4},"nm":"蒙版 1"},{"inv":false,"mode":"n","pt":{"a":0,"k":{"i":[[0,138.565],[-123.206,67.65]],"o":[[0,-150.48],[56.763,-31.168]],"v":[[0.25,350.013],[206.969,0.907]],"c":true},"ix":1},"o":{"a":0,"k":100,"ix":3},"x":{"a":0,"k":0,"ix":4},"nm":"蒙版 2"},{"inv":false,"mode":"n","pt":{"a":0,"k":{"i":[[-57.545,-32.326],[0,-149.108]],"o":[[121.362,68.174],[0,142.05]],"v":[[592.891,2.773],[796.25,350.013]],"c":true},"ix":1},"o":{"a":0,"k":100,"ix":3},"x":{"a":0,"k":0,"ix":4},"nm":"蒙版 3"}],"ip":0,"op":108.000964653201,"st":0,"bm":0},{"ddd":0,"ind":19,"ty":2,"nm":"87","refId":"image_15","sr":1,"ks":{"o":{"a":0,"k":27.059,"ix":11},"r":{"a":1,"k":[{"i":{"x":[0.833],"y":[0.833]},"o":{"x":[0.167],"y":[0.167]},"t":0,"s":[0]},{"i":{"x":[0.833],"y":[0.833]},"o":{"x":[0.167],"y":[0.167]},"t":35,"s":[20]},{"i":{"x":[0.833],"y":[0.833]},"o":{"x":[0.167],"y":[0.167]},"t":77.001,"s":[131]},{"t":87.0007770817454,"s":[191]}],"ix":10},"p":{"a":0,"k":[540,542,0],"ix":2},"a":{"a":0,"k":[395.5,395,0],"ix":1},"s":{"a":1,"k":[{"i":{"x":[0.833,0.833,0.833],"y":[0.833,0.833,0.833]},"o":{"x":[0.167,0.167,0.167],"y":[0.167,0.167,0.167]},"t":5,"s":[81,81,100]},{"i":{"x":[0.833,0.833,0.833],"y":[0.833,0.833,0.833]},"o":{"x":[0.167,0.167,0.167],"y":[0.167,0.167,0.167]},"t":19,"s":[100,100,100]},{"i":{"x":[0.833,0.833,0.833],"y":[0.833,0.833,0.833]},"o":{"x":[0.167,0.167,0.167],"y":[0.167,0.167,0.167]},"t":35,"s":[100,100,100]},{"i":{"x":[0.833,0.833,0.833],"y":[0.833,0.833,0.833]},"o":{"x":[0.167,0.167,0.167],"y":[0.167,0.167,0.167]},"t":50,"s":[60,60,100]},{"i":{"x":[0.833,0.833,0.833],"y":[0.833,0.833,0.833]},"o":{"x":[0.167,0.167,0.167],"y":[0.167,0.167,0.167]},"t":77.001,"s":[82,82,100]},{"t":87.0007770817454,"s":[100,100,100]}],"ix":6}},"ao":0,"hasMask":true,"masksProperties":[{"inv":false,"mode":"n","pt":{"a":0,"k":{"i":[[62.537,-40.384],[78.831,0],[52.298,156.784]],"o":[[-61.638,39.804],[-174.365,0],[-13.106,-39.289]],"v":[[609.217,726.988],[395.312,789.895],[20.684,520.084]],"c":true},"ix":1},"o":{"a":0,"k":100,"ix":3},"x":{"a":0,"k":0,"ix":4},"nm":"蒙版 1"},{"inv":false,"mode":"n","pt":{"a":0,"k":{"i":[[0,43.695],[-218.06,0],[0,-218.06],[23.383,-50.435]],"o":[[0,-218.06],[218.06,0],[0,59.248],[-31.565,68.082]],"v":[[0.48,395.063],[395.312,0.23],[790.144,395.063],[753.711,560.946]],"c":true},"ix":1},"o":{"a":0,"k":100,"ix":3},"x":{"a":0,"k":0,"ix":4},"nm":"蒙版 2"}],"ip":0,"op":108.000964653201,"st":0,"bm":0},{"ddd":0,"ind":20,"ty":2,"nm":"di.png","cl":"png","refId":"image_16","sr":1,"ks":{"o":{"a":1,"k":[{"i":{"x":[0.833],"y":[0.833]},"o":{"x":[0.167],"y":[0.167]},"t":0,"s":[100]},{"i":{"x":[0.833],"y":[0.833]},"o":{"x":[0.167],"y":[0.167]},"t":6,"s":[30]},{"i":{"x":[0.833],"y":[0.833]},"o":{"x":[0.167],"y":[0.167]},"t":11,"s":[100]},{"i":{"x":[0.833],"y":[0.833]},"o":{"x":[0.167],"y":[0.167]},"t":17,"s":[30]},{"i":{"x":[0.833],"y":[0.833]},"o":{"x":[0.167],"y":[0.167]},"t":21,"s":[100]},{"i":{"x":[0.833],"y":[0.833]},"o":{"x":[0.167],"y":[0.167]},"t":27,"s":[30]},{"i":{"x":[0.833],"y":[0.833]},"o":{"x":[0.167],"y":[0.167]},"t":32,"s":[100]},{"i":{"x":[0.833],"y":[0.833]},"o":{"x":[0.167],"y":[0.167]},"t":38,"s":[30]},{"i":{"x":[0.833],"y":[0.833]},"o":{"x":[0.167],"y":[0.167]},"t":43,"s":[100]},{"i":{"x":[0.833],"y":[0.833]},"o":{"x":[0.167],"y":[0.167]},"t":49,"s":[30]},{"i":{"x":[0.833],"y":[0.833]},"o":{"x":[0.167],"y":[0.167]},"t":54,"s":[100]},{"i":{"x":[0.833],"y":[0.833]},"o":{"x":[0.167],"y":[0.167]},"t":60.001,"s":[30]},{"i":{"x":[0.833],"y":[0.833]},"o":{"x":[0.167],"y":[0.167]},"t":65.001,"s":[100]},{"i":{"x":[0.833],"y":[0.833]},"o":{"x":[0.167],"y":[0.167]},"t":71.001,"s":[30]},{"t":76.0006788300305,"s":[100]}],"ix":11},"r":{"a":0,"k":0,"ix":10},"p":{"a":0,"k":[540,540,0],"ix":2},"a":{"a":0,"k":[540,521,0],"ix":1},"s":{"a":0,"k":[100,100,100],"ix":6}},"ao":0,"ip":0,"op":108.000964653201,"st":0,"bm":0}]},{"id":"comp_1","layers":[{"ddd":0,"ind":1,"ty":4,"nm":"大圆 5","sr":1,"ks":{"o":{"a":1,"k":[{"i":{"x":[0.833],"y":[1]},"o":{"x":[0.333],"y":[0]},"t":1.476,"s":[20]},{"t":26.5709826460679,"s":[0]}],"ix":11},"r":{"a":0,"k":0,"ix":10},"p":{"a":0,"k":[527.875,688.125,0],"ix":2},"a":{"a":0,"k":[0,0,0],"ix":1},"s":{"a":1,"k":[{"i":{"x":[0.833,0.833,0.833],"y":[1,1,1]},"o":{"x":[0.333,0.333,0.333],"y":[0,0,0]},"t":1.476,"s":[86,86,100]},{"t":42.8088053742205,"s":[220,220,100]}],"ix":6}},"ao":0,"shapes":[{"ty":"gr","it":[{"d":1,"ty":"el","s":{"a":0,"k":[764,764],"ix":2},"p":{"a":0,"k":[0,0],"ix":3},"nm":"椭圆路径 1","mn":"ADBE Vector Shape - Ellipse","hd":false},{"ty":"fl","c":{"a":0,"k":[1,1,1,1],"ix":4},"o":{"a":0,"k":100,"ix":5},"r":1,"bm":0,"nm":"填充 1","mn":"ADBE Vector Graphic - Fill","hd":false},{"ty":"tr","p":{"a":0,"k":[12,-13],"ix":2},"a":{"a":0,"k":[0,0],"ix":1},"s":{"a":0,"k":[100,100],"ix":3},"r":{"a":0,"k":0,"ix":6},"o":{"a":0,"k":100,"ix":7},"sk":{"a":0,"k":0,"ix":4},"sa":{"a":0,"k":0,"ix":5},"nm":"变换"}],"nm":"椭圆 1","np":3,"cix":2,"bm":0,"ix":1,"mn":"ADBE Vector Group","hd":false}],"ip":0,"op":45.7611367793392,"st":7.38082851279664,"bm":0},{"ddd":0,"ind":2,"ty":2,"nm":"s 4","refId":"image_3","sr":1,"ks":{"o":{"a":0,"k":90.196,"ix":11},"r":{"a":0,"k":0,"ix":10},"p":{"a":0,"k":[170,664,0],"ix":2},"a":{"a":0,"k":[170,555,0],"ix":1},"s":{"a":1,"k":[{"i":{"x":[0.667,0.667,0.667],"y":[1,1,1]},"o":{"x":[0.333,0.333,0.333],"y":[0,0,0]},"t":10.333,"s":[100,100,100]},{"i":{"x":[0.833,0.833,0.833],"y":[1,1,1]},"o":{"x":[0.333,0.333,0.333],"y":[0,0,0]},"t":22.142,"s":[100,100,100]},{"i":{"x":[0.667,0.667,0.667],"y":[1,1,1]},"o":{"x":[0.167,0.167,0.167],"y":[0,0,0]},"t":30.999,"s":[60,60,100]},{"t":39.8564739691019,"s":[100,100,100]}],"ix":6}},"ao":0,"hasMask":true,"masksProperties":[{"inv":false,"mode":"a","pt":{"a":0,"k":{"i":[[0,0],[0,0],[0,0],[0,0],[0,0],[0,0],[0,0],[0,0]],"o":[[0,0],[0,0],[0,0],[0,0],[0,0],[0,0],[0,0],[0,0]],"v":[[221.045,556.384],[185.63,570.934],[176.022,607.995],[161.472,572.581],[124.411,562.972],[159.825,548.422],[169.434,511.361],[183.983,546.775]],"c":true},"ix":1},"o":{"a":0,"k":100,"ix":3},"x":{"a":0,"k":0,"ix":4},"nm":"蒙版 1"}],"ip":10.3331599179153,"op":343.946608696323,"st":10.3331599179153,"bm":0},{"ddd":0,"ind":3,"ty":2,"nm":"s 3","refId":"image_4","sr":1,"ks":{"o":{"a":0,"k":90.196,"ix":11},"r":{"a":0,"k":0,"ix":10},"p":{"a":0,"k":[767,1013.5,0],"ix":2},"a":{"a":0,"k":[767,904.5,0],"ix":1},"s":{"a":1,"k":[{"i":{"x":[0.833,0.833,0.833],"y":[1,1,1]},"o":{"x":[0.333,0.333,0.333],"y":[0,0,0]},"t":5.905,"s":[0,0,100]},{"i":{"x":[0.833,0.833,0.833],"y":[1,1,1]},"o":{"x":[0.167,0.167,0.167],"y":[0,0,0]},"t":19.19,"s":[100,100,100]},{"i":{"x":[0.833,0.833,0.833],"y":[1,1,1]},"o":{"x":[0.167,0.167,0.167],"y":[0,0,0]},"t":26.571,"s":[60,60,100]},{"t":35.4279768614239,"s":[90,90,100]}],"ix":6}},"ao":0,"hasMask":true,"masksProperties":[{"inv":false,"mode":"a","pt":{"a":0,"k":{"i":[[0,0],[0,0],[0,0],[0,0],[0,0],[0,0],[0,0],[0,0]],"o":[[0,0],[0,0],[0,0],[0,0],[0,0],[0,0],[0,0],[0,0]],"v":[[815.045,902.384],[779.63,916.934],[770.022,953.995],[755.472,918.581],[718.411,908.972],[753.825,894.422],[763.434,857.361],[777.983,892.775]],"c":true},"ix":1},"o":{"a":0,"k":100,"ix":3},"x":{"a":0,"k":0,"ix":4},"nm":"蒙版 1"}],"ip":5.90466281023731,"op":339.518111588645,"st":5.90466281023731,"bm":0},{"ddd":0,"ind":4,"ty":2,"nm":"s 2","refId":"image_5","sr":1,"ks":{"o":{"a":0,"k":90.196,"ix":11},"r":{"a":0,"k":0,"ix":10},"p":{"a":0,"k":[845,411,0],"ix":2},"a":{"a":0,"k":[845,302,0],"ix":1},"s":{"a":1,"k":[{"i":{"x":[0.833,0.833,0.833],"y":[1,1,1]},"o":{"x":[0.167,0.167,0.167],"y":[0,0,0]},"t":5.905,"s":[0,0,100]},{"i":{"x":[0.833,0.833,0.833],"y":[1,1,1]},"o":{"x":[0.167,0.167,0.167],"y":[0,0,0]},"t":16.238,"s":[100,100,100]},{"i":{"x":[0.833,0.833,0.833],"y":[1,1,1]},"o":{"x":[0.167,0.167,0.167],"y":[0,0,0]},"t":25.095,"s":[50,50,100]},{"i":{"x":[0.833,0.833,0.833],"y":[1,1,1]},"o":{"x":[0.167,0.167,0.167],"y":[0,0,0]},"t":30.999,"s":[100,100,100]},{"t":38.3803082665425,"s":[60,60,100]}],"ix":6}},"ao":0,"hasMask":true,"masksProperties":[{"inv":false,"mode":"a","pt":{"a":0,"k":{"i":[[0,0],[0,0],[0,0],[0,0],[0,0],[0,0],[0,0],[0,0]],"o":[[0,0],[0,0],[0,0],[0,0],[0,0],[0,0],[0,0],[0,0]],"v":[[890.045,301.384],[854.63,315.934],[845.022,352.995],[830.472,317.581],[793.411,307.972],[828.825,293.422],[838.434,256.361],[852.983,291.775]],"c":true},"ix":1},"o":{"a":0,"k":100,"ix":3},"x":{"a":0,"k":0,"ix":4},"nm":"蒙版 1"}],"ip":5.90466281023731,"op":339.518111588645,"st":5.90466281023731,"bm":0},{"ddd":0,"ind":5,"ty":2,"nm":"勾.gif","cl":"gif","refId":"image_6","sr":1,"ks":{"o":{"a":1,"k":[{"i":{"x":[0.833],"y":[1]},"o":{"x":[0.333],"y":[0]},"t":5.905,"s":[0]},{"t":16.2378227281526,"s":[100]}],"ix":11},"r":{"a":0,"k":0,"ix":10},"p":{"a":0,"k":[540,678,0],"ix":2},"a":{"a":0,"k":[108,77,0],"ix":1},"s":{"a":1,"k":[{"i":{"x":[0.667,0.667,0.667],"y":[1,1,1]},"o":{"x":[0.167,0.167,0.167],"y":[0,0,0]},"t":5.905,"s":[0,0,100]},{"i":{"x":[0.667,0.667,0.667],"y":[1,1,1]},"o":{"x":[0.333,0.333,0.333],"y":[0,0,0]},"t":16.238,"s":[120,120,100]},{"t":19.1901541332713,"s":[100,100,100]}],"ix":6}},"ao":0,"ip":5.90466281023731,"op":343.946608696323,"st":5.90466281023731,"bm":0},{"ddd":0,"ind":6,"ty":2,"nm":"勾 拷贝 3","refId":"image_7","sr":1,"ks":{"o":{"a":0,"k":100,"ix":11},"r":{"a":0,"k":0,"ix":10},"p":{"a":0,"k":[540.5,661.5,0],"ix":2},"a":{"a":0,"k":[268.5,268.5,0],"ix":1},"s":{"a":1,"k":[{"i":{"x":[0.667,0.667,0.667],"y":[1,1,1]},"o":{"x":[0.333,0.333,0.333],"y":[0,0,0]},"t":5.905,"s":[0,0,100]},{"i":{"x":[0.667,0.667,0.667],"y":[1,1,1]},"o":{"x":[0.167,0.167,0.167],"y":[0,0,0]},"t":13.285,"s":[126,126,100]},{"t":19.1901541332713,"s":[100,100,100]}],"ix":6}},"ao":0,"ip":5.90466281023731,"op":339.518111588645,"st":5.90466281023731,"bm":0}]}],"layers":[{"ddd":0,"ind":1,"ty":0,"nm":"QQ清理预合成","refId":"comp_0","sr":1,"ks":{"o":{"a":0,"k":100,"ix":11},"r":{"a":0,"k":0,"ix":10},"p":{"a":0,"k":[540,739,0],"ix":2},"a":{"a":0,"k":[540,540,0],"ix":1},"s":{"a":0,"k":[100,100,100],"ix":6}},"ao":0,"w":1080,"h":1080,"ip":0,"op":173.001545231517,"st":0,"bm":0}],"markers":[]}