{"v":"5.6.10","fr":25,"ip":0,"op":37,"w":390,"h":390,"nm":"手指点击引导","ddd":0,"assets":[{"id":"image_0","w":178,"h":179,"u":"images/","p":"img_0.png","e":0},{"id":"image_1","w":172,"h":174,"u":"images/","p":"img_1.png","e":0},{"id":"image_2","w":80,"h":80,"u":"images/","p":"img_2.png","e":0},{"id":"image_3","w":56,"h":56,"u":"images/","p":"img_3.png","e":0},{"id":"image_4","w":56,"h":56,"u":"images/","p":"img_4.png","e":0},{"id":"image_5","w":180,"h":180,"u":"images/","p":"img_5.png","e":0},{"id":"image_6","w":100,"h":100,"u":"images/","p":"img_6.png","e":0},{"id":"image_7","w":256,"h":256,"u":"images/","p":"img_7.png","e":0}],"layers":[{"ddd":0,"ind":1,"ty":2,"nm":"hand","refId":"image_0","sr":1,"ks":{"o":{"a":0,"k":100,"ix":11},"r":{"a":1,"k":[{"i":{"x":[0.833],"y":[0.833]},"o":{"x":[0.167],"y":[0.167]},"t":0,"s":[0]},{"i":{"x":[0.833],"y":[0.833]},"o":{"x":[0.167],"y":[0.167]},"t":5,"s":[7.474]},{"i":{"x":[0.833],"y":[0.833]},"o":{"x":[0.167],"y":[0.167]},"t":18.066,"s":[-2]},{"i":{"x":[0.833],"y":[0.833]},"o":{"x":[0.167],"y":[0.167]},"t":26,"s":[-2]},{"t":33,"s":[0]}],"ix":10},"p":{"a":1,"k":[{"i":{"x":0.833,"y":0.833},"o":{"x":0.167,"y":0.167},"t":0,"s":[268,268.5,0],"to":[3.804,-1.321,0],"ti":[4.917,4.985,0]},{"i":{"x":0.833,"y":0.833},"o":{"x":0.167,"y":0.167},"t":7.8,"s":[269.717,256.166,0],"to":[-3.372,-4.399,0],"ti":[5.583,3.729,0]},{"i":{"x":0.833,"y":0.833},"o":{"x":0.167,"y":0.167},"t":15,"s":[255.606,242.609,0],"to":[-3.112,-2.078,0],"ti":[0,0,0]},{"i":{"x":0.833,"y":0.833},"o":{"x":0.167,"y":0.167},"t":18.066,"s":[245.044,241.306,0],"to":[0,0,0],"ti":[-0.293,0,0]},{"i":{"x":0.833,"y":0.833},"o":{"x":0.167,"y":0.167},"t":22,"s":[246.805,241.306,0],"to":[0,0,0],"ti":[0,0,0]},{"i":{"x":0.833,"y":0.833},"o":{"x":0.167,"y":0.167},"t":26,"s":[246.805,241.306,0],"to":[3.532,4.532,0],"ti":[-2.499,-0.83,0]},{"t":33,"s":[268,268.5,0]}],"ix":2},"a":{"a":0,"k":[89,89.5,0],"ix":1},"s":{"a":1,"k":[{"i":{"x":[0.833,0.833,0.833],"y":[0.833,0.833,0.833]},"o":{"x":[0.167,0.167,0.167],"y":[0.167,0.167,0.167]},"t":0,"s":[100,100,100]},{"i":{"x":[0.833,0.833,0.833],"y":[0.833,0.833,0.833]},"o":{"x":[0.167,0.167,0.167],"y":[0.167,0.167,0.167]},"t":18.066,"s":[96,96,100]},{"i":{"x":[0.833,0.833,0.833],"y":[0.833,0.833,0.833]},"o":{"x":[0.167,0.167,0.167],"y":[0.167,0.167,0.167]},"t":22,"s":[102,96,100]},{"i":{"x":[0.833,0.833,0.833],"y":[0.833,0.833,0.833]},"o":{"x":[0.167,0.167,0.167],"y":[0.167,0.167,0.167]},"t":26,"s":[96,96,100]},{"t":33,"s":[100,100,100]}],"ix":6}},"ao":0,"hasMask":true,"masksProperties":[{"inv":false,"mode":"n","pt":{"a":0,"k":{"i":[[0,0]],"o":[[0,0]],"v":[[83.857,-24.267]],"c":false},"ix":1},"o":{"a":0,"k":100,"ix":3},"x":{"a":0,"k":0,"ix":4},"nm":"蒙版 1"}],"ip":0,"op":41,"st":0,"bm":0},{"ddd":0,"ind":2,"ty":2,"nm":"投影","refId":"image_1","sr":1,"ks":{"o":{"a":0,"k":30.196,"ix":11},"r":{"a":1,"k":[{"i":{"x":[0.833],"y":[0.833]},"o":{"x":[0.167],"y":[0.167]},"t":0,"s":[0]},{"i":{"x":[0.833],"y":[0.833]},"o":{"x":[0.167],"y":[0.167]},"t":5,"s":[6]},{"i":{"x":[0.833],"y":[0.833]},"o":{"x":[0.167],"y":[0.167]},"t":7.8,"s":[-2]},{"t":33,"s":[0]}],"ix":10},"p":{"a":1,"k":[{"i":{"x":0.833,"y":0.833},"o":{"x":0.167,"y":0.167},"t":0,"s":[263,287,0],"to":[0.167,-1.167,0],"ti":[0.667,2.667,0]},{"i":{"x":0.833,"y":0.833},"o":{"x":0.167,"y":0.167},"t":5,"s":[264,280,0],"to":[-0.667,-2.667,0],"ti":[3,3.667,0]},{"i":{"x":0.833,"y":0.833},"o":{"x":0.167,"y":0.167},"t":7.8,"s":[259,271,0],"to":[-3,-3.667,0],"ti":[2.833,3.667,0]},{"i":{"x":0.833,"y":0.833},"o":{"x":0.167,"y":0.167},"t":15.267,"s":[246,258,0],"to":[-2.833,-3.667,0],"ti":[-2.833,-4.833,0]},{"i":{"x":0.833,"y":0.833},"o":{"x":0.167,"y":0.167},"t":18.066,"s":[242,249,0],"to":[0.91,1.552,0],"ti":[-2.833,-4.833,0]},{"i":{"x":0.833,"y":0.833},"o":{"x":0.167,"y":0.167},"t":22,"s":[242,249,0],"to":[0.91,1.552,0],"ti":[-2.833,-4.833,0]},{"i":{"x":0.833,"y":0.833},"o":{"x":0.167,"y":0.167},"t":26,"s":[242,249,0],"to":[0.91,1.552,0],"ti":[-3.5,-6.333,0]},{"t":33,"s":[263,287,0]}],"ix":2},"a":{"a":0,"k":[86,87,0],"ix":1},"s":{"a":1,"k":[{"i":{"x":[0.833,0.833,0.833],"y":[0.833,0.833,0.833]},"o":{"x":[0.167,0.167,0.167],"y":[0.167,0.167,0.167]},"t":0,"s":[100,100,100]},{"i":{"x":[0.833,0.833,0.833],"y":[0.833,0.833,0.833]},"o":{"x":[0.167,0.167,0.167],"y":[0.167,0.167,0.167]},"t":5,"s":[95,95,100]},{"i":{"x":[0.833,0.833,0.833],"y":[0.833,0.833,0.833]},"o":{"x":[0.167,0.167,0.167],"y":[0.167,0.167,0.167]},"t":7.8,"s":[95,95,100]},{"i":{"x":[0.833,0.833,0.833],"y":[0.833,0.833,0.833]},"o":{"x":[0.167,0.167,0.167],"y":[0.167,0.167,0.167]},"t":18.066,"s":[96,96,100]},{"i":{"x":[0.833,0.833,0.833],"y":[0.833,0.833,0.833]},"o":{"x":[0.167,0.167,0.167],"y":[0.167,0.167,0.167]},"t":22,"s":[98,92,100]},{"i":{"x":[0.833,0.833,0.833],"y":[0.833,0.833,0.833]},"o":{"x":[0.167,0.167,0.167],"y":[0.167,0.167,0.167]},"t":26,"s":[92,92,100]},{"t":33,"s":[100,100,100]}],"ix":6}},"ao":0,"ip":0,"op":41,"st":0,"bm":0},{"ddd":0,"ind":3,"ty":2,"nm":"小圈","refId":"image_2","sr":1,"ks":{"o":{"a":1,"k":[{"i":{"x":[0.833],"y":[0.833]},"o":{"x":[0.167],"y":[0.167]},"t":19,"s":[100]},{"i":{"x":[0.833],"y":[0.833]},"o":{"x":[0.167],"y":[0.167]},"t":23.667,"s":[100]},{"t":27.400390625,"s":[0]}],"ix":11},"r":{"a":0,"k":0,"ix":10},"p":{"a":1,"k":[{"i":{"x":0.833,"y":0.833},"o":{"x":0.167,"y":0.167},"t":19,"s":[186,180,0],"to":[-9.333,13.333,0],"ti":[14.667,-20.833,0]},{"i":{"x":0.833,"y":0.833},"o":{"x":0.167,"y":0.167},"t":23.667,"s":[130,260,0],"to":[-14.667,20.833,0],"ti":[5.333,-7.5,0]},{"t":27.400390625,"s":[98,305,0]}],"ix":2},"a":{"a":0,"k":[40,40,0],"ix":1},"s":{"a":1,"k":[{"i":{"x":[0.833,0.833,0.833],"y":[0.833,0.833,0.833]},"o":{"x":[0.167,0.167,0.167],"y":[0.167,0.167,0.167]},"t":19,"s":[60,60,100]},{"t":23.6669921875,"s":[70,70,100]}],"ix":6}},"ao":0,"ip":19,"op":41,"st":7,"bm":0},{"ddd":0,"ind":4,"ty":2,"nm":"小圈2","refId":"image_3","sr":1,"ks":{"o":{"a":1,"k":[{"i":{"x":[0.833],"y":[0.833]},"o":{"x":[0.167],"y":[0.167]},"t":18.066,"s":[60]},{"i":{"x":[0.833],"y":[0.833]},"o":{"x":[0.167],"y":[0.167]},"t":21.8,"s":[100]},{"t":27.400390625,"s":[0]}],"ix":11},"r":{"a":0,"k":0,"ix":10},"p":{"a":1,"k":[{"i":{"x":0.833,"y":0.833},"o":{"x":0.167,"y":0.167},"t":18.066,"s":[194.75,173.75,0],"to":[0,0,0],"ti":[0,0,0]},{"i":{"x":0.833,"y":0.833},"o":{"x":0.167,"y":0.167},"t":21.8,"s":[234,143,0],"to":[0,0,0],"ti":[0,0,0]},{"t":26.466796875,"s":[333.5,63,0]}],"ix":2},"a":{"a":0,"k":[28,28,0],"ix":1},"s":{"a":1,"k":[{"i":{"x":[0.833,0.833,0.833],"y":[0.833,0.833,0.833]},"o":{"x":[0.167,0.167,0.167],"y":[0.167,0.167,0.167]},"t":18.066,"s":[35,35,100]},{"t":21.7998046875,"s":[100,100,100]}],"ix":6}},"ao":0,"ip":18,"op":41,"st":7,"bm":0},{"ddd":0,"ind":5,"ty":2,"nm":"小圈1","refId":"image_4","sr":1,"ks":{"o":{"a":1,"k":[{"i":{"x":[0.833],"y":[0.833]},"o":{"x":[0.167],"y":[0.167]},"t":23.667,"s":[100]},{"t":28.3330078125,"s":[0]}],"ix":11},"r":{"a":0,"k":0,"ix":10},"p":{"a":1,"k":[{"i":{"x":0.833,"y":0.833},"o":{"x":0.167,"y":0.167},"t":19.934,"s":[170,172,0],"to":[-7.333,-9.333,0],"ti":[15.167,20.667,0]},{"i":{"x":0.833,"y":0.833},"o":{"x":0.167,"y":0.167},"t":23.667,"s":[126,116,0],"to":[-15.167,-20.667,0],"ti":[7.833,11.333,0]},{"t":28.3330078125,"s":[79,48,0]}],"ix":2},"a":{"a":0,"k":[28,28,0],"ix":1},"s":{"a":1,"k":[{"i":{"x":[0.833,0.833,0.833],"y":[0.833,0.833,0.833]},"o":{"x":[0.167,0.167,0.167],"y":[0.167,0.167,0.167]},"t":19.934,"s":[49,49,100]},{"t":23.6669921875,"s":[100,100,100]}],"ix":6}},"ao":0,"ip":20,"op":41,"st":-4,"bm":0},{"ddd":0,"ind":6,"ty":2,"nm":"中间圈 2","refId":"image_5","sr":1,"ks":{"o":{"a":1,"k":[{"i":{"x":[0.833],"y":[0.833]},"o":{"x":[0.167],"y":[0.167]},"t":20.866,"s":[100]},{"i":{"x":[0.833],"y":[0.833]},"o":{"x":[0.167],"y":[0.167]},"t":24.6,"s":[100]},{"i":{"x":[0.833],"y":[0.833]},"o":{"x":[0.167],"y":[0.167]},"t":27.4,"s":[90]},{"t":29.2666015625,"s":[0]}],"ix":11},"r":{"a":0,"k":0,"ix":10},"p":{"a":0,"k":[187,181,0],"ix":2},"a":{"a":0,"k":[90,90,0],"ix":1},"s":{"a":1,"k":[{"i":{"x":[0.833,0.833,0.833],"y":[0.833,0.833,0.833]},"o":{"x":[0.167,0.167,0.167],"y":[0.167,0.167,0.167]},"t":20.866,"s":[0,0,100]},{"i":{"x":[0.833,0.833,0.833],"y":[0.833,0.833,0.833]},"o":{"x":[0.167,0.167,0.167],"y":[0.167,0.167,0.167]},"t":24.6,"s":[33,33,100]},{"t":29.2666015625,"s":[60,60,100]}],"ix":6}},"ao":0,"ip":22,"op":41,"st":0,"bm":0},{"ddd":0,"ind":7,"ty":2,"nm":"内圈 2","refId":"image_6","sr":1,"ks":{"o":{"a":1,"k":[{"i":{"x":[0.833],"y":[0.833]},"o":{"x":[0.167],"y":[0.167]},"t":16.2,"s":[100]},{"i":{"x":[0.833],"y":[0.833]},"o":{"x":[0.167],"y":[0.167]},"t":23.667,"s":[100]},{"t":29.2666015625,"s":[0]}],"ix":11},"r":{"a":0,"k":0,"ix":10},"p":{"a":0,"k":[187,181,0],"ix":2},"a":{"a":0,"k":[50,50,0],"ix":1},"s":{"a":1,"k":[{"i":{"x":[0.833,0.833,0.833],"y":[0.833,0.833,0.833]},"o":{"x":[0.167,0.167,0.167],"y":[0.167,0.167,0.167]},"t":16.2,"s":[0,0,100]},{"i":{"x":[0.833,0.833,0.833],"y":[0.833,0.833,0.833]},"o":{"x":[0.167,0.167,0.167],"y":[0.167,0.167,0.167]},"t":23.667,"s":[100,100,100]},{"t":29.2666015625,"s":[200,200,100]}],"ix":6}},"ao":0,"ip":16,"op":41,"st":0,"bm":0},{"ddd":0,"ind":8,"ty":2,"nm":"内圈","refId":"image_6","sr":1,"ks":{"o":{"a":1,"k":[{"i":{"x":[0.833],"y":[0.833]},"o":{"x":[0.167],"y":[0.167]},"t":16.2,"s":[80]},{"t":30.2001953125,"s":[0]}],"ix":11},"r":{"a":0,"k":0,"ix":10},"p":{"a":0,"k":[187,181,0],"ix":2},"a":{"a":0,"k":[50,50,0],"ix":1},"s":{"a":1,"k":[{"i":{"x":[0.833,0.833,0.833],"y":[0.833,0.833,0.833]},"o":{"x":[0.167,0.167,0.167],"y":[0.167,0.167,0.167]},"t":16.2,"s":[0,0,100]},{"t":23.6669921875,"s":[160,160,100]}],"ix":6}},"ao":0,"ip":16,"op":41,"st":0,"bm":0},{"ddd":0,"ind":9,"ty":2,"nm":"外圈","refId":"image_7","sr":1,"ks":{"o":{"a":1,"k":[{"i":{"x":[0.833],"y":[0.833]},"o":{"x":[0.167],"y":[0.167]},"t":16.2,"s":[0]},{"i":{"x":[0.833],"y":[0.833]},"o":{"x":[0.167],"y":[0.167]},"t":23.667,"s":[100]},{"t":27.400390625,"s":[0]}],"ix":11},"r":{"a":0,"k":0,"ix":10},"p":{"a":0,"k":[187,181,0],"ix":2},"a":{"a":0,"k":[128,128,0],"ix":1},"s":{"a":1,"k":[{"i":{"x":[0.833,0.833,0.833],"y":[0.833,0.833,0.833]},"o":{"x":[0.167,0.167,0.167],"y":[0.167,0.167,0.167]},"t":16.2,"s":[0,0,100]},{"i":{"x":[0.833,0.833,0.833],"y":[0.833,0.833,0.833]},"o":{"x":[0.167,0.167,0.167],"y":[0.167,0.167,0.167]},"t":23.667,"s":[100,100,100]},{"t":27.400390625,"s":[140,140,100]}],"ix":6}},"ao":0,"ip":16,"op":41,"st":0,"bm":0},{"ddd":0,"ind":10,"ty":2,"nm":"中间圈","refId":"image_5","sr":1,"ks":{"o":{"a":1,"k":[{"i":{"x":[0.833],"y":[0.833]},"o":{"x":[0.167],"y":[0.167]},"t":16.2,"s":[100]},{"i":{"x":[0.833],"y":[0.833]},"o":{"x":[0.167],"y":[0.167]},"t":23.667,"s":[100]},{"t":28.3330078125,"s":[0]}],"ix":11},"r":{"a":0,"k":0,"ix":10},"p":{"a":0,"k":[187,181,0],"ix":2},"a":{"a":0,"k":[90,90,0],"ix":1},"s":{"a":1,"k":[{"i":{"x":[0.833,0.833,0.833],"y":[0.833,0.833,0.833]},"o":{"x":[0.167,0.167,0.167],"y":[0.167,0.167,0.167]},"t":16.2,"s":[0,0,100]},{"i":{"x":[0.833,0.833,0.833],"y":[0.833,0.833,0.833]},"o":{"x":[0.167,0.167,0.167],"y":[0.167,0.167,0.167]},"t":23.667,"s":[100,100,100]},{"t":28.3330078125,"s":[168,168,100]}],"ix":6}},"ao":0,"ip":16,"op":41,"st":0,"bm":0},{"ddd":0,"ind":11,"ty":2,"nm":"内圈 4","refId":"image_6","sr":1,"ks":{"o":{"a":1,"k":[{"i":{"x":[0.833],"y":[0.833]},"o":{"x":[0.167],"y":[0.167]},"t":23.667,"s":[30]},{"i":{"x":[0.833],"y":[0.833]},"o":{"x":[0.167],"y":[0.167]},"t":27.4,"s":[20]},{"t":29.2666015625,"s":[0]}],"ix":11},"r":{"a":0,"k":0,"ix":10},"p":{"a":0,"k":[187,181,0],"ix":2},"a":{"a":0,"k":[50,50,0],"ix":1},"s":{"a":1,"k":[{"i":{"x":[0.833,0.833,0.833],"y":[0.833,0.833,0.833]},"o":{"x":[0.167,0.167,0.167],"y":[0.167,0.167,0.167]},"t":15.267,"s":[0,0,100]},{"t":23.6669921875,"s":[227,227,100]}],"ix":6}},"ao":0,"ip":16,"op":41,"st":0,"bm":0},{"ddd":0,"ind":12,"ty":2,"nm":"内圈 3","refId":"image_6","sr":1,"ks":{"o":{"a":1,"k":[{"i":{"x":[0.833],"y":[0.833]},"o":{"x":[0.167],"y":[0.167]},"t":23.667,"s":[30]},{"i":{"x":[0.833],"y":[0.833]},"o":{"x":[0.167],"y":[0.167]},"t":27.4,"s":[20]},{"t":29.2666015625,"s":[0]}],"ix":11},"r":{"a":0,"k":0,"ix":10},"p":{"a":0,"k":[187,181,0],"ix":2},"a":{"a":0,"k":[50,50,0],"ix":1},"s":{"a":1,"k":[{"i":{"x":[0.833,0.833,0.833],"y":[0.833,0.833,0.833]},"o":{"x":[0.167,0.167,0.167],"y":[0.167,0.167,0.167]},"t":15.267,"s":[0,0,100]},{"t":23.6669921875,"s":[227,227,100]}],"ix":6}},"ao":0,"ip":16,"op":41,"st":0,"bm":0}],"markers":[]}