{"v":"5.7.1","fr":25,"ip":0,"op":72,"w":823,"h":791,"nm":"动效输出","ddd":0,"assets":[{"id":"image_0","w":697,"h":580,"u":"images/","p":"img_0.png","e":0},{"id":"image_1","w":697,"h":580,"u":"images/","p":"img_1.png","e":0},{"id":"image_2","w":631,"h":631,"u":"images/","p":"img_2.png","e":0},{"id":"image_3","w":806,"h":776,"u":"images/","p":"img_3.jpg","e":0}],"layers":[{"ddd":0,"ind":2,"ty":2,"nm":"红色","refId":"image_0","sr":1,"ks":{"o":{"a":0,"k":100,"ix":11},"r":{"a":0,"k":0,"ix":10},"p":{"a":0,"k":[411.5,394.031,0],"ix":2},"a":{"a":0,"k":[348.5,290,0],"ix":1},"s":{"a":0,"k":[100,100,100],"ix":6}},"ao":0,"hasMask":true,"masksProperties":[{"inv":false,"mode":"s","pt":{"a":1,"k":[{"i":{"x":0.833,"y":0.833},"o":{"x":0.167,"y":0.167},"t":0,"s":[{"i":[[11.046,0],[0,0],[0,-11.046],[0,0],[-11.046,0],[0,0],[0,11.046],[0,0]],"o":[[0,0],[-11.046,0],[0,0],[0,11.046],[0,0],[11.046,0],[0,0],[0,-11.046]],"v":[[223,105.969],[-117,105.969],[-137,125.969],[-137,627.969],[-117,647.969],[223,647.969],[243,627.969],[243,125.969]],"c":true}]},{"t":26.6669921875,"s":[{"i":[[11.046,0],[0,0],[0,-11.046],[0,0],[-11.046,0],[0,0],[0,11.046],[0,0]],"o":[[0,0],[-11.046,0],[0,0],[0,11.046],[0,0],[11.046,0],[0,0],[0,-11.046]],"v":[[160,-632.031],[-180,-632.031],[-200,-612.031],[-200,-110.031],[-180,-90.031],[160,-90.031],[180,-110.031],[180,-612.031]],"c":true}]}],"ix":1},"o":{"a":0,"k":100,"ix":3},"x":{"a":0,"k":0,"ix":4},"nm":"蒙版 1"},{"inv":false,"mode":"s","pt":{"a":1,"k":[{"i":{"x":0.833,"y":0.833},"o":{"x":0.167,"y":0.167},"t":19.667,"s":[{"i":[[11.046,0],[0,0],[0,-11.046],[0,0],[-11.046,0],[0,0],[0,11.046],[0,0]],"o":[[0,0],[-11.046,0],[0,0],[0,11.046],[0,0],[11.046,0],[0,0],[0,-11.046]],"v":[[735,-66.031],[87,-66.031],[67,-46.031],[67,161.969],[87,181.969],[735,181.969],[755,161.969],[755,-46.031]],"c":true}]},{"t":49.6669921875,"s":[{"i":[[11.046,0],[0,0],[0,-11.046],[0,0],[-11.046,0],[0,0],[0,11.046],[0,0]],"o":[[0,0],[-11.046,0],[0,0],[0,11.046],[0,0],[11.046,0],[0,0],[0,-11.046]],"v":[[1435.001,-70.031],[787,-70.031],[767,-50.031],[767,157.969],[787,177.969],[1435.001,177.969],[1455.001,157.969],[1455.001,-50.031]],"c":true}]}],"ix":1},"o":{"a":0,"k":100,"ix":3},"x":{"a":0,"k":0,"ix":4},"nm":"蒙版 2"},{"inv":false,"mode":"s","pt":{"a":1,"k":[{"i":{"x":0.833,"y":0.833},"o":{"x":0.167,"y":0.167},"t":40.667,"s":[{"i":[[11.046,0],[0,0],[0,-11.046],[0,0],[-11.046,0],[0,0],[0,11.046],[0,0]],"o":[[0,0],[-11.046,0],[0,0],[0,11.046],[0,0],[11.046,0],[0,0],[0,-11.046]],"v":[[771,81.969],[555,81.969],[535,101.969],[535,657.969],[555,677.969],[771,677.969],[791,657.969],[791,101.969]],"c":true}]},{"t":71,"s":[{"i":[[11.046,0],[0,0],[0,-11.046],[0,0],[-11.046,0],[0,0],[0,11.046],[0,0]],"o":[[0,0],[-11.046,0],[0,0],[0,11.046],[0,0],[11.046,0],[0,0],[0,-11.046]],"v":[[753,591.969],[537,591.969],[517,611.969],[517,1167.969],[537,1187.969],[753,1187.969],[773,1167.969],[773,611.969]],"c":true}]}],"ix":1},"o":{"a":0,"k":100,"ix":3},"x":{"a":0,"k":0,"ix":4},"nm":"蒙版 3"}],"ip":0,"op":250,"st":0,"bm":0},{"ddd":0,"ind":3,"ty":2,"nm":"灰色","refId":"image_1","sr":1,"ks":{"o":{"a":0,"k":100,"ix":11},"r":{"a":0,"k":0,"ix":10},"p":{"a":0,"k":[411.5,394.031,0],"ix":2},"a":{"a":0,"k":[348.5,290,0],"ix":1},"s":{"a":0,"k":[100,100,100],"ix":6}},"ao":0,"ip":0,"op":250,"st":0,"bm":0},{"ddd":0,"ind":4,"ty":2,"nm":"中圆","refId":"image_2","sr":1,"ks":{"o":{"a":0,"k":100,"ix":11},"r":{"a":1,"k":[{"i":{"x":[0.833],"y":[0.833]},"o":{"x":[0.167],"y":[0.167]},"t":0,"s":[-110]},{"i":{"x":[0.833],"y":[0.833]},"o":{"x":[0.167],"y":[0.167]},"t":6,"s":[-98.317]},{"i":{"x":[0.833],"y":[0.833]},"o":{"x":[0.167],"y":[0.167]},"t":11,"s":[-68.415]},{"i":{"x":[0.833],"y":[0.833]},"o":{"x":[0.167],"y":[0.167]},"t":21,"s":[-32.384]},{"i":{"x":[0.833],"y":[0.833]},"o":{"x":[0.167],"y":[0.167]},"t":31,"s":[15.648]},{"i":{"x":[0.833],"y":[0.833]},"o":{"x":[0.167],"y":[0.167]},"t":39,"s":[49.118]},{"i":{"x":[0.833],"y":[0.833]},"o":{"x":[0.167],"y":[0.167]},"t":58,"s":[113.829]},{"i":{"x":[0.833],"y":[0.833]},"o":{"x":[0.167],"y":[0.167]},"t":65,"s":[138.229]},{"t":71,"s":[148]}],"ix":10},"p":{"a":0,"k":[411.5,456.531,0],"ix":2},"a":{"a":0,"k":[315.5,315.5,0],"ix":1},"s":{"a":0,"k":[100,100,100],"ix":6}},"ao":0,"ip":0,"op":250,"st":0,"bm":0},{"ddd":0,"ind":5,"ty":2,"nm":"背景","refId":"image_3","sr":1,"ks":{"o":{"a":0,"k":100,"ix":11},"r":{"a":0,"k":0,"ix":10},"p":{"a":0,"k":[413,396.031,0],"ix":2},"a":{"a":0,"k":[403,388,0],"ix":1},"s":{"a":0,"k":[100,100,100],"ix":6}},"ao":0,"ip":0,"op":250,"st":0,"bm":0}],"markers":[]}