{"v":"5.7.1","fr":25,"ip":0,"op":76,"w":466,"h":464,"nm":"微信扫描动效","ddd":0,"assets":[{"id":"image_0","w":13,"h":13,"u":"images/","p":"img_0.png","e":0},{"id":"image_1","w":82,"h":82,"u":"images/","p":"img_1.png","e":0},{"id":"image_2","w":145,"h":145,"u":"images/","p":"img_2.png","e":0},{"id":"image_3","w":466,"h":464,"u":"images/","p":"img_3.jpg","e":0},{"id":"image_4","w":466,"h":464,"u":"images/","p":"img_4.jpg","e":0},{"id":"image_5","w":466,"h":464,"u":"images/","p":"img_5.jpg","e":0},{"id":"comp_0","layers":[{"ddd":0,"ind":1,"ty":4,"nm":"finish","sr":1,"ks":{"o":{"a":0,"k":100,"ix":11},"r":{"a":0,"k":0,"ix":10},"p":{"a":0,"k":[233,232,0],"ix":2},"a":{"a":0,"k":[0,0,0],"ix":1},"s":{"a":0,"k":[100,100,100],"ix":6}},"ao":0,"shapes":[{"ty":"gr","it":[{"ind":0,"ty":"sh","ix":1,"ks":{"a":0,"k":{"i":[[0,0],[0,0],[0,0]],"o":[[0,0],[0,0],[0,0]],"v":[[-49.875,29.25],[-12.125,64.297],[50.25,-9.5]],"c":false},"ix":2},"nm":"路径 1","mn":"ADBE Vector Shape - Group","hd":false},{"ty":"st","c":{"a":0,"k":[1,1,1,1],"ix":3},"o":{"a":0,"k":100,"ix":4},"w":{"a":0,"k":14,"ix":5},"lc":2,"lj":2,"bm":0,"nm":"描边 1","mn":"ADBE Vector Graphic - Stroke","hd":false},{"ty":"tr","p":{"a":0,"k":[0,0],"ix":2},"a":{"a":0,"k":[0,0],"ix":1},"s":{"a":0,"k":[100,100],"ix":3},"r":{"a":0,"k":0,"ix":6},"o":{"a":0,"k":100,"ix":7},"sk":{"a":0,"k":0,"ix":4},"sa":{"a":0,"k":0,"ix":5},"nm":"变换"}],"nm":"形状 1","np":3,"cix":2,"bm":0,"ix":1,"mn":"ADBE Vector Group","hd":false},{"ty":"tm","s":{"a":1,"k":[{"i":{"x":[0.667],"y":[1]},"o":{"x":[0.333],"y":[0]},"t":0,"s":[0]},{"t":12,"s":[0]}],"ix":1},"e":{"a":1,"k":[{"i":{"x":[0.667],"y":[1]},"o":{"x":[0.333],"y":[0]},"t":0,"s":[0]},{"t":12,"s":[100]}],"ix":2},"o":{"a":0,"k":0,"ix":3},"m":1,"ix":2,"nm":"修剪路径 1","mn":"ADBE Vector Filter - Trim","hd":false}],"ip":0,"op":532,"st":0,"bm":0},{"ddd":0,"ind":2,"ty":2,"nm":"6","refId":"image_0","sr":1,"ks":{"o":{"a":0,"k":0,"ix":11},"r":{"a":0,"k":0,"ix":10},"p":{"a":0,"k":[233.938,260.063,0],"ix":2},"a":{"a":0,"k":[5.938,6.063,0],"ix":1},"s":{"a":0,"k":[100,100,100],"ix":6}},"ao":0,"hasMask":true,"masksProperties":[{"inv":false,"mode":"n","pt":{"a":0,"k":{"i":[[-3.348,0],[0,-3.348],[3.348,0],[0,3.348]],"o":[[3.348,0],[0,3.348],[-3.348,0],[0,-3.348]],"v":[[6.125,0.094],[12.187,6.156],[6.125,12.219],[0.062,6.156]],"c":true},"ix":1},"o":{"a":0,"k":100,"ix":3},"x":{"a":0,"k":0,"ix":4},"nm":"蒙版 1"}],"ip":0,"op":532,"st":0,"bm":0},{"ddd":0,"ind":3,"ty":2,"nm":"5","refId":"image_1","sr":1,"ks":{"o":{"a":0,"k":0,"ix":11},"r":{"a":0,"k":0,"ix":10},"p":{"a":0,"k":[234,260,0],"ix":2},"a":{"a":0,"k":[41,41,0],"ix":1},"s":{"a":0,"k":[100,100,100],"ix":6}},"ao":0,"hasMask":true,"masksProperties":[{"inv":false,"mode":"n","pt":{"a":0,"k":{"i":[[-22.368,0],[0,-22.368],[22.367,0],[0,22.367]],"o":[[22.367,0],[0,22.367],[-22.368,0],[0,-22.368]],"v":[[41.125,0.656],[81.625,41.156],[41.125,81.656],[0.625,41.156]],"c":true},"ix":1},"o":{"a":0,"k":100,"ix":3},"x":{"a":0,"k":0,"ix":4},"nm":"蒙版 1"}],"ip":0,"op":532,"st":0,"bm":0},{"ddd":0,"ind":4,"ty":2,"nm":"4","refId":"image_2","sr":1,"ks":{"o":{"a":0,"k":0,"ix":11},"r":{"a":0,"k":0,"ix":10},"p":{"a":0,"k":[233.5,259.5,0],"ix":2},"a":{"a":0,"k":[72.5,72.5,0],"ix":1},"s":{"a":0,"k":[100,100,100],"ix":6}},"ao":0,"hasMask":true,"masksProperties":[{"inv":false,"mode":"n","pt":{"a":0,"k":{"i":[[-39.765,0],[0,-39.764],[39.764,0],[0,39.765]],"o":[[39.764,0],[0,39.765],[-39.765,0],[0,-39.764]],"v":[[72.844,0.875],[144.844,72.875],[72.844,144.875],[0.844,72.875]],"c":true},"ix":1},"o":{"a":0,"k":100,"ix":3},"x":{"a":0,"k":0,"ix":4},"nm":"蒙版 1"}],"ip":0,"op":532,"st":0,"bm":0},{"ddd":0,"ind":5,"ty":2,"nm":"3","refId":"image_3","sr":1,"ks":{"o":{"a":0,"k":26,"ix":11},"r":{"a":0,"k":0,"ix":10},"p":{"a":0,"k":[231,259,0],"ix":2},"a":{"a":0,"k":[231,259,0],"ix":1},"s":{"a":0,"k":[100,100,100],"ix":6}},"ao":0,"hasMask":true,"masksProperties":[{"inv":false,"mode":"a","pt":{"a":0,"k":{"i":[[-53.848,0],[0,-53.848],[53.848,0],[0,53.848]],"o":[[53.848,0],[0,53.848],[-53.848,0],[0,-53.848]],"v":[[233.625,162.156],[331.125,259.656],[233.625,357.156],[136.125,259.656]],"c":true},"ix":1},"o":{"a":0,"k":100,"ix":3},"x":{"a":0,"k":0,"ix":4},"nm":"蒙版 1"}],"ip":0,"op":532,"st":0,"bm":0},{"ddd":0,"ind":6,"ty":2,"nm":"2","refId":"image_4","sr":1,"ks":{"o":{"a":0,"k":0,"ix":11},"r":{"a":0,"k":0,"ix":10},"p":{"a":0,"k":[231,259,0],"ix":2},"a":{"a":0,"k":[231,259,0],"ix":1},"s":{"a":0,"k":[124,124,100],"ix":6}},"ao":0,"hasMask":true,"masksProperties":[{"inv":false,"mode":"a","pt":{"a":0,"k":{"i":[[-55.505,0],[0,-55.505],[55.505,0],[0,55.505]],"o":[[55.505,0],[0,55.505],[-55.505,0],[0,-55.505]],"v":[[233.125,158.656],[333.625,259.156],[233.125,359.656],[132.625,259.156]],"c":true},"ix":1},"o":{"a":0,"k":100,"ix":3},"x":{"a":0,"k":0,"ix":4},"nm":"蒙版 1"}],"ip":0,"op":532,"st":0,"bm":0},{"ddd":0,"ind":7,"ty":2,"nm":"1","refId":"image_5","sr":1,"ks":{"o":{"a":0,"k":20,"ix":11},"r":{"a":0,"k":0,"ix":10},"p":{"a":0,"k":[231,259,0],"ix":2},"a":{"a":0,"k":[231,259,0],"ix":1},"s":{"a":0,"k":[100,100,100],"ix":6}},"ao":0,"hasMask":true,"masksProperties":[{"inv":false,"mode":"a","pt":{"a":0,"k":{"i":[[-69.588,0],[0,-69.588],[69.588,0],[0,69.588]],"o":[[69.588,0],[0,69.588],[-69.588,0],[0,-69.588]],"v":[[233.156,133.187],[359.156,259.187],[233.156,385.187],[107.156,259.187]],"c":true},"ix":1},"o":{"a":0,"k":100,"ix":3},"x":{"a":0,"k":0,"ix":4},"nm":"蒙版 1"}],"ip":0,"op":532,"st":0,"bm":0}]}],"layers":[{"ddd":0,"ind":2,"ty":0,"nm":"预合成 打钩","refId":"comp_0","sr":1,"ks":{"o":{"a":0,"k":100,"ix":11},"r":{"a":0,"k":0,"ix":10},"p":{"a":0,"k":[233,212.75,0],"ix":2},"a":{"a":0,"k":[233,232,0],"ix":1},"s":{"a":0,"k":[124,124,100],"ix":6}},"ao":0,"w":466,"h":464,"ip":0,"op":532,"st":0,"bm":0}],"markers":[]}