{"v":"5.7.1","fr":25,"ip":0,"op":76,"w":466,"h":464,"nm":"微信扫描动效","ddd":0,"assets":[{"id":"image_0","w":81,"h":94,"u":"images/","p":"img_0.png","e":0},{"id":"image_1","w":466,"h":464,"u":"images/","p":"img_1.png","e":0},{"id":"image_2","w":70,"h":70,"u":"images/","p":"img_2.png","e":0},{"id":"image_3","w":36,"h":36,"u":"images/","p":"img_3.png","e":0},{"id":"image_4","w":26,"h":26,"u":"images/","p":"img_4.png","e":0},{"id":"image_5","w":13,"h":13,"u":"images/","p":"img_5.png","e":0},{"id":"image_6","w":82,"h":82,"u":"images/","p":"img_6.png","e":0},{"id":"image_7","w":145,"h":145,"u":"images/","p":"img_7.png","e":0},{"id":"image_8","w":466,"h":464,"u":"images/","p":"img_8.jpg","e":0},{"id":"image_9","w":466,"h":464,"u":"images/","p":"img_9.jpg","e":0},{"id":"image_10","w":248,"h":253,"u":"images/","p":"img_10.png","e":0},{"id":"image_11","w":466,"h":464,"u":"images/","p":"img_11.jpg","e":0},{"id":"comp_0","layers":[{"ddd":0,"ind":1,"ty":4,"nm":"c 2","sr":1,"ks":{"o":{"a":1,"k":[{"i":{"x":[0.833],"y":[0.833]},"o":{"x":[0.167],"y":[0.167]},"t":19,"s":[20]},{"t":21,"s":[0]}],"ix":11},"r":{"a":0,"k":0,"ix":10},"p":{"a":1,"k":[{"i":{"x":0.833,"y":0.833},"o":{"x":0.167,"y":0.167},"t":15,"s":[169,395.75,0],"to":[2.75,-21.583,0],"ti":[0,0,0]},{"i":{"x":0.833,"y":0.833},"o":{"x":0.167,"y":0.167},"t":19,"s":[185.5,266.25,0],"to":[0,0,0],"ti":[-7.731,1.195,0]},{"t":21,"s":[231.888,259.077,0]}],"ix":2},"a":{"a":0,"k":[169,27.75,0],"ix":1},"s":{"a":1,"k":[{"i":{"x":[0.833,0.833,0.833],"y":[0.833,0.833,0.833]},"o":{"x":[0.167,0.167,0.167],"y":[0.167,0.167,0.167]},"t":19,"s":[80,80,100]},{"t":21,"s":[0,0,100]}],"ix":6}},"ao":0,"shapes":[{"ty":"gr","it":[{"d":1,"ty":"el","s":{"a":0,"k":[16,16],"ix":2},"p":{"a":0,"k":[0,0],"ix":3},"nm":"椭圆路径 1","mn":"ADBE Vector Shape - Ellipse","hd":false},{"ty":"fl","c":{"a":0,"k":[1,1,1,1],"ix":4},"o":{"a":0,"k":100,"ix":5},"r":1,"bm":0,"nm":"填充 1","mn":"ADBE Vector Graphic - Fill","hd":false},{"ty":"tr","p":{"a":0,"k":[169,28.5],"ix":2},"a":{"a":0,"k":[0,0],"ix":1},"s":{"a":0,"k":[100,100],"ix":3},"r":{"a":0,"k":0,"ix":6},"o":{"a":0,"k":100,"ix":7},"sk":{"a":0,"k":0,"ix":4},"sa":{"a":0,"k":0,"ix":5},"nm":"变换"}],"nm":"椭圆 1","np":3,"cix":2,"bm":0,"ix":1,"mn":"ADBE Vector Group","hd":false}],"ip":2,"op":534,"st":2,"bm":0},{"ddd":0,"ind":2,"ty":4,"nm":"c","sr":1,"ks":{"o":{"a":1,"k":[{"i":{"x":[0.833],"y":[0.833]},"o":{"x":[0.167],"y":[0.167]},"t":10,"s":[20]},{"t":12,"s":[0]}],"ix":11},"r":{"a":0,"k":0,"ix":10},"p":{"a":1,"k":[{"i":{"x":0.833,"y":0.833},"o":{"x":0.167,"y":0.167},"t":6,"s":[402,259.75,0],"to":[-21.083,4.417,0],"ti":[0,0,0]},{"i":{"x":0.833,"y":0.833},"o":{"x":0.167,"y":0.167},"t":10,"s":[275.5,286.25,0],"to":[0,0,0],"ti":[7.917,3.417,0]},{"t":12,"s":[228,265.75,0]}],"ix":2},"a":{"a":0,"k":[169,27.75,0],"ix":1},"s":{"a":1,"k":[{"i":{"x":[0.833,0.833,0.833],"y":[0.833,0.833,0.833]},"o":{"x":[0.167,0.167,0.167],"y":[0.167,0.167,0.167]},"t":10,"s":[100,100,100]},{"t":12,"s":[0,0,100]}],"ix":6}},"ao":0,"shapes":[{"ty":"gr","it":[{"d":1,"ty":"el","s":{"a":0,"k":[16,16],"ix":2},"p":{"a":0,"k":[0,0],"ix":3},"nm":"椭圆路径 1","mn":"ADBE Vector Shape - Ellipse","hd":false},{"ty":"fl","c":{"a":0,"k":[1,1,1,1],"ix":4},"o":{"a":0,"k":100,"ix":5},"r":1,"bm":0,"nm":"填充 1","mn":"ADBE Vector Graphic - Fill","hd":false},{"ty":"tr","p":{"a":0,"k":[169,28.5],"ix":2},"a":{"a":0,"k":[0,0],"ix":1},"s":{"a":0,"k":[100,100],"ix":3},"r":{"a":0,"k":0,"ix":6},"o":{"a":0,"k":100,"ix":7},"sk":{"a":0,"k":0,"ix":4},"sa":{"a":0,"k":0,"ix":5},"nm":"变换"}],"nm":"椭圆 1","np":3,"cix":2,"bm":0,"ix":1,"mn":"ADBE Vector Group","hd":false}],"ip":2,"op":534,"st":2,"bm":0},{"ddd":0,"ind":3,"ty":2,"nm":"icon_qq","refId":"image_0","sr":1,"ks":{"o":{"a":0,"k":100,"ix":11},"r":{"a":0,"k":0,"ix":10},"p":{"a":0,"k":[232.5,260,0],"ix":2},"a":{"a":0,"k":[40.5,47,0],"ix":1},"s":{"a":1,"k":[{"i":{"x":[0.667,0.667,0.667],"y":[1,1,1]},"o":{"x":[0.333,0.333,0.333],"y":[0,0,0]},"t":2,"s":[90,90,100]},{"i":{"x":[0.667,0.667,0.667],"y":[1,1,1]},"o":{"x":[0.333,0.333,0.333],"y":[0,0,0]},"t":20,"s":[100,100,100]},{"i":{"x":[0.667,0.667,0.667],"y":[1,1,1]},"o":{"x":[0.333,0.333,0.333],"y":[0,0,0]},"t":37,"s":[90,90,100]},{"t":49,"s":[100,100,100]}],"ix":6}},"ao":0,"ip":0,"op":532,"st":0,"bm":0},{"ddd":0,"ind":5,"ty":2,"nm":"cl.png","cl":"png","refId":"image_1","sr":1,"ks":{"o":{"a":1,"k":[{"i":{"x":[0.833],"y":[0.833]},"o":{"x":[0.167],"y":[0.167]},"t":16,"s":[100]},{"t":18,"s":[0]}],"ix":11},"r":{"a":0,"k":0,"ix":10},"p":{"a":1,"k":[{"i":{"x":0.833,"y":0.833},"o":{"x":0.167,"y":0.167},"t":12,"s":[371,386,0],"to":[-25.167,-8,0],"ti":[0,0,0]},{"i":{"x":0.833,"y":0.833},"o":{"x":0.167,"y":0.167},"t":16,"s":[220,338,0],"to":[0,0,0],"ti":[1.167,12.833,0]},{"t":18,"s":[213,261,0]}],"ix":2},"a":{"a":0,"k":[371,386,0],"ix":1},"s":{"a":1,"k":[{"i":{"x":[0.833,0.833,0.833],"y":[0.833,0.833,0.833]},"o":{"x":[0.167,0.167,0.167],"y":[0.167,0.167,0.167]},"t":16,"s":[100,100,100]},{"t":18,"s":[0,0,100]}],"ix":6}},"ao":0,"ip":2,"op":534,"st":2,"bm":0},{"ddd":0,"ind":6,"ty":2,"nm":"tp","refId":"image_2","sr":1,"ks":{"o":{"a":1,"k":[{"i":{"x":[0.833],"y":[0.833]},"o":{"x":[0.167],"y":[0.167]},"t":8,"s":[100]},{"t":10,"s":[0]}],"ix":11},"r":{"a":0,"k":0,"ix":10},"p":{"a":1,"k":[{"i":{"x":0.833,"y":0.833},"o":{"x":0.167,"y":0.167},"t":4,"s":[359,101,0],"to":[-9.833,21.667,0],"ti":[0,0,0]},{"i":{"x":0.833,"y":0.833},"o":{"x":0.167,"y":0.167},"t":8,"s":[300,231,0],"to":[0,0,0],"ti":[9.083,-3.333,0]},{"t":10,"s":[245.5,251,0]}],"ix":2},"a":{"a":0,"k":[35,35,0],"ix":1},"s":{"a":1,"k":[{"i":{"x":[0.833,0.833,0.833],"y":[0.833,0.833,0.833]},"o":{"x":[0.167,0.167,0.167],"y":[0.167,0.167,0.167]},"t":8,"s":[100,100,100]},{"t":10,"s":[0,0,100]}],"ix":6}},"ao":0,"ip":2,"op":534,"st":2,"bm":0},{"ddd":0,"ind":7,"ty":2,"nm":"wenjian","refId":"image_3","sr":1,"ks":{"o":{"a":1,"k":[{"i":{"x":[0.833],"y":[0.833]},"o":{"x":[0.167],"y":[0.167]},"t":21,"s":[100]},{"t":23,"s":[0]}],"ix":11},"r":{"a":0,"k":0,"ix":10},"p":{"a":1,"k":[{"i":{"x":0.833,"y":0.833},"o":{"x":0.167,"y":0.167},"t":17,"s":[96,380,0],"to":[11,-23.833,0],"ti":[0,0,0]},{"i":{"x":0.833,"y":0.833},"o":{"x":0.167,"y":0.167},"t":21,"s":[162,237,0],"to":[0,0,0],"ti":[-12.083,-3.917,0]},{"t":23,"s":[234.5,260.5,0]}],"ix":2},"a":{"a":0,"k":[18,18,0],"ix":1},"s":{"a":1,"k":[{"i":{"x":[0.833,0.833,0.833],"y":[0.833,0.833,0.833]},"o":{"x":[0.167,0.167,0.167],"y":[0.167,0.167,0.167]},"t":21,"s":[100,100,100]},{"t":23,"s":[0,0,100]}],"ix":6}},"ao":0,"ip":2,"op":534,"st":2,"bm":0},{"ddd":0,"ind":8,"ty":2,"nm":"shipin","refId":"image_4","sr":1,"ks":{"o":{"a":1,"k":[{"i":{"x":[0.833],"y":[0.833]},"o":{"x":[0.167],"y":[0.167]},"t":27,"s":[100]},{"t":29,"s":[0]}],"ix":11},"r":{"a":0,"k":0,"ix":10},"p":{"a":1,"k":[{"i":{"x":0.833,"y":0.833},"o":{"x":0.167,"y":0.167},"t":23,"s":[65,146,0],"to":[30,7.5,0],"ti":[0,0,0]},{"i":{"x":0.833,"y":0.833},"o":{"x":0.167,"y":0.167},"t":27,"s":[245,191,0],"to":[0,0,0],"ti":[2.333,-12,0]},{"t":29,"s":[231,263,0]}],"ix":2},"a":{"a":0,"k":[13,13,0],"ix":1},"s":{"a":1,"k":[{"i":{"x":[0.833,0.833,0.833],"y":[0.833,0.833,0.833]},"o":{"x":[0.167,0.167,0.167],"y":[0.167,0.167,0.167]},"t":27,"s":[100,100,100]},{"t":29,"s":[0,0,100]}],"ix":6}},"ao":0,"ip":2,"op":534,"st":2,"bm":0},{"ddd":0,"ind":9,"ty":2,"nm":"6","refId":"image_5","sr":1,"ks":{"o":{"a":1,"k":[{"i":{"x":[0.833],"y":[0.833]},"o":{"x":[0.167],"y":[0.167]},"t":0,"s":[0]},{"i":{"x":[0.833],"y":[0.833]},"o":{"x":[0.167],"y":[0.167]},"t":2,"s":[20]},{"t":9,"s":[0]}],"ix":11},"r":{"a":0,"k":0,"ix":10},"p":{"a":0,"k":[233.938,260.063,0],"ix":2},"a":{"a":0,"k":[5.938,6.063,0],"ix":1},"s":{"a":1,"k":[{"i":{"x":[0.833,0.833,0.833],"y":[0.833,0.833,0.833]},"o":{"x":[0.167,0.167,0.167],"y":[0.167,0.167,0.167]},"t":2,"s":[100,100,100]},{"t":9,"s":[1491,1491,100]}],"ix":6}},"ao":0,"hasMask":true,"masksProperties":[{"inv":false,"mode":"n","pt":{"a":0,"k":{"i":[[-3.348,0],[0,-3.348],[3.348,0],[0,3.348]],"o":[[3.348,0],[0,3.348],[-3.348,0],[0,-3.348]],"v":[[6.125,0.094],[12.187,6.156],[6.125,12.219],[0.062,6.156]],"c":true},"ix":1},"o":{"a":0,"k":100,"ix":3},"x":{"a":0,"k":0,"ix":4},"nm":"蒙版 1"}],"ip":0,"op":532,"st":0,"bm":0},{"ddd":0,"ind":10,"ty":2,"nm":"5","refId":"image_6","sr":1,"ks":{"o":{"a":1,"k":[{"i":{"x":[0.833],"y":[0.833]},"o":{"x":[0.167],"y":[0.167]},"t":0,"s":[0]},{"i":{"x":[0.833],"y":[0.833]},"o":{"x":[0.167],"y":[0.167]},"t":5,"s":[27.059]},{"t":8,"s":[0]}],"ix":11},"r":{"a":0,"k":0,"ix":10},"p":{"a":0,"k":[234,260,0],"ix":2},"a":{"a":0,"k":[41,41,0],"ix":1},"s":{"a":1,"k":[{"i":{"x":[0.833,0.833,0.833],"y":[0.833,0.833,0.833]},"o":{"x":[0.167,0.167,0.167],"y":[0.167,0.167,0.167]},"t":5,"s":[100,100,100]},{"t":8,"s":[218,218,100]}],"ix":6}},"ao":0,"hasMask":true,"masksProperties":[{"inv":false,"mode":"n","pt":{"a":0,"k":{"i":[[-22.368,0],[0,-22.368],[22.367,0],[0,22.367]],"o":[[22.367,0],[0,22.367],[-22.368,0],[0,-22.368]],"v":[[41.125,0.656],[81.625,41.156],[41.125,81.656],[0.625,41.156]],"c":true},"ix":1},"o":{"a":0,"k":100,"ix":3},"x":{"a":0,"k":0,"ix":4},"nm":"蒙版 1"}],"ip":0,"op":532,"st":0,"bm":0},{"ddd":0,"ind":11,"ty":2,"nm":"4","refId":"image_7","sr":1,"ks":{"o":{"a":1,"k":[{"i":{"x":[0.833],"y":[0.833]},"o":{"x":[0.167],"y":[0.167]},"t":0,"s":[0]},{"i":{"x":[0.833],"y":[0.833]},"o":{"x":[0.167],"y":[0.167]},"t":2,"s":[32.941]},{"t":5,"s":[0]}],"ix":11},"r":{"a":0,"k":0,"ix":10},"p":{"a":0,"k":[233.5,259.5,0],"ix":2},"a":{"a":0,"k":[72.5,72.5,0],"ix":1},"s":{"a":1,"k":[{"i":{"x":[0.833,0.833,0.833],"y":[0.833,0.833,0.833]},"o":{"x":[0.167,0.167,0.167],"y":[0.167,0.167,0.167]},"t":2,"s":[100,100,100]},{"t":5,"s":[134,134,100]}],"ix":6}},"ao":0,"hasMask":true,"masksProperties":[{"inv":false,"mode":"n","pt":{"a":0,"k":{"i":[[-39.765,0],[0,-39.764],[39.764,0],[0,39.765]],"o":[[39.764,0],[0,39.765],[-39.765,0],[0,-39.764]],"v":[[72.844,0.875],[144.844,72.875],[72.844,144.875],[0.844,72.875]],"c":true},"ix":1},"o":{"a":0,"k":100,"ix":3},"x":{"a":0,"k":0,"ix":4},"nm":"蒙版 1"}],"ip":0,"op":532,"st":0,"bm":0},{"ddd":0,"ind":12,"ty":2,"nm":"3","refId":"image_8","sr":1,"ks":{"o":{"a":1,"k":[{"i":{"x":[0.833],"y":[0.833]},"o":{"x":[0.167],"y":[0.167]},"t":9,"s":[26]},{"i":{"x":[0.833],"y":[0.833]},"o":{"x":[0.167],"y":[0.167]},"t":25,"s":[0]},{"t":45,"s":[26]}],"ix":11},"r":{"a":0,"k":0,"ix":10},"p":{"a":0,"k":[231,259,0],"ix":2},"a":{"a":0,"k":[231,259,0],"ix":1},"s":{"a":1,"k":[{"i":{"x":[0.833,0.833,0.833],"y":[0.833,0.833,0.833]},"o":{"x":[0.167,0.167,0.167],"y":[0.167,0.167,0.167]},"t":9,"s":[100,100,100]},{"i":{"x":[0.833,0.833,0.833],"y":[0.833,0.833,0.833]},"o":{"x":[0.167,0.167,0.167],"y":[0.167,0.167,0.167]},"t":25,"s":[60,60,100]},{"t":45,"s":[100,100,100]}],"ix":6}},"ao":0,"hasMask":true,"masksProperties":[{"inv":false,"mode":"a","pt":{"a":0,"k":{"i":[[-53.848,0],[0,-53.848],[53.848,0],[0,53.848]],"o":[[53.848,0],[0,53.848],[-53.848,0],[0,-53.848]],"v":[[233.625,162.156],[331.125,259.656],[233.625,357.156],[136.125,259.656]],"c":true},"ix":1},"o":{"a":0,"k":100,"ix":3},"x":{"a":0,"k":0,"ix":4},"nm":"蒙版 1"}],"ip":0,"op":532,"st":0,"bm":0},{"ddd":0,"ind":13,"ty":2,"nm":"2","refId":"image_9","sr":1,"ks":{"o":{"a":1,"k":[{"i":{"x":[0.833],"y":[0.833]},"o":{"x":[0.167],"y":[0.167]},"t":0,"s":[0]},{"i":{"x":[0.833],"y":[0.833]},"o":{"x":[0.167],"y":[0.167]},"t":14,"s":[30.196]},{"i":{"x":[0.833],"y":[0.833]},"o":{"x":[0.167],"y":[0.167]},"t":28,"s":[0]},{"i":{"x":[0.833],"y":[0.833]},"o":{"x":[0.167],"y":[0.167]},"t":43,"s":[30.196]},{"t":54,"s":[0]}],"ix":11},"r":{"a":0,"k":0,"ix":10},"p":{"a":0,"k":[231,259,0],"ix":2},"a":{"a":0,"k":[231,259,0],"ix":1},"s":{"a":1,"k":[{"i":{"x":[0.833,0.833,0.833],"y":[0.833,0.833,0.833]},"o":{"x":[0.167,0.167,0.167],"y":[0.167,0.167,0.167]},"t":0,"s":[124,124,100]},{"i":{"x":[0.833,0.833,0.833],"y":[0.833,0.833,0.833]},"o":{"x":[0.167,0.167,0.167],"y":[0.167,0.167,0.167]},"t":14,"s":[50,50,100]},{"i":{"x":[0.833,0.833,0.833],"y":[0.833,0.833,0.833]},"o":{"x":[0.167,0.167,0.167],"y":[0.167,0.167,0.167]},"t":28,"s":[124,124,100]},{"i":{"x":[0.833,0.833,0.833],"y":[0.833,0.833,0.833]},"o":{"x":[0.167,0.167,0.167],"y":[0.167,0.167,0.167]},"t":43,"s":[50,50,100]},{"t":54,"s":[124,124,100]}],"ix":6}},"ao":0,"hasMask":true,"masksProperties":[{"inv":false,"mode":"a","pt":{"a":0,"k":{"i":[[-55.505,0],[0,-55.505],[55.505,0],[0,55.505]],"o":[[55.505,0],[0,55.505],[-55.505,0],[0,-55.505]],"v":[[233.125,158.656],[333.625,259.156],[233.125,359.656],[132.625,259.156]],"c":true},"ix":1},"o":{"a":0,"k":100,"ix":3},"x":{"a":0,"k":0,"ix":4},"nm":"蒙版 1"}],"ip":0,"op":532,"st":0,"bm":0},{"ddd":0,"ind":14,"ty":2,"nm":"光标","refId":"image_10","sr":1,"ks":{"o":{"a":1,"k":[{"i":{"x":[0.833],"y":[0.833]},"o":{"x":[0.167],"y":[0.167]},"t":32,"s":[100]},{"t":43,"s":[0]}],"ix":11},"r":{"a":1,"k":[{"i":{"x":[0.833],"y":[0.833]},"o":{"x":[0.167],"y":[0.167]},"t":2,"s":[-45]},{"i":{"x":[0.833],"y":[0.833]},"o":{"x":[0.167],"y":[0.167]},"t":27,"s":[315]},{"t":43,"s":[675]}],"ix":10},"p":{"a":0,"k":[231,259.5,0],"ix":2},"a":{"a":0,"k":[124,126.5,0],"ix":1},"s":{"a":0,"k":[100,100,100],"ix":6}},"ao":0,"ip":2,"op":534,"st":2,"bm":0},{"ddd":0,"ind":15,"ty":2,"nm":"1","refId":"image_11","sr":1,"ks":{"o":{"a":1,"k":[{"i":{"x":[0.833],"y":[0.833]},"o":{"x":[0.167],"y":[0.167]},"t":0,"s":[20]},{"i":{"x":[0.833],"y":[0.833]},"o":{"x":[0.167],"y":[0.167]},"t":25,"s":[0]},{"t":54,"s":[20]}],"ix":11},"r":{"a":0,"k":0,"ix":10},"p":{"a":0,"k":[231,259,0],"ix":2},"a":{"a":0,"k":[231,259,0],"ix":1},"s":{"a":1,"k":[{"i":{"x":[0.833,0.833,0.833],"y":[0.833,0.833,0.833]},"o":{"x":[0.167,0.167,0.167],"y":[0.167,0.167,0.167]},"t":0,"s":[100,100,100]},{"i":{"x":[0.833,0.833,0.833],"y":[0.833,0.833,0.833]},"o":{"x":[0.167,0.167,0.167],"y":[0.167,0.167,0.167]},"t":25,"s":[30,30,100]},{"t":54,"s":[100,100,100]}],"ix":6}},"ao":0,"hasMask":true,"masksProperties":[{"inv":false,"mode":"a","pt":{"a":0,"k":{"i":[[-69.588,0],[0,-69.588],[69.588,0],[0,69.588]],"o":[[69.588,0],[0,69.588],[-69.588,0],[0,-69.588]],"v":[[233.156,133.187],[359.156,259.187],[233.156,385.187],[107.156,259.187]],"c":true},"ix":1},"o":{"a":0,"k":100,"ix":3},"x":{"a":0,"k":0,"ix":4},"nm":"蒙版 1"}],"ip":0,"op":532,"st":0,"bm":0}]}],"layers":[{"ddd":0,"ind":1,"ty":0,"nm":"预合成 微信用","refId":"comp_0","sr":1,"ks":{"o":{"a":0,"k":100,"ix":11},"r":{"a":0,"k":0,"ix":10},"p":{"a":0,"k":[235,214,0],"ix":2},"a":{"a":0,"k":[233,232,0],"ix":1},"s":{"a":0,"k":[124,124,100],"ix":6}},"ao":0,"w":466,"h":464,"ip":0,"op":532,"st":0,"bm":0}],"markers":[]}