{"v":"5.7.6","fr":25,"ip":0,"op":53,"w":156,"h":156,"nm":"清理icon动效","ddd":0,"assets":[{"id":"image_0","w":13,"h":12,"u":"images/","p":"img_0.png","e":0},{"id":"image_1","w":8,"h":9,"u":"images/","p":"img_1.png","e":0},{"id":"image_2","w":5,"h":4,"u":"images/","p":"img_2.png","e":0},{"id":"image_3","w":13,"h":17,"u":"images/","p":"img_3.png","e":0},{"id":"image_4","w":17,"h":23,"u":"images/","p":"img_4.png","e":0},{"id":"image_5","w":7,"h":10,"u":"images/","p":"img_5.png","e":0},{"id":"image_6","w":75,"h":31,"u":"images/","p":"img_6.png","e":0},{"id":"image_7","w":77,"h":98,"u":"images/","p":"img_7.png","e":0},{"id":"image_8","w":45,"h":101,"u":"images/","p":"img_8.png","e":0}],"layers":[{"ddd":0,"ind":1,"ty":2,"nm":"zy6","refId":"image_0","sr":1,"ks":{"o":{"a":0,"k":100,"ix":11},"r":{"a":0,"k":0,"ix":10},"p":{"a":1,"k":[{"i":{"x":0.667,"y":1},"o":{"x":0.333,"y":0},"t":28,"s":[121.375,32,0],"to":[-14.458,0.083,0],"ti":[12.083,-17.208,0]},{"t":40,"s":[64.5,63.125,0]}],"ix":2,"l":2},"a":{"a":0,"k":[6.5,6,0],"ix":1,"l":2},"s":{"a":0,"k":[100,100,100],"ix":6,"l":2}},"ao":0,"ip":27,"op":261,"st":11,"bm":0},{"ddd":0,"ind":2,"ty":2,"nm":"zt5","refId":"image_1","sr":1,"ks":{"o":{"a":0,"k":100,"ix":11},"r":{"a":0,"k":0,"ix":10},"p":{"a":1,"k":[{"i":{"x":0.667,"y":1},"o":{"x":0.333,"y":0},"t":39,"s":[12.75,59.125,0],"to":[10.458,-11.333,0],"ti":[-3.083,-7.042,0]},{"t":52,"s":[53.125,61.5,0]}],"ix":2,"l":2},"a":{"a":0,"k":[4,4.5,0],"ix":1,"l":2},"s":{"a":0,"k":[100,100,100],"ix":6,"l":2}},"ao":0,"ip":38,"op":257,"st":7,"bm":0},{"ddd":0,"ind":3,"ty":2,"nm":"zt4","refId":"image_2","sr":1,"ks":{"o":{"a":0,"k":100,"ix":11},"r":{"a":0,"k":0,"ix":10},"p":{"a":1,"k":[{"i":{"x":0.667,"y":1},"o":{"x":0.333,"y":0},"t":29,"s":[7.625,45.75,0],"to":[19.542,-8,0],"ti":[-1.667,-8.688,0]},{"t":41,"s":[50.875,63.875,0]}],"ix":2,"l":2},"a":{"a":0,"k":[2.5,2,0],"ix":1,"l":2},"s":{"a":0,"k":[100,100,100],"ix":6,"l":2}},"ao":0,"ip":28,"op":254,"st":4,"bm":0},{"ddd":0,"ind":4,"ty":2,"nm":"zt3","refId":"image_2","sr":1,"ks":{"o":{"a":0,"k":100,"ix":11},"r":{"a":0,"k":0,"ix":10},"p":{"a":1,"k":[{"i":{"x":0.667,"y":1},"o":{"x":0.333,"y":0},"t":25,"s":[7.5,51,0],"to":[24.792,-9.125,0],"ti":[-4.167,-7.188,0]},{"t":37,"s":[58,60,0]}],"ix":2,"l":2},"a":{"a":0,"k":[2.5,2,0],"ix":1,"l":2},"s":{"a":0,"k":[100,100,100],"ix":6,"l":2}},"ao":0,"ip":0,"op":250,"st":0,"bm":0},{"ddd":0,"ind":5,"ty":2,"nm":"zt2","refId":"image_1","sr":1,"ks":{"o":{"a":0,"k":100,"ix":11},"r":{"a":0,"k":0,"ix":10},"p":{"a":1,"k":[{"i":{"x":0.667,"y":1},"o":{"x":0.333,"y":0},"t":32,"s":[19,63.5,0],"to":[11.958,-17.083,0],"ti":[-4.458,-10.792,0]},{"t":45,"s":[62.25,61.5,0]}],"ix":2,"l":2},"a":{"a":0,"k":[4,4.5,0],"ix":1,"l":2},"s":{"a":0,"k":[100,100,100],"ix":6,"l":2}},"ao":0,"ip":0,"op":250,"st":0,"bm":0},{"ddd":0,"ind":6,"ty":2,"nm":"zt1","refId":"image_0","sr":1,"ks":{"o":{"a":0,"k":100,"ix":11},"r":{"a":0,"k":0,"ix":10},"p":{"a":1,"k":[{"i":{"x":0.667,"y":1},"o":{"x":0.333,"y":0},"t":17,"s":[123.5,40,0],"to":[-15.583,-3.542,0],"ti":[12.083,-17.208,0]},{"t":29,"s":[74.75,62.75,0]}],"ix":2,"l":2},"a":{"a":0,"k":[6.5,6,0],"ix":1,"l":2},"s":{"a":0,"k":[100,100,100],"ix":6,"l":2}},"ao":0,"ip":0,"op":250,"st":0,"bm":0},{"ddd":0,"ind":7,"ty":2,"nm":"x3","refId":"image_3","sr":1,"ks":{"o":{"a":1,"k":[{"i":{"x":[0.833],"y":[0.697]},"o":{"x":[0.167],"y":[0.167]},"t":6,"s":[100]},{"i":{"x":[0.833],"y":[0.799]},"o":{"x":[0.167],"y":[0.115]},"t":7,"s":[95.703]},{"i":{"x":[0.833],"y":[0.821]},"o":{"x":[0.167],"y":[0.142]},"t":8,"s":[84.375]},{"i":{"x":[0.833],"y":[0.833]},"o":{"x":[0.167],"y":[0.156]},"t":9,"s":[68.359]},{"i":{"x":[0.833],"y":[0.844]},"o":{"x":[0.167],"y":[0.167]},"t":10,"s":[50]},{"i":{"x":[0.833],"y":[0.858]},"o":{"x":[0.167],"y":[0.179]},"t":11,"s":[31.641]},{"i":{"x":[0.833],"y":[0.885]},"o":{"x":[0.167],"y":[0.201]},"t":12,"s":[15.625]},{"i":{"x":[0.833],"y":[1.024]},"o":{"x":[0.167],"y":[0.303]},"t":13,"s":[4.297]},{"i":{"x":[0.833],"y":[0.702]},"o":{"x":[0.167],"y":[0.019]},"t":14,"s":[0]},{"i":{"x":[0.833],"y":[0.803]},"o":{"x":[0.167],"y":[0.116]},"t":15,"s":[5.539]},{"i":{"x":[0.833],"y":[0.826]},"o":{"x":[0.167],"y":[0.144]},"t":16,"s":[19.825]},{"i":{"x":[0.833],"y":[0.84]},"o":{"x":[0.167],"y":[0.16]},"t":17,"s":[39.359]},{"i":{"x":[0.833],"y":[0.856]},"o":{"x":[0.167],"y":[0.174]},"t":18,"s":[60.641]},{"i":{"x":[0.833],"y":[0.884]},"o":{"x":[0.167],"y":[0.197]},"t":19,"s":[80.175]},{"i":{"x":[0.833],"y":[0.981]},"o":{"x":[0.167],"y":[0.298]},"t":20,"s":[94.461]},{"i":{"x":[0.833],"y":[0.697]},"o":{"x":[0.167],"y":[-0.024]},"t":21,"s":[100]},{"i":{"x":[0.833],"y":[0.799]},"o":{"x":[0.167],"y":[0.115]},"t":22,"s":[95.703]},{"i":{"x":[0.833],"y":[0.821]},"o":{"x":[0.167],"y":[0.142]},"t":23,"s":[84.375]},{"i":{"x":[0.833],"y":[0.833]},"o":{"x":[0.167],"y":[0.156]},"t":24,"s":[68.359]},{"i":{"x":[0.833],"y":[0.844]},"o":{"x":[0.167],"y":[0.167]},"t":25,"s":[50]},{"i":{"x":[0.833],"y":[0.858]},"o":{"x":[0.167],"y":[0.179]},"t":26,"s":[31.641]},{"i":{"x":[0.833],"y":[0.885]},"o":{"x":[0.167],"y":[0.201]},"t":27,"s":[15.625]},{"i":{"x":[0.833],"y":[1.024]},"o":{"x":[0.167],"y":[0.303]},"t":28,"s":[4.297]},{"i":{"x":[0.833],"y":[0.702]},"o":{"x":[0.167],"y":[0.019]},"t":29,"s":[0]},{"i":{"x":[0.833],"y":[0.803]},"o":{"x":[0.167],"y":[0.116]},"t":30,"s":[5.539]},{"i":{"x":[0.833],"y":[0.826]},"o":{"x":[0.167],"y":[0.144]},"t":31,"s":[19.825]},{"i":{"x":[0.833],"y":[0.84]},"o":{"x":[0.167],"y":[0.16]},"t":32,"s":[39.359]},{"i":{"x":[0.833],"y":[0.856]},"o":{"x":[0.167],"y":[0.174]},"t":33,"s":[60.641]},{"i":{"x":[0.833],"y":[0.884]},"o":{"x":[0.167],"y":[0.197]},"t":34,"s":[80.175]},{"i":{"x":[0.833],"y":[0.981]},"o":{"x":[0.167],"y":[0.298]},"t":35,"s":[94.461]},{"i":{"x":[0.833],"y":[0.697]},"o":{"x":[0.167],"y":[-0.024]},"t":36,"s":[100]},{"i":{"x":[0.833],"y":[0.799]},"o":{"x":[0.167],"y":[0.115]},"t":37,"s":[95.703]},{"i":{"x":[0.833],"y":[0.821]},"o":{"x":[0.167],"y":[0.142]},"t":38,"s":[84.375]},{"i":{"x":[0.833],"y":[0.833]},"o":{"x":[0.167],"y":[0.156]},"t":39,"s":[68.359]},{"i":{"x":[0.833],"y":[0.844]},"o":{"x":[0.167],"y":[0.167]},"t":40,"s":[50]},{"i":{"x":[0.833],"y":[0.858]},"o":{"x":[0.167],"y":[0.179]},"t":41,"s":[31.641]},{"i":{"x":[0.833],"y":[0.885]},"o":{"x":[0.167],"y":[0.201]},"t":42,"s":[15.625]},{"i":{"x":[0.833],"y":[1.024]},"o":{"x":[0.167],"y":[0.303]},"t":43,"s":[4.297]},{"i":{"x":[0.833],"y":[0.702]},"o":{"x":[0.167],"y":[0.019]},"t":44,"s":[0]},{"i":{"x":[0.833],"y":[0.803]},"o":{"x":[0.167],"y":[0.116]},"t":45,"s":[5.539]},{"i":{"x":[0.833],"y":[0.826]},"o":{"x":[0.167],"y":[0.144]},"t":46,"s":[19.825]},{"i":{"x":[0.833],"y":[0.84]},"o":{"x":[0.167],"y":[0.16]},"t":47,"s":[39.359]},{"i":{"x":[0.833],"y":[0.856]},"o":{"x":[0.167],"y":[0.174]},"t":48,"s":[60.641]},{"i":{"x":[0.833],"y":[0.884]},"o":{"x":[0.167],"y":[0.197]},"t":49,"s":[80.175]},{"i":{"x":[0.833],"y":[0.981]},"o":{"x":[0.167],"y":[0.298]},"t":50,"s":[94.461]},{"i":{"x":[0.833],"y":[0.697]},"o":{"x":[0.167],"y":[-0.024]},"t":51,"s":[100]},{"i":{"x":[0.833],"y":[0.799]},"o":{"x":[0.167],"y":[0.115]},"t":52,"s":[95.703]},{"i":{"x":[0.833],"y":[0.821]},"o":{"x":[0.167],"y":[0.142]},"t":53,"s":[84.375]},{"i":{"x":[0.833],"y":[0.833]},"o":{"x":[0.167],"y":[0.156]},"t":54,"s":[68.359]},{"i":{"x":[0.833],"y":[0.844]},"o":{"x":[0.167],"y":[0.167]},"t":55,"s":[50]},{"i":{"x":[0.833],"y":[0.858]},"o":{"x":[0.167],"y":[0.179]},"t":56,"s":[31.641]},{"i":{"x":[0.833],"y":[0.885]},"o":{"x":[0.167],"y":[0.201]},"t":57,"s":[15.625]},{"i":{"x":[0.833],"y":[1.024]},"o":{"x":[0.167],"y":[0.303]},"t":58,"s":[4.297]},{"i":{"x":[0.833],"y":[0.702]},"o":{"x":[0.167],"y":[0.019]},"t":59,"s":[0]},{"i":{"x":[0.833],"y":[0.803]},"o":{"x":[0.167],"y":[0.116]},"t":60,"s":[5.539]},{"i":{"x":[0.833],"y":[0.826]},"o":{"x":[0.167],"y":[0.144]},"t":61,"s":[19.825]},{"i":{"x":[0.833],"y":[0.84]},"o":{"x":[0.167],"y":[0.16]},"t":62,"s":[39.359]},{"i":{"x":[0.833],"y":[0.856]},"o":{"x":[0.167],"y":[0.174]},"t":63,"s":[60.641]},{"i":{"x":[0.833],"y":[0.884]},"o":{"x":[0.167],"y":[0.197]},"t":64,"s":[80.175]},{"i":{"x":[0.833],"y":[0.981]},"o":{"x":[0.167],"y":[0.298]},"t":65,"s":[94.461]},{"i":{"x":[0.833],"y":[0.697]},"o":{"x":[0.167],"y":[-0.024]},"t":66,"s":[100]},{"i":{"x":[0.833],"y":[0.799]},"o":{"x":[0.167],"y":[0.115]},"t":67,"s":[95.703]},{"i":{"x":[0.833],"y":[0.821]},"o":{"x":[0.167],"y":[0.142]},"t":68,"s":[84.375]},{"i":{"x":[0.833],"y":[0.833]},"o":{"x":[0.167],"y":[0.156]},"t":69,"s":[68.359]},{"i":{"x":[0.833],"y":[0.844]},"o":{"x":[0.167],"y":[0.167]},"t":70,"s":[50]},{"i":{"x":[0.833],"y":[0.858]},"o":{"x":[0.167],"y":[0.179]},"t":71,"s":[31.641]},{"i":{"x":[0.833],"y":[0.885]},"o":{"x":[0.167],"y":[0.201]},"t":72,"s":[15.625]},{"i":{"x":[0.833],"y":[1.024]},"o":{"x":[0.167],"y":[0.303]},"t":73,"s":[4.297]},{"i":{"x":[0.833],"y":[0.702]},"o":{"x":[0.167],"y":[0.019]},"t":74,"s":[0]},{"i":{"x":[0.833],"y":[0.803]},"o":{"x":[0.167],"y":[0.116]},"t":75,"s":[5.539]},{"i":{"x":[0.833],"y":[0.826]},"o":{"x":[0.167],"y":[0.144]},"t":76,"s":[19.825]},{"i":{"x":[0.833],"y":[0.84]},"o":{"x":[0.167],"y":[0.16]},"t":77,"s":[39.359]},{"i":{"x":[0.833],"y":[0.856]},"o":{"x":[0.167],"y":[0.174]},"t":78,"s":[60.641]},{"i":{"x":[0.833],"y":[0.884]},"o":{"x":[0.167],"y":[0.197]},"t":79,"s":[80.175]},{"i":{"x":[0.833],"y":[0.981]},"o":{"x":[0.167],"y":[0.298]},"t":80,"s":[94.461]},{"i":{"x":[0.833],"y":[0.697]},"o":{"x":[0.167],"y":[-0.024]},"t":81,"s":[100]},{"i":{"x":[0.833],"y":[0.799]},"o":{"x":[0.167],"y":[0.115]},"t":82,"s":[95.703]},{"i":{"x":[0.833],"y":[0.821]},"o":{"x":[0.167],"y":[0.142]},"t":83,"s":[84.375]},{"i":{"x":[0.833],"y":[0.833]},"o":{"x":[0.167],"y":[0.156]},"t":84,"s":[68.359]},{"i":{"x":[0.833],"y":[0.844]},"o":{"x":[0.167],"y":[0.167]},"t":85,"s":[50]},{"i":{"x":[0.833],"y":[0.858]},"o":{"x":[0.167],"y":[0.179]},"t":86,"s":[31.641]},{"i":{"x":[0.833],"y":[0.885]},"o":{"x":[0.167],"y":[0.201]},"t":87,"s":[15.625]},{"i":{"x":[0.833],"y":[1.024]},"o":{"x":[0.167],"y":[0.303]},"t":88,"s":[4.297]},{"i":{"x":[0.833],"y":[0.702]},"o":{"x":[0.167],"y":[0.019]},"t":89,"s":[0]},{"i":{"x":[0.833],"y":[0.803]},"o":{"x":[0.167],"y":[0.116]},"t":90,"s":[5.539]},{"i":{"x":[0.833],"y":[0.826]},"o":{"x":[0.167],"y":[0.144]},"t":91,"s":[19.825]},{"i":{"x":[0.833],"y":[0.84]},"o":{"x":[0.167],"y":[0.16]},"t":92,"s":[39.359]},{"i":{"x":[0.833],"y":[0.856]},"o":{"x":[0.167],"y":[0.174]},"t":93,"s":[60.641]},{"i":{"x":[0.833],"y":[0.884]},"o":{"x":[0.167],"y":[0.197]},"t":94,"s":[80.175]},{"i":{"x":[0.833],"y":[0.981]},"o":{"x":[0.167],"y":[0.298]},"t":95,"s":[94.461]},{"i":{"x":[0.833],"y":[0.697]},"o":{"x":[0.167],"y":[-0.024]},"t":96,"s":[100]},{"i":{"x":[0.833],"y":[0.799]},"o":{"x":[0.167],"y":[0.115]},"t":97,"s":[95.703]},{"i":{"x":[0.833],"y":[0.821]},"o":{"x":[0.167],"y":[0.142]},"t":98,"s":[84.375]},{"i":{"x":[0.833],"y":[0.833]},"o":{"x":[0.167],"y":[0.156]},"t":99,"s":[68.359]},{"i":{"x":[0.833],"y":[0.844]},"o":{"x":[0.167],"y":[0.167]},"t":100,"s":[50]},{"i":{"x":[0.833],"y":[0.858]},"o":{"x":[0.167],"y":[0.179]},"t":101,"s":[31.641]},{"i":{"x":[0.833],"y":[0.885]},"o":{"x":[0.167],"y":[0.201]},"t":102,"s":[15.625]},{"i":{"x":[0.833],"y":[1.024]},"o":{"x":[0.167],"y":[0.303]},"t":103,"s":[4.297]},{"i":{"x":[0.833],"y":[0.702]},"o":{"x":[0.167],"y":[0.019]},"t":104,"s":[0]},{"i":{"x":[0.833],"y":[0.803]},"o":{"x":[0.167],"y":[0.116]},"t":105,"s":[5.539]},{"i":{"x":[0.833],"y":[0.826]},"o":{"x":[0.167],"y":[0.144]},"t":106,"s":[19.825]},{"i":{"x":[0.833],"y":[0.84]},"o":{"x":[0.167],"y":[0.16]},"t":107,"s":[39.359]},{"i":{"x":[0.833],"y":[0.856]},"o":{"x":[0.167],"y":[0.174]},"t":108,"s":[60.641]},{"i":{"x":[0.833],"y":[0.884]},"o":{"x":[0.167],"y":[0.197]},"t":109,"s":[80.175]},{"i":{"x":[0.833],"y":[0.981]},"o":{"x":[0.167],"y":[0.298]},"t":110,"s":[94.461]},{"i":{"x":[0.833],"y":[0.697]},"o":{"x":[0.167],"y":[-0.024]},"t":111,"s":[100]},{"i":{"x":[0.833],"y":[0.799]},"o":{"x":[0.167],"y":[0.115]},"t":112,"s":[95.703]},{"i":{"x":[0.833],"y":[0.821]},"o":{"x":[0.167],"y":[0.142]},"t":113,"s":[84.375]},{"i":{"x":[0.833],"y":[0.833]},"o":{"x":[0.167],"y":[0.156]},"t":114,"s":[68.359]},{"i":{"x":[0.833],"y":[0.844]},"o":{"x":[0.167],"y":[0.167]},"t":115,"s":[50]},{"i":{"x":[0.833],"y":[0.858]},"o":{"x":[0.167],"y":[0.179]},"t":116,"s":[31.641]},{"i":{"x":[0.833],"y":[0.885]},"o":{"x":[0.167],"y":[0.201]},"t":117,"s":[15.625]},{"i":{"x":[0.833],"y":[1.024]},"o":{"x":[0.167],"y":[0.303]},"t":118,"s":[4.297]},{"i":{"x":[0.833],"y":[0.702]},"o":{"x":[0.167],"y":[0.019]},"t":119,"s":[0]},{"i":{"x":[0.833],"y":[0.803]},"o":{"x":[0.167],"y":[0.116]},"t":120,"s":[5.539]},{"i":{"x":[0.833],"y":[0.826]},"o":{"x":[0.167],"y":[0.144]},"t":121,"s":[19.825]},{"i":{"x":[0.833],"y":[0.84]},"o":{"x":[0.167],"y":[0.16]},"t":122,"s":[39.359]},{"i":{"x":[0.833],"y":[0.856]},"o":{"x":[0.167],"y":[0.174]},"t":123,"s":[60.641]},{"i":{"x":[0.833],"y":[0.884]},"o":{"x":[0.167],"y":[0.197]},"t":124,"s":[80.175]},{"i":{"x":[0.833],"y":[0.981]},"o":{"x":[0.167],"y":[0.298]},"t":125,"s":[94.461]},{"i":{"x":[0.833],"y":[0.697]},"o":{"x":[0.167],"y":[-0.024]},"t":126,"s":[100]},{"i":{"x":[0.833],"y":[0.799]},"o":{"x":[0.167],"y":[0.115]},"t":127,"s":[95.703]},{"i":{"x":[0.833],"y":[0.821]},"o":{"x":[0.167],"y":[0.142]},"t":128,"s":[84.375]},{"i":{"x":[0.833],"y":[0.833]},"o":{"x":[0.167],"y":[0.156]},"t":129,"s":[68.359]},{"i":{"x":[0.833],"y":[0.844]},"o":{"x":[0.167],"y":[0.167]},"t":130,"s":[50]},{"i":{"x":[0.833],"y":[0.858]},"o":{"x":[0.167],"y":[0.179]},"t":131,"s":[31.641]},{"i":{"x":[0.833],"y":[0.885]},"o":{"x":[0.167],"y":[0.201]},"t":132,"s":[15.625]},{"i":{"x":[0.833],"y":[1.024]},"o":{"x":[0.167],"y":[0.303]},"t":133,"s":[4.297]},{"i":{"x":[0.833],"y":[0.702]},"o":{"x":[0.167],"y":[0.019]},"t":134,"s":[0]},{"i":{"x":[0.833],"y":[0.803]},"o":{"x":[0.167],"y":[0.116]},"t":135,"s":[5.539]},{"i":{"x":[0.833],"y":[0.826]},"o":{"x":[0.167],"y":[0.144]},"t":136,"s":[19.825]},{"i":{"x":[0.833],"y":[0.84]},"o":{"x":[0.167],"y":[0.16]},"t":137,"s":[39.359]},{"i":{"x":[0.833],"y":[0.856]},"o":{"x":[0.167],"y":[0.174]},"t":138,"s":[60.641]},{"i":{"x":[0.833],"y":[0.884]},"o":{"x":[0.167],"y":[0.197]},"t":139,"s":[80.175]},{"i":{"x":[0.833],"y":[0.981]},"o":{"x":[0.167],"y":[0.298]},"t":140,"s":[94.461]},{"i":{"x":[0.833],"y":[0.697]},"o":{"x":[0.167],"y":[-0.024]},"t":141,"s":[100]},{"i":{"x":[0.833],"y":[0.799]},"o":{"x":[0.167],"y":[0.115]},"t":142,"s":[95.703]},{"i":{"x":[0.833],"y":[0.821]},"o":{"x":[0.167],"y":[0.142]},"t":143,"s":[84.375]},{"i":{"x":[0.833],"y":[0.833]},"o":{"x":[0.167],"y":[0.156]},"t":144,"s":[68.359]},{"i":{"x":[0.833],"y":[0.844]},"o":{"x":[0.167],"y":[0.167]},"t":145,"s":[50]},{"i":{"x":[0.833],"y":[0.858]},"o":{"x":[0.167],"y":[0.179]},"t":146,"s":[31.641]},{"i":{"x":[0.833],"y":[0.885]},"o":{"x":[0.167],"y":[0.201]},"t":147,"s":[15.625]},{"i":{"x":[0.833],"y":[1.024]},"o":{"x":[0.167],"y":[0.303]},"t":148,"s":[4.297]},{"i":{"x":[0.833],"y":[0.702]},"o":{"x":[0.167],"y":[0.019]},"t":149,"s":[0]},{"i":{"x":[0.833],"y":[0.803]},"o":{"x":[0.167],"y":[0.116]},"t":150,"s":[5.539]},{"i":{"x":[0.833],"y":[0.826]},"o":{"x":[0.167],"y":[0.144]},"t":151,"s":[19.825]},{"i":{"x":[0.833],"y":[0.84]},"o":{"x":[0.167],"y":[0.16]},"t":152,"s":[39.359]},{"i":{"x":[0.833],"y":[0.856]},"o":{"x":[0.167],"y":[0.174]},"t":153,"s":[60.641]},{"i":{"x":[0.833],"y":[0.884]},"o":{"x":[0.167],"y":[0.197]},"t":154,"s":[80.175]},{"i":{"x":[0.833],"y":[0.981]},"o":{"x":[0.167],"y":[0.298]},"t":155,"s":[94.461]},{"i":{"x":[0.833],"y":[0.697]},"o":{"x":[0.167],"y":[-0.024]},"t":156,"s":[100]},{"i":{"x":[0.833],"y":[0.799]},"o":{"x":[0.167],"y":[0.115]},"t":157,"s":[95.703]},{"i":{"x":[0.833],"y":[0.821]},"o":{"x":[0.167],"y":[0.142]},"t":158,"s":[84.375]},{"i":{"x":[0.833],"y":[0.833]},"o":{"x":[0.167],"y":[0.156]},"t":159,"s":[68.359]},{"i":{"x":[0.833],"y":[0.844]},"o":{"x":[0.167],"y":[0.167]},"t":160,"s":[50]},{"i":{"x":[0.833],"y":[0.858]},"o":{"x":[0.167],"y":[0.179]},"t":161,"s":[31.641]},{"i":{"x":[0.833],"y":[0.885]},"o":{"x":[0.167],"y":[0.201]},"t":162,"s":[15.625]},{"i":{"x":[0.833],"y":[1.024]},"o":{"x":[0.167],"y":[0.303]},"t":163,"s":[4.297]},{"i":{"x":[0.833],"y":[0.702]},"o":{"x":[0.167],"y":[0.019]},"t":164,"s":[0]},{"i":{"x":[0.833],"y":[0.803]},"o":{"x":[0.167],"y":[0.116]},"t":165,"s":[5.539]},{"i":{"x":[0.833],"y":[0.826]},"o":{"x":[0.167],"y":[0.144]},"t":166,"s":[19.825]},{"i":{"x":[0.833],"y":[0.84]},"o":{"x":[0.167],"y":[0.16]},"t":167,"s":[39.359]},{"i":{"x":[0.833],"y":[0.856]},"o":{"x":[0.167],"y":[0.174]},"t":168,"s":[60.641]},{"i":{"x":[0.833],"y":[0.884]},"o":{"x":[0.167],"y":[0.197]},"t":169,"s":[80.175]},{"i":{"x":[0.833],"y":[0.981]},"o":{"x":[0.167],"y":[0.298]},"t":170,"s":[94.461]},{"i":{"x":[0.833],"y":[0.697]},"o":{"x":[0.167],"y":[-0.024]},"t":171,"s":[100]},{"i":{"x":[0.833],"y":[0.799]},"o":{"x":[0.167],"y":[0.115]},"t":172,"s":[95.703]},{"i":{"x":[0.833],"y":[0.821]},"o":{"x":[0.167],"y":[0.142]},"t":173,"s":[84.375]},{"i":{"x":[0.833],"y":[0.833]},"o":{"x":[0.167],"y":[0.156]},"t":174,"s":[68.359]},{"i":{"x":[0.833],"y":[0.844]},"o":{"x":[0.167],"y":[0.167]},"t":175,"s":[50]},{"i":{"x":[0.833],"y":[0.858]},"o":{"x":[0.167],"y":[0.179]},"t":176,"s":[31.641]},{"i":{"x":[0.833],"y":[0.885]},"o":{"x":[0.167],"y":[0.201]},"t":177,"s":[15.625]},{"i":{"x":[0.833],"y":[1.024]},"o":{"x":[0.167],"y":[0.303]},"t":178,"s":[4.297]},{"i":{"x":[0.833],"y":[0.702]},"o":{"x":[0.167],"y":[0.019]},"t":179,"s":[0]},{"i":{"x":[0.833],"y":[0.803]},"o":{"x":[0.167],"y":[0.116]},"t":180,"s":[5.539]},{"i":{"x":[0.833],"y":[0.826]},"o":{"x":[0.167],"y":[0.144]},"t":181,"s":[19.825]},{"i":{"x":[0.833],"y":[0.84]},"o":{"x":[0.167],"y":[0.16]},"t":182,"s":[39.359]},{"i":{"x":[0.833],"y":[0.856]},"o":{"x":[0.167],"y":[0.174]},"t":183,"s":[60.641]},{"i":{"x":[0.833],"y":[0.884]},"o":{"x":[0.167],"y":[0.197]},"t":184,"s":[80.175]},{"i":{"x":[0.833],"y":[0.981]},"o":{"x":[0.167],"y":[0.298]},"t":185,"s":[94.461]},{"i":{"x":[0.833],"y":[0.697]},"o":{"x":[0.167],"y":[-0.024]},"t":186,"s":[100]},{"i":{"x":[0.833],"y":[0.799]},"o":{"x":[0.167],"y":[0.115]},"t":187,"s":[95.703]},{"i":{"x":[0.833],"y":[0.821]},"o":{"x":[0.167],"y":[0.142]},"t":188,"s":[84.375]},{"i":{"x":[0.833],"y":[0.833]},"o":{"x":[0.167],"y":[0.156]},"t":189,"s":[68.359]},{"i":{"x":[0.833],"y":[0.844]},"o":{"x":[0.167],"y":[0.167]},"t":190,"s":[50]},{"i":{"x":[0.833],"y":[0.858]},"o":{"x":[0.167],"y":[0.179]},"t":191,"s":[31.641]},{"i":{"x":[0.833],"y":[0.885]},"o":{"x":[0.167],"y":[0.201]},"t":192,"s":[15.625]},{"i":{"x":[0.833],"y":[1.024]},"o":{"x":[0.167],"y":[0.303]},"t":193,"s":[4.297]},{"i":{"x":[0.833],"y":[0.702]},"o":{"x":[0.167],"y":[0.019]},"t":194,"s":[0]},{"i":{"x":[0.833],"y":[0.803]},"o":{"x":[0.167],"y":[0.116]},"t":195,"s":[5.539]},{"i":{"x":[0.833],"y":[0.826]},"o":{"x":[0.167],"y":[0.144]},"t":196,"s":[19.825]},{"i":{"x":[0.833],"y":[0.84]},"o":{"x":[0.167],"y":[0.16]},"t":197,"s":[39.359]},{"i":{"x":[0.833],"y":[0.856]},"o":{"x":[0.167],"y":[0.174]},"t":198,"s":[60.641]},{"i":{"x":[0.833],"y":[0.884]},"o":{"x":[0.167],"y":[0.197]},"t":199,"s":[80.175]},{"i":{"x":[0.833],"y":[0.981]},"o":{"x":[0.167],"y":[0.298]},"t":200,"s":[94.461]},{"i":{"x":[0.833],"y":[0.697]},"o":{"x":[0.167],"y":[-0.024]},"t":201,"s":[100]},{"i":{"x":[0.833],"y":[0.799]},"o":{"x":[0.167],"y":[0.115]},"t":202,"s":[95.703]},{"i":{"x":[0.833],"y":[0.821]},"o":{"x":[0.167],"y":[0.142]},"t":203,"s":[84.375]},{"i":{"x":[0.833],"y":[0.833]},"o":{"x":[0.167],"y":[0.156]},"t":204,"s":[68.359]},{"i":{"x":[0.833],"y":[0.844]},"o":{"x":[0.167],"y":[0.167]},"t":205,"s":[50]},{"i":{"x":[0.833],"y":[0.858]},"o":{"x":[0.167],"y":[0.179]},"t":206,"s":[31.641]},{"i":{"x":[0.833],"y":[0.885]},"o":{"x":[0.167],"y":[0.201]},"t":207,"s":[15.625]},{"i":{"x":[0.833],"y":[1.024]},"o":{"x":[0.167],"y":[0.303]},"t":208,"s":[4.297]},{"i":{"x":[0.833],"y":[0.702]},"o":{"x":[0.167],"y":[0.019]},"t":209,"s":[0]},{"i":{"x":[0.833],"y":[0.803]},"o":{"x":[0.167],"y":[0.116]},"t":210,"s":[5.539]},{"i":{"x":[0.833],"y":[0.826]},"o":{"x":[0.167],"y":[0.144]},"t":211,"s":[19.825]},{"i":{"x":[0.833],"y":[0.84]},"o":{"x":[0.167],"y":[0.16]},"t":212,"s":[39.359]},{"i":{"x":[0.833],"y":[0.856]},"o":{"x":[0.167],"y":[0.174]},"t":213,"s":[60.641]},{"i":{"x":[0.833],"y":[0.884]},"o":{"x":[0.167],"y":[0.197]},"t":214,"s":[80.175]},{"i":{"x":[0.833],"y":[0.981]},"o":{"x":[0.167],"y":[0.298]},"t":215,"s":[94.461]},{"i":{"x":[0.833],"y":[0.697]},"o":{"x":[0.167],"y":[-0.024]},"t":216,"s":[100]},{"i":{"x":[0.833],"y":[0.799]},"o":{"x":[0.167],"y":[0.115]},"t":217,"s":[95.703]},{"i":{"x":[0.833],"y":[0.821]},"o":{"x":[0.167],"y":[0.142]},"t":218,"s":[84.375]},{"i":{"x":[0.833],"y":[0.833]},"o":{"x":[0.167],"y":[0.156]},"t":219,"s":[68.359]},{"i":{"x":[0.833],"y":[0.844]},"o":{"x":[0.167],"y":[0.167]},"t":220,"s":[50]},{"i":{"x":[0.833],"y":[0.858]},"o":{"x":[0.167],"y":[0.179]},"t":221,"s":[31.641]},{"i":{"x":[0.833],"y":[0.885]},"o":{"x":[0.167],"y":[0.201]},"t":222,"s":[15.625]},{"i":{"x":[0.833],"y":[1.024]},"o":{"x":[0.167],"y":[0.303]},"t":223,"s":[4.297]},{"i":{"x":[0.833],"y":[0.702]},"o":{"x":[0.167],"y":[0.019]},"t":224,"s":[0]},{"i":{"x":[0.833],"y":[0.803]},"o":{"x":[0.167],"y":[0.116]},"t":225,"s":[5.539]},{"i":{"x":[0.833],"y":[0.826]},"o":{"x":[0.167],"y":[0.144]},"t":226,"s":[19.825]},{"i":{"x":[0.833],"y":[0.84]},"o":{"x":[0.167],"y":[0.16]},"t":227,"s":[39.359]},{"i":{"x":[0.833],"y":[0.856]},"o":{"x":[0.167],"y":[0.174]},"t":228,"s":[60.641]},{"i":{"x":[0.833],"y":[0.884]},"o":{"x":[0.167],"y":[0.197]},"t":229,"s":[80.175]},{"i":{"x":[0.833],"y":[0.981]},"o":{"x":[0.167],"y":[0.298]},"t":230,"s":[94.461]},{"i":{"x":[0.833],"y":[0.697]},"o":{"x":[0.167],"y":[-0.024]},"t":231,"s":[100]},{"i":{"x":[0.833],"y":[0.799]},"o":{"x":[0.167],"y":[0.115]},"t":232,"s":[95.703]},{"i":{"x":[0.833],"y":[0.821]},"o":{"x":[0.167],"y":[0.142]},"t":233,"s":[84.375]},{"i":{"x":[0.833],"y":[0.833]},"o":{"x":[0.167],"y":[0.156]},"t":234,"s":[68.359]},{"i":{"x":[0.833],"y":[0.844]},"o":{"x":[0.167],"y":[0.167]},"t":235,"s":[50]},{"i":{"x":[0.833],"y":[0.858]},"o":{"x":[0.167],"y":[0.179]},"t":236,"s":[31.641]},{"i":{"x":[0.833],"y":[0.885]},"o":{"x":[0.167],"y":[0.201]},"t":237,"s":[15.625]},{"i":{"x":[0.833],"y":[1.024]},"o":{"x":[0.167],"y":[0.303]},"t":238,"s":[4.297]},{"i":{"x":[0.833],"y":[0.702]},"o":{"x":[0.167],"y":[0.019]},"t":239,"s":[0]},{"i":{"x":[0.833],"y":[0.803]},"o":{"x":[0.167],"y":[0.116]},"t":240,"s":[5.539]},{"i":{"x":[0.833],"y":[0.826]},"o":{"x":[0.167],"y":[0.144]},"t":241,"s":[19.825]},{"i":{"x":[0.833],"y":[0.84]},"o":{"x":[0.167],"y":[0.16]},"t":242,"s":[39.359]},{"i":{"x":[0.833],"y":[0.856]},"o":{"x":[0.167],"y":[0.174]},"t":243,"s":[60.641]},{"i":{"x":[0.833],"y":[0.884]},"o":{"x":[0.167],"y":[0.197]},"t":244,"s":[80.175]},{"i":{"x":[0.833],"y":[0.981]},"o":{"x":[0.167],"y":[0.298]},"t":245,"s":[94.461]},{"i":{"x":[0.833],"y":[0.697]},"o":{"x":[0.167],"y":[-0.024]},"t":246,"s":[100]},{"i":{"x":[0.833],"y":[0.799]},"o":{"x":[0.167],"y":[0.115]},"t":247,"s":[95.703]},{"i":{"x":[0.833],"y":[0.821]},"o":{"x":[0.167],"y":[0.142]},"t":248,"s":[84.375]},{"i":{"x":[0.833],"y":[0.833]},"o":{"x":[0.167],"y":[0.156]},"t":249,"s":[68.359]},{"i":{"x":[0.833],"y":[0.844]},"o":{"x":[0.167],"y":[0.167]},"t":250,"s":[50]},{"i":{"x":[0.833],"y":[0.858]},"o":{"x":[0.167],"y":[0.179]},"t":251,"s":[31.641]},{"i":{"x":[0.833],"y":[0.885]},"o":{"x":[0.167],"y":[0.201]},"t":252,"s":[15.625]},{"i":{"x":[0.833],"y":[1.024]},"o":{"x":[0.167],"y":[0.303]},"t":253,"s":[4.297]},{"i":{"x":[0.833],"y":[0.833]},"o":{"x":[0.167],"y":[0.019]},"t":254,"s":[0]},{"t":255,"s":[5.539]}],"ix":11},"r":{"a":0,"k":0,"ix":10},"p":{"a":0,"k":[14.5,22.5,0],"ix":2,"l":2},"a":{"a":0,"k":[6.5,8.5,0],"ix":1,"l":2},"s":{"a":0,"k":[100,100,100],"ix":6,"l":2}},"ao":0,"ip":6,"op":256,"st":6,"bm":0},{"ddd":0,"ind":8,"ty":2,"nm":"x2","refId":"image_4","sr":1,"ks":{"o":{"a":1,"k":[{"i":{"x":[0.833],"y":[1]},"o":{"x":[0.167],"y":[0]},"t":2,"s":[100]},{"i":{"x":[0.833],"y":[1.617]},"o":{"x":[0.167],"y":[0]},"t":3,"s":[100]},{"i":{"x":[0.833],"y":[0.708]},"o":{"x":[0.167],"y":[0.083]},"t":4,"s":[100]},{"i":{"x":[0.833],"y":[0.808]},"o":{"x":[0.167],"y":[0.117]},"t":5,"s":[92.593]},{"i":{"x":[0.833],"y":[0.833]},"o":{"x":[0.167],"y":[0.147]},"t":6,"s":[74.074]},{"i":{"x":[0.833],"y":[0.853]},"o":{"x":[0.167],"y":[0.167]},"t":7,"s":[50]},{"i":{"x":[0.833],"y":[0.883]},"o":{"x":[0.167],"y":[0.192]},"t":8,"s":[25.926]},{"i":{"x":[0.833],"y":[0.979]},"o":{"x":[0.167],"y":[0.292]},"t":9,"s":[7.407]},{"i":{"x":[0.833],"y":[0.702]},"o":{"x":[0.167],"y":[-0.028]},"t":10,"s":[0]},{"i":{"x":[0.833],"y":[0.803]},"o":{"x":[0.167],"y":[0.116]},"t":11,"s":[5.539]},{"i":{"x":[0.833],"y":[0.826]},"o":{"x":[0.167],"y":[0.144]},"t":12,"s":[19.825]},{"i":{"x":[0.833],"y":[0.84]},"o":{"x":[0.167],"y":[0.16]},"t":13,"s":[39.359]},{"i":{"x":[0.833],"y":[0.856]},"o":{"x":[0.167],"y":[0.174]},"t":14,"s":[60.641]},{"i":{"x":[0.833],"y":[0.884]},"o":{"x":[0.167],"y":[0.197]},"t":15,"s":[80.175]},{"i":{"x":[0.833],"y":[1.028]},"o":{"x":[0.167],"y":[0.298]},"t":16,"s":[94.461]},{"i":{"x":[0.833],"y":[0.708]},"o":{"x":[0.167],"y":[0.021]},"t":17,"s":[100]},{"i":{"x":[0.833],"y":[0.808]},"o":{"x":[0.167],"y":[0.117]},"t":18,"s":[92.593]},{"i":{"x":[0.833],"y":[0.833]},"o":{"x":[0.167],"y":[0.147]},"t":19,"s":[74.074]},{"i":{"x":[0.833],"y":[0.853]},"o":{"x":[0.167],"y":[0.167]},"t":20,"s":[50]},{"i":{"x":[0.833],"y":[0.883]},"o":{"x":[0.167],"y":[0.192]},"t":21,"s":[25.926]},{"i":{"x":[0.833],"y":[0.979]},"o":{"x":[0.167],"y":[0.292]},"t":22,"s":[7.407]},{"i":{"x":[0.833],"y":[0.702]},"o":{"x":[0.167],"y":[-0.028]},"t":23,"s":[0]},{"i":{"x":[0.833],"y":[0.803]},"o":{"x":[0.167],"y":[0.116]},"t":24,"s":[5.539]},{"i":{"x":[0.833],"y":[0.826]},"o":{"x":[0.167],"y":[0.144]},"t":25,"s":[19.825]},{"i":{"x":[0.833],"y":[0.84]},"o":{"x":[0.167],"y":[0.16]},"t":26,"s":[39.359]},{"i":{"x":[0.833],"y":[0.856]},"o":{"x":[0.167],"y":[0.174]},"t":27,"s":[60.641]},{"i":{"x":[0.833],"y":[0.884]},"o":{"x":[0.167],"y":[0.197]},"t":28,"s":[80.175]},{"i":{"x":[0.833],"y":[1.028]},"o":{"x":[0.167],"y":[0.298]},"t":29,"s":[94.461]},{"i":{"x":[0.833],"y":[0.708]},"o":{"x":[0.167],"y":[0.021]},"t":30,"s":[100]},{"i":{"x":[0.833],"y":[0.808]},"o":{"x":[0.167],"y":[0.117]},"t":31,"s":[92.593]},{"i":{"x":[0.833],"y":[0.833]},"o":{"x":[0.167],"y":[0.147]},"t":32,"s":[74.074]},{"i":{"x":[0.833],"y":[0.853]},"o":{"x":[0.167],"y":[0.167]},"t":33,"s":[50]},{"i":{"x":[0.833],"y":[0.883]},"o":{"x":[0.167],"y":[0.192]},"t":34,"s":[25.926]},{"i":{"x":[0.833],"y":[0.979]},"o":{"x":[0.167],"y":[0.292]},"t":35,"s":[7.407]},{"i":{"x":[0.833],"y":[0.702]},"o":{"x":[0.167],"y":[-0.028]},"t":36,"s":[0]},{"i":{"x":[0.833],"y":[0.803]},"o":{"x":[0.167],"y":[0.116]},"t":37,"s":[5.539]},{"i":{"x":[0.833],"y":[0.826]},"o":{"x":[0.167],"y":[0.144]},"t":38,"s":[19.825]},{"i":{"x":[0.833],"y":[0.84]},"o":{"x":[0.167],"y":[0.16]},"t":39,"s":[39.359]},{"i":{"x":[0.833],"y":[0.856]},"o":{"x":[0.167],"y":[0.174]},"t":40,"s":[60.641]},{"i":{"x":[0.833],"y":[0.884]},"o":{"x":[0.167],"y":[0.197]},"t":41,"s":[80.175]},{"i":{"x":[0.833],"y":[1.028]},"o":{"x":[0.167],"y":[0.298]},"t":42,"s":[94.461]},{"i":{"x":[0.833],"y":[0.708]},"o":{"x":[0.167],"y":[0.021]},"t":43,"s":[100]},{"i":{"x":[0.833],"y":[0.808]},"o":{"x":[0.167],"y":[0.117]},"t":44,"s":[92.593]},{"i":{"x":[0.833],"y":[0.833]},"o":{"x":[0.167],"y":[0.147]},"t":45,"s":[74.074]},{"i":{"x":[0.833],"y":[0.853]},"o":{"x":[0.167],"y":[0.167]},"t":46,"s":[50]},{"i":{"x":[0.833],"y":[0.883]},"o":{"x":[0.167],"y":[0.192]},"t":47,"s":[25.926]},{"i":{"x":[0.833],"y":[0.979]},"o":{"x":[0.167],"y":[0.292]},"t":48,"s":[7.407]},{"i":{"x":[0.833],"y":[0.702]},"o":{"x":[0.167],"y":[-0.028]},"t":49,"s":[0]},{"i":{"x":[0.833],"y":[0.803]},"o":{"x":[0.167],"y":[0.116]},"t":50,"s":[5.539]},{"i":{"x":[0.833],"y":[0.826]},"o":{"x":[0.167],"y":[0.144]},"t":51,"s":[19.825]},{"i":{"x":[0.833],"y":[0.84]},"o":{"x":[0.167],"y":[0.16]},"t":52,"s":[39.359]},{"i":{"x":[0.833],"y":[0.856]},"o":{"x":[0.167],"y":[0.174]},"t":53,"s":[60.641]},{"i":{"x":[0.833],"y":[0.884]},"o":{"x":[0.167],"y":[0.197]},"t":54,"s":[80.175]},{"i":{"x":[0.833],"y":[1.028]},"o":{"x":[0.167],"y":[0.298]},"t":55,"s":[94.461]},{"i":{"x":[0.833],"y":[0.708]},"o":{"x":[0.167],"y":[0.021]},"t":56,"s":[100]},{"i":{"x":[0.833],"y":[0.808]},"o":{"x":[0.167],"y":[0.117]},"t":57,"s":[92.593]},{"i":{"x":[0.833],"y":[0.833]},"o":{"x":[0.167],"y":[0.147]},"t":58,"s":[74.074]},{"i":{"x":[0.833],"y":[0.853]},"o":{"x":[0.167],"y":[0.167]},"t":59,"s":[50]},{"i":{"x":[0.833],"y":[0.883]},"o":{"x":[0.167],"y":[0.192]},"t":60,"s":[25.926]},{"i":{"x":[0.833],"y":[0.979]},"o":{"x":[0.167],"y":[0.292]},"t":61,"s":[7.407]},{"i":{"x":[0.833],"y":[0.702]},"o":{"x":[0.167],"y":[-0.028]},"t":62,"s":[0]},{"i":{"x":[0.833],"y":[0.803]},"o":{"x":[0.167],"y":[0.116]},"t":63,"s":[5.539]},{"i":{"x":[0.833],"y":[0.826]},"o":{"x":[0.167],"y":[0.144]},"t":64,"s":[19.825]},{"i":{"x":[0.833],"y":[0.84]},"o":{"x":[0.167],"y":[0.16]},"t":65,"s":[39.359]},{"i":{"x":[0.833],"y":[0.856]},"o":{"x":[0.167],"y":[0.174]},"t":66,"s":[60.641]},{"i":{"x":[0.833],"y":[0.884]},"o":{"x":[0.167],"y":[0.197]},"t":67,"s":[80.175]},{"i":{"x":[0.833],"y":[1.028]},"o":{"x":[0.167],"y":[0.298]},"t":68,"s":[94.461]},{"i":{"x":[0.833],"y":[0.708]},"o":{"x":[0.167],"y":[0.021]},"t":69,"s":[100]},{"i":{"x":[0.833],"y":[0.808]},"o":{"x":[0.167],"y":[0.117]},"t":70,"s":[92.593]},{"i":{"x":[0.833],"y":[0.833]},"o":{"x":[0.167],"y":[0.147]},"t":71,"s":[74.074]},{"i":{"x":[0.833],"y":[0.853]},"o":{"x":[0.167],"y":[0.167]},"t":72,"s":[50]},{"i":{"x":[0.833],"y":[0.883]},"o":{"x":[0.167],"y":[0.192]},"t":73,"s":[25.926]},{"i":{"x":[0.833],"y":[0.979]},"o":{"x":[0.167],"y":[0.292]},"t":74,"s":[7.407]},{"i":{"x":[0.833],"y":[0.702]},"o":{"x":[0.167],"y":[-0.028]},"t":75,"s":[0]},{"i":{"x":[0.833],"y":[0.803]},"o":{"x":[0.167],"y":[0.116]},"t":76,"s":[5.539]},{"i":{"x":[0.833],"y":[0.826]},"o":{"x":[0.167],"y":[0.144]},"t":77,"s":[19.825]},{"i":{"x":[0.833],"y":[0.84]},"o":{"x":[0.167],"y":[0.16]},"t":78,"s":[39.359]},{"i":{"x":[0.833],"y":[0.856]},"o":{"x":[0.167],"y":[0.174]},"t":79,"s":[60.641]},{"i":{"x":[0.833],"y":[0.884]},"o":{"x":[0.167],"y":[0.197]},"t":80,"s":[80.175]},{"i":{"x":[0.833],"y":[1.028]},"o":{"x":[0.167],"y":[0.298]},"t":81,"s":[94.461]},{"i":{"x":[0.833],"y":[0.708]},"o":{"x":[0.167],"y":[0.021]},"t":82,"s":[100]},{"i":{"x":[0.833],"y":[0.808]},"o":{"x":[0.167],"y":[0.117]},"t":83,"s":[92.593]},{"i":{"x":[0.833],"y":[0.833]},"o":{"x":[0.167],"y":[0.147]},"t":84,"s":[74.074]},{"i":{"x":[0.833],"y":[0.853]},"o":{"x":[0.167],"y":[0.167]},"t":85,"s":[50]},{"i":{"x":[0.833],"y":[0.883]},"o":{"x":[0.167],"y":[0.192]},"t":86,"s":[25.926]},{"i":{"x":[0.833],"y":[0.979]},"o":{"x":[0.167],"y":[0.292]},"t":87,"s":[7.407]},{"i":{"x":[0.833],"y":[0.702]},"o":{"x":[0.167],"y":[-0.028]},"t":88,"s":[0]},{"i":{"x":[0.833],"y":[0.803]},"o":{"x":[0.167],"y":[0.116]},"t":89,"s":[5.539]},{"i":{"x":[0.833],"y":[0.826]},"o":{"x":[0.167],"y":[0.144]},"t":90,"s":[19.825]},{"i":{"x":[0.833],"y":[0.84]},"o":{"x":[0.167],"y":[0.16]},"t":91,"s":[39.359]},{"i":{"x":[0.833],"y":[0.856]},"o":{"x":[0.167],"y":[0.174]},"t":92,"s":[60.641]},{"i":{"x":[0.833],"y":[0.884]},"o":{"x":[0.167],"y":[0.197]},"t":93,"s":[80.175]},{"i":{"x":[0.833],"y":[1.028]},"o":{"x":[0.167],"y":[0.298]},"t":94,"s":[94.461]},{"i":{"x":[0.833],"y":[0.708]},"o":{"x":[0.167],"y":[0.021]},"t":95,"s":[100]},{"i":{"x":[0.833],"y":[0.808]},"o":{"x":[0.167],"y":[0.117]},"t":96,"s":[92.593]},{"i":{"x":[0.833],"y":[0.833]},"o":{"x":[0.167],"y":[0.147]},"t":97,"s":[74.074]},{"i":{"x":[0.833],"y":[0.853]},"o":{"x":[0.167],"y":[0.167]},"t":98,"s":[50]},{"i":{"x":[0.833],"y":[0.883]},"o":{"x":[0.167],"y":[0.192]},"t":99,"s":[25.926]},{"i":{"x":[0.833],"y":[0.979]},"o":{"x":[0.167],"y":[0.292]},"t":100,"s":[7.407]},{"i":{"x":[0.833],"y":[0.702]},"o":{"x":[0.167],"y":[-0.028]},"t":101,"s":[0]},{"i":{"x":[0.833],"y":[0.803]},"o":{"x":[0.167],"y":[0.116]},"t":102,"s":[5.539]},{"i":{"x":[0.833],"y":[0.826]},"o":{"x":[0.167],"y":[0.144]},"t":103,"s":[19.825]},{"i":{"x":[0.833],"y":[0.84]},"o":{"x":[0.167],"y":[0.16]},"t":104,"s":[39.359]},{"i":{"x":[0.833],"y":[0.856]},"o":{"x":[0.167],"y":[0.174]},"t":105,"s":[60.641]},{"i":{"x":[0.833],"y":[0.884]},"o":{"x":[0.167],"y":[0.197]},"t":106,"s":[80.175]},{"i":{"x":[0.833],"y":[1.028]},"o":{"x":[0.167],"y":[0.298]},"t":107,"s":[94.461]},{"i":{"x":[0.833],"y":[0.708]},"o":{"x":[0.167],"y":[0.021]},"t":108,"s":[100]},{"i":{"x":[0.833],"y":[0.808]},"o":{"x":[0.167],"y":[0.117]},"t":109,"s":[92.593]},{"i":{"x":[0.833],"y":[0.833]},"o":{"x":[0.167],"y":[0.147]},"t":110,"s":[74.074]},{"i":{"x":[0.833],"y":[0.853]},"o":{"x":[0.167],"y":[0.167]},"t":111,"s":[50]},{"i":{"x":[0.833],"y":[0.883]},"o":{"x":[0.167],"y":[0.192]},"t":112,"s":[25.926]},{"i":{"x":[0.833],"y":[0.979]},"o":{"x":[0.167],"y":[0.292]},"t":113,"s":[7.407]},{"i":{"x":[0.833],"y":[0.702]},"o":{"x":[0.167],"y":[-0.028]},"t":114,"s":[0]},{"i":{"x":[0.833],"y":[0.803]},"o":{"x":[0.167],"y":[0.116]},"t":115,"s":[5.539]},{"i":{"x":[0.833],"y":[0.826]},"o":{"x":[0.167],"y":[0.144]},"t":116,"s":[19.825]},{"i":{"x":[0.833],"y":[0.84]},"o":{"x":[0.167],"y":[0.16]},"t":117,"s":[39.359]},{"i":{"x":[0.833],"y":[0.856]},"o":{"x":[0.167],"y":[0.174]},"t":118,"s":[60.641]},{"i":{"x":[0.833],"y":[0.884]},"o":{"x":[0.167],"y":[0.197]},"t":119,"s":[80.175]},{"i":{"x":[0.833],"y":[1.028]},"o":{"x":[0.167],"y":[0.298]},"t":120,"s":[94.461]},{"i":{"x":[0.833],"y":[0.708]},"o":{"x":[0.167],"y":[0.021]},"t":121,"s":[100]},{"i":{"x":[0.833],"y":[0.808]},"o":{"x":[0.167],"y":[0.117]},"t":122,"s":[92.593]},{"i":{"x":[0.833],"y":[0.833]},"o":{"x":[0.167],"y":[0.147]},"t":123,"s":[74.074]},{"i":{"x":[0.833],"y":[0.853]},"o":{"x":[0.167],"y":[0.167]},"t":124,"s":[50]},{"i":{"x":[0.833],"y":[0.883]},"o":{"x":[0.167],"y":[0.192]},"t":125,"s":[25.926]},{"i":{"x":[0.833],"y":[0.979]},"o":{"x":[0.167],"y":[0.292]},"t":126,"s":[7.407]},{"i":{"x":[0.833],"y":[0.702]},"o":{"x":[0.167],"y":[-0.028]},"t":127,"s":[0]},{"i":{"x":[0.833],"y":[0.803]},"o":{"x":[0.167],"y":[0.116]},"t":128,"s":[5.539]},{"i":{"x":[0.833],"y":[0.826]},"o":{"x":[0.167],"y":[0.144]},"t":129,"s":[19.825]},{"i":{"x":[0.833],"y":[0.84]},"o":{"x":[0.167],"y":[0.16]},"t":130,"s":[39.359]},{"i":{"x":[0.833],"y":[0.856]},"o":{"x":[0.167],"y":[0.174]},"t":131,"s":[60.641]},{"i":{"x":[0.833],"y":[0.884]},"o":{"x":[0.167],"y":[0.197]},"t":132,"s":[80.175]},{"i":{"x":[0.833],"y":[1.028]},"o":{"x":[0.167],"y":[0.298]},"t":133,"s":[94.461]},{"i":{"x":[0.833],"y":[0.708]},"o":{"x":[0.167],"y":[0.021]},"t":134,"s":[100]},{"i":{"x":[0.833],"y":[0.808]},"o":{"x":[0.167],"y":[0.117]},"t":135,"s":[92.593]},{"i":{"x":[0.833],"y":[0.833]},"o":{"x":[0.167],"y":[0.147]},"t":136,"s":[74.074]},{"i":{"x":[0.833],"y":[0.853]},"o":{"x":[0.167],"y":[0.167]},"t":137,"s":[50]},{"i":{"x":[0.833],"y":[0.883]},"o":{"x":[0.167],"y":[0.192]},"t":138,"s":[25.926]},{"i":{"x":[0.833],"y":[0.979]},"o":{"x":[0.167],"y":[0.292]},"t":139,"s":[7.407]},{"i":{"x":[0.833],"y":[0.702]},"o":{"x":[0.167],"y":[-0.028]},"t":140,"s":[0]},{"i":{"x":[0.833],"y":[0.803]},"o":{"x":[0.167],"y":[0.116]},"t":141,"s":[5.539]},{"i":{"x":[0.833],"y":[0.826]},"o":{"x":[0.167],"y":[0.144]},"t":142,"s":[19.825]},{"i":{"x":[0.833],"y":[0.84]},"o":{"x":[0.167],"y":[0.16]},"t":143,"s":[39.359]},{"i":{"x":[0.833],"y":[0.856]},"o":{"x":[0.167],"y":[0.174]},"t":144,"s":[60.641]},{"i":{"x":[0.833],"y":[0.884]},"o":{"x":[0.167],"y":[0.197]},"t":145,"s":[80.175]},{"i":{"x":[0.833],"y":[1.028]},"o":{"x":[0.167],"y":[0.298]},"t":146,"s":[94.461]},{"i":{"x":[0.833],"y":[0.708]},"o":{"x":[0.167],"y":[0.021]},"t":147,"s":[100]},{"i":{"x":[0.833],"y":[0.808]},"o":{"x":[0.167],"y":[0.117]},"t":148,"s":[92.593]},{"i":{"x":[0.833],"y":[0.833]},"o":{"x":[0.167],"y":[0.147]},"t":149,"s":[74.074]},{"i":{"x":[0.833],"y":[0.853]},"o":{"x":[0.167],"y":[0.167]},"t":150,"s":[50]},{"i":{"x":[0.833],"y":[0.883]},"o":{"x":[0.167],"y":[0.192]},"t":151,"s":[25.926]},{"i":{"x":[0.833],"y":[0.979]},"o":{"x":[0.167],"y":[0.292]},"t":152,"s":[7.407]},{"i":{"x":[0.833],"y":[0.702]},"o":{"x":[0.167],"y":[-0.028]},"t":153,"s":[0]},{"i":{"x":[0.833],"y":[0.803]},"o":{"x":[0.167],"y":[0.116]},"t":154,"s":[5.539]},{"i":{"x":[0.833],"y":[0.826]},"o":{"x":[0.167],"y":[0.144]},"t":155,"s":[19.825]},{"i":{"x":[0.833],"y":[0.84]},"o":{"x":[0.167],"y":[0.16]},"t":156,"s":[39.359]},{"i":{"x":[0.833],"y":[0.856]},"o":{"x":[0.167],"y":[0.174]},"t":157,"s":[60.641]},{"i":{"x":[0.833],"y":[0.884]},"o":{"x":[0.167],"y":[0.197]},"t":158,"s":[80.175]},{"i":{"x":[0.833],"y":[1.028]},"o":{"x":[0.167],"y":[0.298]},"t":159,"s":[94.461]},{"i":{"x":[0.833],"y":[0.708]},"o":{"x":[0.167],"y":[0.021]},"t":160,"s":[100]},{"i":{"x":[0.833],"y":[0.808]},"o":{"x":[0.167],"y":[0.117]},"t":161,"s":[92.593]},{"i":{"x":[0.833],"y":[0.833]},"o":{"x":[0.167],"y":[0.147]},"t":162,"s":[74.074]},{"i":{"x":[0.833],"y":[0.853]},"o":{"x":[0.167],"y":[0.167]},"t":163,"s":[50]},{"i":{"x":[0.833],"y":[0.883]},"o":{"x":[0.167],"y":[0.192]},"t":164,"s":[25.926]},{"i":{"x":[0.833],"y":[0.979]},"o":{"x":[0.167],"y":[0.292]},"t":165,"s":[7.407]},{"i":{"x":[0.833],"y":[0.702]},"o":{"x":[0.167],"y":[-0.028]},"t":166,"s":[0]},{"i":{"x":[0.833],"y":[0.803]},"o":{"x":[0.167],"y":[0.116]},"t":167,"s":[5.539]},{"i":{"x":[0.833],"y":[0.826]},"o":{"x":[0.167],"y":[0.144]},"t":168,"s":[19.825]},{"i":{"x":[0.833],"y":[0.84]},"o":{"x":[0.167],"y":[0.16]},"t":169,"s":[39.359]},{"i":{"x":[0.833],"y":[0.856]},"o":{"x":[0.167],"y":[0.174]},"t":170,"s":[60.641]},{"i":{"x":[0.833],"y":[0.884]},"o":{"x":[0.167],"y":[0.197]},"t":171,"s":[80.175]},{"i":{"x":[0.833],"y":[1.028]},"o":{"x":[0.167],"y":[0.298]},"t":172,"s":[94.461]},{"i":{"x":[0.833],"y":[0.708]},"o":{"x":[0.167],"y":[0.021]},"t":173,"s":[100]},{"i":{"x":[0.833],"y":[0.808]},"o":{"x":[0.167],"y":[0.117]},"t":174,"s":[92.593]},{"i":{"x":[0.833],"y":[0.833]},"o":{"x":[0.167],"y":[0.147]},"t":175,"s":[74.074]},{"i":{"x":[0.833],"y":[0.853]},"o":{"x":[0.167],"y":[0.167]},"t":176,"s":[50]},{"i":{"x":[0.833],"y":[0.883]},"o":{"x":[0.167],"y":[0.192]},"t":177,"s":[25.926]},{"i":{"x":[0.833],"y":[0.979]},"o":{"x":[0.167],"y":[0.292]},"t":178,"s":[7.407]},{"i":{"x":[0.833],"y":[0.702]},"o":{"x":[0.167],"y":[-0.028]},"t":179,"s":[0]},{"i":{"x":[0.833],"y":[0.803]},"o":{"x":[0.167],"y":[0.116]},"t":180,"s":[5.539]},{"i":{"x":[0.833],"y":[0.826]},"o":{"x":[0.167],"y":[0.144]},"t":181,"s":[19.825]},{"i":{"x":[0.833],"y":[0.84]},"o":{"x":[0.167],"y":[0.16]},"t":182,"s":[39.359]},{"i":{"x":[0.833],"y":[0.856]},"o":{"x":[0.167],"y":[0.174]},"t":183,"s":[60.641]},{"i":{"x":[0.833],"y":[0.884]},"o":{"x":[0.167],"y":[0.197]},"t":184,"s":[80.175]},{"i":{"x":[0.833],"y":[1.028]},"o":{"x":[0.167],"y":[0.298]},"t":185,"s":[94.461]},{"i":{"x":[0.833],"y":[0.708]},"o":{"x":[0.167],"y":[0.021]},"t":186,"s":[100]},{"i":{"x":[0.833],"y":[0.808]},"o":{"x":[0.167],"y":[0.117]},"t":187,"s":[92.593]},{"i":{"x":[0.833],"y":[0.833]},"o":{"x":[0.167],"y":[0.147]},"t":188,"s":[74.074]},{"i":{"x":[0.833],"y":[0.853]},"o":{"x":[0.167],"y":[0.167]},"t":189,"s":[50]},{"i":{"x":[0.833],"y":[0.883]},"o":{"x":[0.167],"y":[0.192]},"t":190,"s":[25.926]},{"i":{"x":[0.833],"y":[0.979]},"o":{"x":[0.167],"y":[0.292]},"t":191,"s":[7.407]},{"i":{"x":[0.833],"y":[0.702]},"o":{"x":[0.167],"y":[-0.028]},"t":192,"s":[0]},{"i":{"x":[0.833],"y":[0.803]},"o":{"x":[0.167],"y":[0.116]},"t":193,"s":[5.539]},{"i":{"x":[0.833],"y":[0.826]},"o":{"x":[0.167],"y":[0.144]},"t":194,"s":[19.825]},{"i":{"x":[0.833],"y":[0.84]},"o":{"x":[0.167],"y":[0.16]},"t":195,"s":[39.359]},{"i":{"x":[0.833],"y":[0.856]},"o":{"x":[0.167],"y":[0.174]},"t":196,"s":[60.641]},{"i":{"x":[0.833],"y":[0.884]},"o":{"x":[0.167],"y":[0.197]},"t":197,"s":[80.175]},{"i":{"x":[0.833],"y":[1.028]},"o":{"x":[0.167],"y":[0.298]},"t":198,"s":[94.461]},{"i":{"x":[0.833],"y":[0.708]},"o":{"x":[0.167],"y":[0.021]},"t":199,"s":[100]},{"i":{"x":[0.833],"y":[0.808]},"o":{"x":[0.167],"y":[0.117]},"t":200,"s":[92.593]},{"i":{"x":[0.833],"y":[0.833]},"o":{"x":[0.167],"y":[0.147]},"t":201,"s":[74.074]},{"i":{"x":[0.833],"y":[0.853]},"o":{"x":[0.167],"y":[0.167]},"t":202,"s":[50]},{"i":{"x":[0.833],"y":[0.883]},"o":{"x":[0.167],"y":[0.192]},"t":203,"s":[25.926]},{"i":{"x":[0.833],"y":[0.979]},"o":{"x":[0.167],"y":[0.292]},"t":204,"s":[7.407]},{"i":{"x":[0.833],"y":[0.702]},"o":{"x":[0.167],"y":[-0.028]},"t":205,"s":[0]},{"i":{"x":[0.833],"y":[0.803]},"o":{"x":[0.167],"y":[0.116]},"t":206,"s":[5.539]},{"i":{"x":[0.833],"y":[0.826]},"o":{"x":[0.167],"y":[0.144]},"t":207,"s":[19.825]},{"i":{"x":[0.833],"y":[0.84]},"o":{"x":[0.167],"y":[0.16]},"t":208,"s":[39.359]},{"i":{"x":[0.833],"y":[0.856]},"o":{"x":[0.167],"y":[0.174]},"t":209,"s":[60.641]},{"i":{"x":[0.833],"y":[0.884]},"o":{"x":[0.167],"y":[0.197]},"t":210,"s":[80.175]},{"i":{"x":[0.833],"y":[1.028]},"o":{"x":[0.167],"y":[0.298]},"t":211,"s":[94.461]},{"i":{"x":[0.833],"y":[0.708]},"o":{"x":[0.167],"y":[0.021]},"t":212,"s":[100]},{"i":{"x":[0.833],"y":[0.808]},"o":{"x":[0.167],"y":[0.117]},"t":213,"s":[92.593]},{"i":{"x":[0.833],"y":[0.833]},"o":{"x":[0.167],"y":[0.147]},"t":214,"s":[74.074]},{"i":{"x":[0.833],"y":[0.853]},"o":{"x":[0.167],"y":[0.167]},"t":215,"s":[50]},{"i":{"x":[0.833],"y":[0.883]},"o":{"x":[0.167],"y":[0.192]},"t":216,"s":[25.926]},{"i":{"x":[0.833],"y":[0.979]},"o":{"x":[0.167],"y":[0.292]},"t":217,"s":[7.407]},{"i":{"x":[0.833],"y":[0.702]},"o":{"x":[0.167],"y":[-0.028]},"t":218,"s":[0]},{"i":{"x":[0.833],"y":[0.803]},"o":{"x":[0.167],"y":[0.116]},"t":219,"s":[5.539]},{"i":{"x":[0.833],"y":[0.826]},"o":{"x":[0.167],"y":[0.144]},"t":220,"s":[19.825]},{"i":{"x":[0.833],"y":[0.84]},"o":{"x":[0.167],"y":[0.16]},"t":221,"s":[39.359]},{"i":{"x":[0.833],"y":[0.856]},"o":{"x":[0.167],"y":[0.174]},"t":222,"s":[60.641]},{"i":{"x":[0.833],"y":[0.884]},"o":{"x":[0.167],"y":[0.197]},"t":223,"s":[80.175]},{"i":{"x":[0.833],"y":[1.028]},"o":{"x":[0.167],"y":[0.298]},"t":224,"s":[94.461]},{"i":{"x":[0.833],"y":[0.708]},"o":{"x":[0.167],"y":[0.021]},"t":225,"s":[100]},{"i":{"x":[0.833],"y":[0.808]},"o":{"x":[0.167],"y":[0.117]},"t":226,"s":[92.593]},{"i":{"x":[0.833],"y":[0.833]},"o":{"x":[0.167],"y":[0.147]},"t":227,"s":[74.074]},{"i":{"x":[0.833],"y":[0.853]},"o":{"x":[0.167],"y":[0.167]},"t":228,"s":[50]},{"i":{"x":[0.833],"y":[0.883]},"o":{"x":[0.167],"y":[0.192]},"t":229,"s":[25.926]},{"i":{"x":[0.833],"y":[0.979]},"o":{"x":[0.167],"y":[0.292]},"t":230,"s":[7.407]},{"i":{"x":[0.833],"y":[0.702]},"o":{"x":[0.167],"y":[-0.028]},"t":231,"s":[0]},{"i":{"x":[0.833],"y":[0.803]},"o":{"x":[0.167],"y":[0.116]},"t":232,"s":[5.539]},{"i":{"x":[0.833],"y":[0.826]},"o":{"x":[0.167],"y":[0.144]},"t":233,"s":[19.825]},{"i":{"x":[0.833],"y":[0.84]},"o":{"x":[0.167],"y":[0.16]},"t":234,"s":[39.359]},{"i":{"x":[0.833],"y":[0.856]},"o":{"x":[0.167],"y":[0.174]},"t":235,"s":[60.641]},{"i":{"x":[0.833],"y":[0.884]},"o":{"x":[0.167],"y":[0.197]},"t":236,"s":[80.175]},{"i":{"x":[0.833],"y":[1.028]},"o":{"x":[0.167],"y":[0.298]},"t":237,"s":[94.461]},{"i":{"x":[0.833],"y":[0.708]},"o":{"x":[0.167],"y":[0.021]},"t":238,"s":[100]},{"i":{"x":[0.833],"y":[0.808]},"o":{"x":[0.167],"y":[0.117]},"t":239,"s":[92.593]},{"i":{"x":[0.833],"y":[0.833]},"o":{"x":[0.167],"y":[0.147]},"t":240,"s":[74.074]},{"i":{"x":[0.833],"y":[0.853]},"o":{"x":[0.167],"y":[0.167]},"t":241,"s":[50]},{"i":{"x":[0.833],"y":[0.883]},"o":{"x":[0.167],"y":[0.192]},"t":242,"s":[25.926]},{"i":{"x":[0.833],"y":[0.979]},"o":{"x":[0.167],"y":[0.292]},"t":243,"s":[7.407]},{"i":{"x":[0.833],"y":[0.702]},"o":{"x":[0.167],"y":[-0.028]},"t":244,"s":[0]},{"i":{"x":[0.833],"y":[0.803]},"o":{"x":[0.167],"y":[0.116]},"t":245,"s":[5.539]},{"i":{"x":[0.833],"y":[0.826]},"o":{"x":[0.167],"y":[0.144]},"t":246,"s":[19.825]},{"i":{"x":[0.833],"y":[0.84]},"o":{"x":[0.167],"y":[0.16]},"t":247,"s":[39.359]},{"i":{"x":[0.833],"y":[0.856]},"o":{"x":[0.167],"y":[0.174]},"t":248,"s":[60.641]},{"i":{"x":[0.833],"y":[0.884]},"o":{"x":[0.167],"y":[0.197]},"t":249,"s":[80.175]},{"i":{"x":[0.833],"y":[0.833]},"o":{"x":[0.167],"y":[0.298]},"t":250,"s":[94.461]},{"t":251,"s":[100]}],"ix":11},"r":{"a":0,"k":0,"ix":10},"p":{"a":0,"k":[133.5,14.5,0],"ix":2,"l":2},"a":{"a":0,"k":[8.5,11.5,0],"ix":1,"l":2},"s":{"a":0,"k":[100,100,100],"ix":6,"l":2}},"ao":0,"ip":2,"op":252,"st":2,"bm":0},{"ddd":0,"ind":9,"ty":2,"nm":"x1","refId":"image_5","sr":1,"ks":{"o":{"a":1,"k":[{"i":{"x":[0.833],"y":[1.617]},"o":{"x":[0.167],"y":[0]},"t":0,"s":[100]},{"i":{"x":[0.833],"y":[0.708]},"o":{"x":[0.167],"y":[0.083]},"t":1,"s":[100]},{"i":{"x":[0.833],"y":[0.808]},"o":{"x":[0.167],"y":[0.117]},"t":2,"s":[92.593]},{"i":{"x":[0.833],"y":[0.833]},"o":{"x":[0.167],"y":[0.147]},"t":3,"s":[74.074]},{"i":{"x":[0.833],"y":[0.853]},"o":{"x":[0.167],"y":[0.167]},"t":4,"s":[50]},{"i":{"x":[0.833],"y":[0.883]},"o":{"x":[0.167],"y":[0.192]},"t":5,"s":[25.926]},{"i":{"x":[0.833],"y":[1]},"o":{"x":[0.167],"y":[0.292]},"t":6,"s":[7.407]},{"i":{"x":[0.833],"y":[0.708]},"o":{"x":[0.167],"y":[0]},"t":7,"s":[0]},{"i":{"x":[0.833],"y":[0.808]},"o":{"x":[0.167],"y":[0.117]},"t":8,"s":[7.407]},{"i":{"x":[0.833],"y":[0.833]},"o":{"x":[0.167],"y":[0.147]},"t":9,"s":[25.926]},{"i":{"x":[0.833],"y":[0.853]},"o":{"x":[0.167],"y":[0.167]},"t":10,"s":[50]},{"i":{"x":[0.833],"y":[0.883]},"o":{"x":[0.167],"y":[0.192]},"t":11,"s":[74.074]},{"i":{"x":[0.833],"y":[1]},"o":{"x":[0.167],"y":[0.292]},"t":12,"s":[92.593]},{"i":{"x":[0.833],"y":[0.708]},"o":{"x":[0.167],"y":[0]},"t":13,"s":[100]},{"i":{"x":[0.833],"y":[0.808]},"o":{"x":[0.167],"y":[0.117]},"t":14,"s":[92.593]},{"i":{"x":[0.833],"y":[0.833]},"o":{"x":[0.167],"y":[0.147]},"t":15,"s":[74.074]},{"i":{"x":[0.833],"y":[0.853]},"o":{"x":[0.167],"y":[0.167]},"t":16,"s":[50]},{"i":{"x":[0.833],"y":[0.883]},"o":{"x":[0.167],"y":[0.192]},"t":17,"s":[25.926]},{"i":{"x":[0.833],"y":[1]},"o":{"x":[0.167],"y":[0.292]},"t":18,"s":[7.407]},{"i":{"x":[0.833],"y":[0.708]},"o":{"x":[0.167],"y":[0]},"t":19,"s":[0]},{"i":{"x":[0.833],"y":[0.808]},"o":{"x":[0.167],"y":[0.117]},"t":20,"s":[7.407]},{"i":{"x":[0.833],"y":[0.833]},"o":{"x":[0.167],"y":[0.147]},"t":21,"s":[25.926]},{"i":{"x":[0.833],"y":[0.853]},"o":{"x":[0.167],"y":[0.167]},"t":22,"s":[50]},{"i":{"x":[0.833],"y":[0.883]},"o":{"x":[0.167],"y":[0.192]},"t":23,"s":[74.074]},{"i":{"x":[0.833],"y":[1]},"o":{"x":[0.167],"y":[0.292]},"t":24,"s":[92.593]},{"i":{"x":[0.833],"y":[0.708]},"o":{"x":[0.167],"y":[0]},"t":25,"s":[100]},{"i":{"x":[0.833],"y":[0.808]},"o":{"x":[0.167],"y":[0.117]},"t":26,"s":[92.593]},{"i":{"x":[0.833],"y":[0.833]},"o":{"x":[0.167],"y":[0.147]},"t":27,"s":[74.074]},{"i":{"x":[0.833],"y":[0.853]},"o":{"x":[0.167],"y":[0.167]},"t":28,"s":[50]},{"i":{"x":[0.833],"y":[0.883]},"o":{"x":[0.167],"y":[0.192]},"t":29,"s":[25.926]},{"i":{"x":[0.833],"y":[1]},"o":{"x":[0.167],"y":[0.292]},"t":30,"s":[7.407]},{"i":{"x":[0.833],"y":[0.708]},"o":{"x":[0.167],"y":[0]},"t":31,"s":[0]},{"i":{"x":[0.833],"y":[0.808]},"o":{"x":[0.167],"y":[0.117]},"t":32,"s":[7.407]},{"i":{"x":[0.833],"y":[0.833]},"o":{"x":[0.167],"y":[0.147]},"t":33,"s":[25.926]},{"i":{"x":[0.833],"y":[0.853]},"o":{"x":[0.167],"y":[0.167]},"t":34,"s":[50]},{"i":{"x":[0.833],"y":[0.883]},"o":{"x":[0.167],"y":[0.192]},"t":35,"s":[74.074]},{"i":{"x":[0.833],"y":[1]},"o":{"x":[0.167],"y":[0.292]},"t":36,"s":[92.593]},{"i":{"x":[0.833],"y":[0.708]},"o":{"x":[0.167],"y":[0]},"t":37,"s":[100]},{"i":{"x":[0.833],"y":[0.808]},"o":{"x":[0.167],"y":[0.117]},"t":38,"s":[92.593]},{"i":{"x":[0.833],"y":[0.833]},"o":{"x":[0.167],"y":[0.147]},"t":39,"s":[74.074]},{"i":{"x":[0.833],"y":[0.853]},"o":{"x":[0.167],"y":[0.167]},"t":40,"s":[50]},{"i":{"x":[0.833],"y":[0.883]},"o":{"x":[0.167],"y":[0.192]},"t":41,"s":[25.926]},{"i":{"x":[0.833],"y":[1]},"o":{"x":[0.167],"y":[0.292]},"t":42,"s":[7.407]},{"i":{"x":[0.833],"y":[0.708]},"o":{"x":[0.167],"y":[0]},"t":43,"s":[0]},{"i":{"x":[0.833],"y":[0.808]},"o":{"x":[0.167],"y":[0.117]},"t":44,"s":[7.407]},{"i":{"x":[0.833],"y":[0.833]},"o":{"x":[0.167],"y":[0.147]},"t":45,"s":[25.926]},{"i":{"x":[0.833],"y":[0.853]},"o":{"x":[0.167],"y":[0.167]},"t":46,"s":[50]},{"i":{"x":[0.833],"y":[0.883]},"o":{"x":[0.167],"y":[0.192]},"t":47,"s":[74.074]},{"i":{"x":[0.833],"y":[1]},"o":{"x":[0.167],"y":[0.292]},"t":48,"s":[92.593]},{"i":{"x":[0.833],"y":[0.708]},"o":{"x":[0.167],"y":[0]},"t":49,"s":[100]},{"i":{"x":[0.833],"y":[0.808]},"o":{"x":[0.167],"y":[0.117]},"t":50,"s":[92.593]},{"i":{"x":[0.833],"y":[0.833]},"o":{"x":[0.167],"y":[0.147]},"t":51,"s":[74.074]},{"i":{"x":[0.833],"y":[0.853]},"o":{"x":[0.167],"y":[0.167]},"t":52,"s":[50]},{"i":{"x":[0.833],"y":[0.883]},"o":{"x":[0.167],"y":[0.192]},"t":53,"s":[25.926]},{"i":{"x":[0.833],"y":[1]},"o":{"x":[0.167],"y":[0.292]},"t":54,"s":[7.407]},{"i":{"x":[0.833],"y":[0.708]},"o":{"x":[0.167],"y":[0]},"t":55,"s":[0]},{"i":{"x":[0.833],"y":[0.808]},"o":{"x":[0.167],"y":[0.117]},"t":56,"s":[7.407]},{"i":{"x":[0.833],"y":[0.833]},"o":{"x":[0.167],"y":[0.147]},"t":57,"s":[25.926]},{"i":{"x":[0.833],"y":[0.853]},"o":{"x":[0.167],"y":[0.167]},"t":58,"s":[50]},{"i":{"x":[0.833],"y":[0.883]},"o":{"x":[0.167],"y":[0.192]},"t":59,"s":[74.074]},{"i":{"x":[0.833],"y":[1]},"o":{"x":[0.167],"y":[0.292]},"t":60,"s":[92.593]},{"i":{"x":[0.833],"y":[0.708]},"o":{"x":[0.167],"y":[0]},"t":61,"s":[100]},{"i":{"x":[0.833],"y":[0.808]},"o":{"x":[0.167],"y":[0.117]},"t":62,"s":[92.593]},{"i":{"x":[0.833],"y":[0.833]},"o":{"x":[0.167],"y":[0.147]},"t":63,"s":[74.074]},{"i":{"x":[0.833],"y":[0.853]},"o":{"x":[0.167],"y":[0.167]},"t":64,"s":[50]},{"i":{"x":[0.833],"y":[0.883]},"o":{"x":[0.167],"y":[0.192]},"t":65,"s":[25.926]},{"i":{"x":[0.833],"y":[1]},"o":{"x":[0.167],"y":[0.292]},"t":66,"s":[7.407]},{"i":{"x":[0.833],"y":[0.708]},"o":{"x":[0.167],"y":[0]},"t":67,"s":[0]},{"i":{"x":[0.833],"y":[0.808]},"o":{"x":[0.167],"y":[0.117]},"t":68,"s":[7.407]},{"i":{"x":[0.833],"y":[0.833]},"o":{"x":[0.167],"y":[0.147]},"t":69,"s":[25.926]},{"i":{"x":[0.833],"y":[0.853]},"o":{"x":[0.167],"y":[0.167]},"t":70,"s":[50]},{"i":{"x":[0.833],"y":[0.883]},"o":{"x":[0.167],"y":[0.192]},"t":71,"s":[74.074]},{"i":{"x":[0.833],"y":[1]},"o":{"x":[0.167],"y":[0.292]},"t":72,"s":[92.593]},{"i":{"x":[0.833],"y":[0.708]},"o":{"x":[0.167],"y":[0]},"t":73,"s":[100]},{"i":{"x":[0.833],"y":[0.808]},"o":{"x":[0.167],"y":[0.117]},"t":74,"s":[92.593]},{"i":{"x":[0.833],"y":[0.833]},"o":{"x":[0.167],"y":[0.147]},"t":75,"s":[74.074]},{"i":{"x":[0.833],"y":[0.853]},"o":{"x":[0.167],"y":[0.167]},"t":76,"s":[50]},{"i":{"x":[0.833],"y":[0.883]},"o":{"x":[0.167],"y":[0.192]},"t":77,"s":[25.926]},{"i":{"x":[0.833],"y":[1]},"o":{"x":[0.167],"y":[0.292]},"t":78,"s":[7.407]},{"i":{"x":[0.833],"y":[0.708]},"o":{"x":[0.167],"y":[0]},"t":79,"s":[0]},{"i":{"x":[0.833],"y":[0.808]},"o":{"x":[0.167],"y":[0.117]},"t":80,"s":[7.407]},{"i":{"x":[0.833],"y":[0.833]},"o":{"x":[0.167],"y":[0.147]},"t":81,"s":[25.926]},{"i":{"x":[0.833],"y":[0.853]},"o":{"x":[0.167],"y":[0.167]},"t":82,"s":[50]},{"i":{"x":[0.833],"y":[0.883]},"o":{"x":[0.167],"y":[0.192]},"t":83,"s":[74.074]},{"i":{"x":[0.833],"y":[1]},"o":{"x":[0.167],"y":[0.292]},"t":84,"s":[92.593]},{"i":{"x":[0.833],"y":[0.708]},"o":{"x":[0.167],"y":[0]},"t":85,"s":[100]},{"i":{"x":[0.833],"y":[0.808]},"o":{"x":[0.167],"y":[0.117]},"t":86,"s":[92.593]},{"i":{"x":[0.833],"y":[0.833]},"o":{"x":[0.167],"y":[0.147]},"t":87,"s":[74.074]},{"i":{"x":[0.833],"y":[0.853]},"o":{"x":[0.167],"y":[0.167]},"t":88,"s":[50]},{"i":{"x":[0.833],"y":[0.883]},"o":{"x":[0.167],"y":[0.192]},"t":89,"s":[25.926]},{"i":{"x":[0.833],"y":[1]},"o":{"x":[0.167],"y":[0.292]},"t":90,"s":[7.407]},{"i":{"x":[0.833],"y":[0.708]},"o":{"x":[0.167],"y":[0]},"t":91,"s":[0]},{"i":{"x":[0.833],"y":[0.808]},"o":{"x":[0.167],"y":[0.117]},"t":92,"s":[7.407]},{"i":{"x":[0.833],"y":[0.833]},"o":{"x":[0.167],"y":[0.147]},"t":93,"s":[25.926]},{"i":{"x":[0.833],"y":[0.853]},"o":{"x":[0.167],"y":[0.167]},"t":94,"s":[50]},{"i":{"x":[0.833],"y":[0.883]},"o":{"x":[0.167],"y":[0.192]},"t":95,"s":[74.074]},{"i":{"x":[0.833],"y":[1]},"o":{"x":[0.167],"y":[0.292]},"t":96,"s":[92.593]},{"i":{"x":[0.833],"y":[0.708]},"o":{"x":[0.167],"y":[0]},"t":97,"s":[100]},{"i":{"x":[0.833],"y":[0.808]},"o":{"x":[0.167],"y":[0.117]},"t":98,"s":[92.593]},{"i":{"x":[0.833],"y":[0.833]},"o":{"x":[0.167],"y":[0.147]},"t":99,"s":[74.074]},{"i":{"x":[0.833],"y":[0.853]},"o":{"x":[0.167],"y":[0.167]},"t":100,"s":[50]},{"i":{"x":[0.833],"y":[0.883]},"o":{"x":[0.167],"y":[0.192]},"t":101,"s":[25.926]},{"i":{"x":[0.833],"y":[1]},"o":{"x":[0.167],"y":[0.292]},"t":102,"s":[7.407]},{"i":{"x":[0.833],"y":[0.708]},"o":{"x":[0.167],"y":[0]},"t":103,"s":[0]},{"i":{"x":[0.833],"y":[0.808]},"o":{"x":[0.167],"y":[0.117]},"t":104,"s":[7.407]},{"i":{"x":[0.833],"y":[0.833]},"o":{"x":[0.167],"y":[0.147]},"t":105,"s":[25.926]},{"i":{"x":[0.833],"y":[0.853]},"o":{"x":[0.167],"y":[0.167]},"t":106,"s":[50]},{"i":{"x":[0.833],"y":[0.883]},"o":{"x":[0.167],"y":[0.192]},"t":107,"s":[74.074]},{"i":{"x":[0.833],"y":[1]},"o":{"x":[0.167],"y":[0.292]},"t":108,"s":[92.593]},{"i":{"x":[0.833],"y":[0.708]},"o":{"x":[0.167],"y":[0]},"t":109,"s":[100]},{"i":{"x":[0.833],"y":[0.808]},"o":{"x":[0.167],"y":[0.117]},"t":110,"s":[92.593]},{"i":{"x":[0.833],"y":[0.833]},"o":{"x":[0.167],"y":[0.147]},"t":111,"s":[74.074]},{"i":{"x":[0.833],"y":[0.853]},"o":{"x":[0.167],"y":[0.167]},"t":112,"s":[50]},{"i":{"x":[0.833],"y":[0.883]},"o":{"x":[0.167],"y":[0.192]},"t":113,"s":[25.926]},{"i":{"x":[0.833],"y":[1]},"o":{"x":[0.167],"y":[0.292]},"t":114,"s":[7.407]},{"i":{"x":[0.833],"y":[0.708]},"o":{"x":[0.167],"y":[0]},"t":115,"s":[0]},{"i":{"x":[0.833],"y":[0.808]},"o":{"x":[0.167],"y":[0.117]},"t":116,"s":[7.407]},{"i":{"x":[0.833],"y":[0.833]},"o":{"x":[0.167],"y":[0.147]},"t":117,"s":[25.926]},{"i":{"x":[0.833],"y":[0.853]},"o":{"x":[0.167],"y":[0.167]},"t":118,"s":[50]},{"i":{"x":[0.833],"y":[0.883]},"o":{"x":[0.167],"y":[0.192]},"t":119,"s":[74.074]},{"i":{"x":[0.833],"y":[1]},"o":{"x":[0.167],"y":[0.292]},"t":120,"s":[92.593]},{"i":{"x":[0.833],"y":[0.708]},"o":{"x":[0.167],"y":[0]},"t":121,"s":[100]},{"i":{"x":[0.833],"y":[0.808]},"o":{"x":[0.167],"y":[0.117]},"t":122,"s":[92.593]},{"i":{"x":[0.833],"y":[0.833]},"o":{"x":[0.167],"y":[0.147]},"t":123,"s":[74.074]},{"i":{"x":[0.833],"y":[0.853]},"o":{"x":[0.167],"y":[0.167]},"t":124,"s":[50]},{"i":{"x":[0.833],"y":[0.883]},"o":{"x":[0.167],"y":[0.192]},"t":125,"s":[25.926]},{"i":{"x":[0.833],"y":[1]},"o":{"x":[0.167],"y":[0.292]},"t":126,"s":[7.407]},{"i":{"x":[0.833],"y":[0.708]},"o":{"x":[0.167],"y":[0]},"t":127,"s":[0]},{"i":{"x":[0.833],"y":[0.808]},"o":{"x":[0.167],"y":[0.117]},"t":128,"s":[7.407]},{"i":{"x":[0.833],"y":[0.833]},"o":{"x":[0.167],"y":[0.147]},"t":129,"s":[25.926]},{"i":{"x":[0.833],"y":[0.853]},"o":{"x":[0.167],"y":[0.167]},"t":130,"s":[50]},{"i":{"x":[0.833],"y":[0.883]},"o":{"x":[0.167],"y":[0.192]},"t":131,"s":[74.074]},{"i":{"x":[0.833],"y":[1]},"o":{"x":[0.167],"y":[0.292]},"t":132,"s":[92.593]},{"i":{"x":[0.833],"y":[0.708]},"o":{"x":[0.167],"y":[0]},"t":133,"s":[100]},{"i":{"x":[0.833],"y":[0.808]},"o":{"x":[0.167],"y":[0.117]},"t":134,"s":[92.593]},{"i":{"x":[0.833],"y":[0.833]},"o":{"x":[0.167],"y":[0.147]},"t":135,"s":[74.074]},{"i":{"x":[0.833],"y":[0.853]},"o":{"x":[0.167],"y":[0.167]},"t":136,"s":[50]},{"i":{"x":[0.833],"y":[0.883]},"o":{"x":[0.167],"y":[0.192]},"t":137,"s":[25.926]},{"i":{"x":[0.833],"y":[1]},"o":{"x":[0.167],"y":[0.292]},"t":138,"s":[7.407]},{"i":{"x":[0.833],"y":[0.708]},"o":{"x":[0.167],"y":[0]},"t":139,"s":[0]},{"i":{"x":[0.833],"y":[0.808]},"o":{"x":[0.167],"y":[0.117]},"t":140,"s":[7.407]},{"i":{"x":[0.833],"y":[0.833]},"o":{"x":[0.167],"y":[0.147]},"t":141,"s":[25.926]},{"i":{"x":[0.833],"y":[0.853]},"o":{"x":[0.167],"y":[0.167]},"t":142,"s":[50]},{"i":{"x":[0.833],"y":[0.883]},"o":{"x":[0.167],"y":[0.192]},"t":143,"s":[74.074]},{"i":{"x":[0.833],"y":[1]},"o":{"x":[0.167],"y":[0.292]},"t":144,"s":[92.593]},{"i":{"x":[0.833],"y":[0.708]},"o":{"x":[0.167],"y":[0]},"t":145,"s":[100]},{"i":{"x":[0.833],"y":[0.808]},"o":{"x":[0.167],"y":[0.117]},"t":146,"s":[92.593]},{"i":{"x":[0.833],"y":[0.833]},"o":{"x":[0.167],"y":[0.147]},"t":147,"s":[74.074]},{"i":{"x":[0.833],"y":[0.853]},"o":{"x":[0.167],"y":[0.167]},"t":148,"s":[50]},{"i":{"x":[0.833],"y":[0.883]},"o":{"x":[0.167],"y":[0.192]},"t":149,"s":[25.926]},{"i":{"x":[0.833],"y":[1]},"o":{"x":[0.167],"y":[0.292]},"t":150,"s":[7.407]},{"i":{"x":[0.833],"y":[0.708]},"o":{"x":[0.167],"y":[0]},"t":151,"s":[0]},{"i":{"x":[0.833],"y":[0.808]},"o":{"x":[0.167],"y":[0.117]},"t":152,"s":[7.407]},{"i":{"x":[0.833],"y":[0.833]},"o":{"x":[0.167],"y":[0.147]},"t":153,"s":[25.926]},{"i":{"x":[0.833],"y":[0.853]},"o":{"x":[0.167],"y":[0.167]},"t":154,"s":[50]},{"i":{"x":[0.833],"y":[0.883]},"o":{"x":[0.167],"y":[0.192]},"t":155,"s":[74.074]},{"i":{"x":[0.833],"y":[1]},"o":{"x":[0.167],"y":[0.292]},"t":156,"s":[92.593]},{"i":{"x":[0.833],"y":[0.708]},"o":{"x":[0.167],"y":[0]},"t":157,"s":[100]},{"i":{"x":[0.833],"y":[0.808]},"o":{"x":[0.167],"y":[0.117]},"t":158,"s":[92.593]},{"i":{"x":[0.833],"y":[0.833]},"o":{"x":[0.167],"y":[0.147]},"t":159,"s":[74.074]},{"i":{"x":[0.833],"y":[0.853]},"o":{"x":[0.167],"y":[0.167]},"t":160,"s":[50]},{"i":{"x":[0.833],"y":[0.883]},"o":{"x":[0.167],"y":[0.192]},"t":161,"s":[25.926]},{"i":{"x":[0.833],"y":[1]},"o":{"x":[0.167],"y":[0.292]},"t":162,"s":[7.407]},{"i":{"x":[0.833],"y":[0.708]},"o":{"x":[0.167],"y":[0]},"t":163,"s":[0]},{"i":{"x":[0.833],"y":[0.808]},"o":{"x":[0.167],"y":[0.117]},"t":164,"s":[7.407]},{"i":{"x":[0.833],"y":[0.833]},"o":{"x":[0.167],"y":[0.147]},"t":165,"s":[25.926]},{"i":{"x":[0.833],"y":[0.853]},"o":{"x":[0.167],"y":[0.167]},"t":166,"s":[50]},{"i":{"x":[0.833],"y":[0.883]},"o":{"x":[0.167],"y":[0.192]},"t":167,"s":[74.074]},{"i":{"x":[0.833],"y":[1]},"o":{"x":[0.167],"y":[0.292]},"t":168,"s":[92.593]},{"i":{"x":[0.833],"y":[0.708]},"o":{"x":[0.167],"y":[0]},"t":169,"s":[100]},{"i":{"x":[0.833],"y":[0.808]},"o":{"x":[0.167],"y":[0.117]},"t":170,"s":[92.593]},{"i":{"x":[0.833],"y":[0.833]},"o":{"x":[0.167],"y":[0.147]},"t":171,"s":[74.074]},{"i":{"x":[0.833],"y":[0.853]},"o":{"x":[0.167],"y":[0.167]},"t":172,"s":[50]},{"i":{"x":[0.833],"y":[0.883]},"o":{"x":[0.167],"y":[0.192]},"t":173,"s":[25.926]},{"i":{"x":[0.833],"y":[1]},"o":{"x":[0.167],"y":[0.292]},"t":174,"s":[7.407]},{"i":{"x":[0.833],"y":[0.708]},"o":{"x":[0.167],"y":[0]},"t":175,"s":[0]},{"i":{"x":[0.833],"y":[0.808]},"o":{"x":[0.167],"y":[0.117]},"t":176,"s":[7.407]},{"i":{"x":[0.833],"y":[0.833]},"o":{"x":[0.167],"y":[0.147]},"t":177,"s":[25.926]},{"i":{"x":[0.833],"y":[0.853]},"o":{"x":[0.167],"y":[0.167]},"t":178,"s":[50]},{"i":{"x":[0.833],"y":[0.883]},"o":{"x":[0.167],"y":[0.192]},"t":179,"s":[74.074]},{"i":{"x":[0.833],"y":[1]},"o":{"x":[0.167],"y":[0.292]},"t":180,"s":[92.593]},{"i":{"x":[0.833],"y":[0.708]},"o":{"x":[0.167],"y":[0]},"t":181,"s":[100]},{"i":{"x":[0.833],"y":[0.808]},"o":{"x":[0.167],"y":[0.117]},"t":182,"s":[92.593]},{"i":{"x":[0.833],"y":[0.833]},"o":{"x":[0.167],"y":[0.147]},"t":183,"s":[74.074]},{"i":{"x":[0.833],"y":[0.853]},"o":{"x":[0.167],"y":[0.167]},"t":184,"s":[50]},{"i":{"x":[0.833],"y":[0.883]},"o":{"x":[0.167],"y":[0.192]},"t":185,"s":[25.926]},{"i":{"x":[0.833],"y":[1]},"o":{"x":[0.167],"y":[0.292]},"t":186,"s":[7.407]},{"i":{"x":[0.833],"y":[0.708]},"o":{"x":[0.167],"y":[0]},"t":187,"s":[0]},{"i":{"x":[0.833],"y":[0.808]},"o":{"x":[0.167],"y":[0.117]},"t":188,"s":[7.407]},{"i":{"x":[0.833],"y":[0.833]},"o":{"x":[0.167],"y":[0.147]},"t":189,"s":[25.926]},{"i":{"x":[0.833],"y":[0.853]},"o":{"x":[0.167],"y":[0.167]},"t":190,"s":[50]},{"i":{"x":[0.833],"y":[0.883]},"o":{"x":[0.167],"y":[0.192]},"t":191,"s":[74.074]},{"i":{"x":[0.833],"y":[1]},"o":{"x":[0.167],"y":[0.292]},"t":192,"s":[92.593]},{"i":{"x":[0.833],"y":[0.708]},"o":{"x":[0.167],"y":[0]},"t":193,"s":[100]},{"i":{"x":[0.833],"y":[0.808]},"o":{"x":[0.167],"y":[0.117]},"t":194,"s":[92.593]},{"i":{"x":[0.833],"y":[0.833]},"o":{"x":[0.167],"y":[0.147]},"t":195,"s":[74.074]},{"i":{"x":[0.833],"y":[0.853]},"o":{"x":[0.167],"y":[0.167]},"t":196,"s":[50]},{"i":{"x":[0.833],"y":[0.883]},"o":{"x":[0.167],"y":[0.192]},"t":197,"s":[25.926]},{"i":{"x":[0.833],"y":[1]},"o":{"x":[0.167],"y":[0.292]},"t":198,"s":[7.407]},{"i":{"x":[0.833],"y":[0.708]},"o":{"x":[0.167],"y":[0]},"t":199,"s":[0]},{"i":{"x":[0.833],"y":[0.808]},"o":{"x":[0.167],"y":[0.117]},"t":200,"s":[7.407]},{"i":{"x":[0.833],"y":[0.833]},"o":{"x":[0.167],"y":[0.147]},"t":201,"s":[25.926]},{"i":{"x":[0.833],"y":[0.853]},"o":{"x":[0.167],"y":[0.167]},"t":202,"s":[50]},{"i":{"x":[0.833],"y":[0.883]},"o":{"x":[0.167],"y":[0.192]},"t":203,"s":[74.074]},{"i":{"x":[0.833],"y":[1]},"o":{"x":[0.167],"y":[0.292]},"t":204,"s":[92.593]},{"i":{"x":[0.833],"y":[0.708]},"o":{"x":[0.167],"y":[0]},"t":205,"s":[100]},{"i":{"x":[0.833],"y":[0.808]},"o":{"x":[0.167],"y":[0.117]},"t":206,"s":[92.593]},{"i":{"x":[0.833],"y":[0.833]},"o":{"x":[0.167],"y":[0.147]},"t":207,"s":[74.074]},{"i":{"x":[0.833],"y":[0.853]},"o":{"x":[0.167],"y":[0.167]},"t":208,"s":[50]},{"i":{"x":[0.833],"y":[0.883]},"o":{"x":[0.167],"y":[0.192]},"t":209,"s":[25.926]},{"i":{"x":[0.833],"y":[1]},"o":{"x":[0.167],"y":[0.292]},"t":210,"s":[7.407]},{"i":{"x":[0.833],"y":[0.708]},"o":{"x":[0.167],"y":[0]},"t":211,"s":[0]},{"i":{"x":[0.833],"y":[0.808]},"o":{"x":[0.167],"y":[0.117]},"t":212,"s":[7.407]},{"i":{"x":[0.833],"y":[0.833]},"o":{"x":[0.167],"y":[0.147]},"t":213,"s":[25.926]},{"i":{"x":[0.833],"y":[0.853]},"o":{"x":[0.167],"y":[0.167]},"t":214,"s":[50]},{"i":{"x":[0.833],"y":[0.883]},"o":{"x":[0.167],"y":[0.192]},"t":215,"s":[74.074]},{"i":{"x":[0.833],"y":[1]},"o":{"x":[0.167],"y":[0.292]},"t":216,"s":[92.593]},{"i":{"x":[0.833],"y":[0.708]},"o":{"x":[0.167],"y":[0]},"t":217,"s":[100]},{"i":{"x":[0.833],"y":[0.808]},"o":{"x":[0.167],"y":[0.117]},"t":218,"s":[92.593]},{"i":{"x":[0.833],"y":[0.833]},"o":{"x":[0.167],"y":[0.147]},"t":219,"s":[74.074]},{"i":{"x":[0.833],"y":[0.853]},"o":{"x":[0.167],"y":[0.167]},"t":220,"s":[50]},{"i":{"x":[0.833],"y":[0.883]},"o":{"x":[0.167],"y":[0.192]},"t":221,"s":[25.926]},{"i":{"x":[0.833],"y":[1]},"o":{"x":[0.167],"y":[0.292]},"t":222,"s":[7.407]},{"i":{"x":[0.833],"y":[0.708]},"o":{"x":[0.167],"y":[0]},"t":223,"s":[0]},{"i":{"x":[0.833],"y":[0.808]},"o":{"x":[0.167],"y":[0.117]},"t":224,"s":[7.407]},{"i":{"x":[0.833],"y":[0.833]},"o":{"x":[0.167],"y":[0.147]},"t":225,"s":[25.926]},{"i":{"x":[0.833],"y":[0.853]},"o":{"x":[0.167],"y":[0.167]},"t":226,"s":[50]},{"i":{"x":[0.833],"y":[0.883]},"o":{"x":[0.167],"y":[0.192]},"t":227,"s":[74.074]},{"i":{"x":[0.833],"y":[1]},"o":{"x":[0.167],"y":[0.292]},"t":228,"s":[92.593]},{"i":{"x":[0.833],"y":[0.708]},"o":{"x":[0.167],"y":[0]},"t":229,"s":[100]},{"i":{"x":[0.833],"y":[0.808]},"o":{"x":[0.167],"y":[0.117]},"t":230,"s":[92.593]},{"i":{"x":[0.833],"y":[0.833]},"o":{"x":[0.167],"y":[0.147]},"t":231,"s":[74.074]},{"i":{"x":[0.833],"y":[0.853]},"o":{"x":[0.167],"y":[0.167]},"t":232,"s":[50]},{"i":{"x":[0.833],"y":[0.883]},"o":{"x":[0.167],"y":[0.192]},"t":233,"s":[25.926]},{"i":{"x":[0.833],"y":[1]},"o":{"x":[0.167],"y":[0.292]},"t":234,"s":[7.407]},{"i":{"x":[0.833],"y":[0.708]},"o":{"x":[0.167],"y":[0]},"t":235,"s":[0]},{"i":{"x":[0.833],"y":[0.808]},"o":{"x":[0.167],"y":[0.117]},"t":236,"s":[7.407]},{"i":{"x":[0.833],"y":[0.833]},"o":{"x":[0.167],"y":[0.147]},"t":237,"s":[25.926]},{"i":{"x":[0.833],"y":[0.853]},"o":{"x":[0.167],"y":[0.167]},"t":238,"s":[50]},{"i":{"x":[0.833],"y":[0.883]},"o":{"x":[0.167],"y":[0.192]},"t":239,"s":[74.074]},{"i":{"x":[0.833],"y":[1]},"o":{"x":[0.167],"y":[0.292]},"t":240,"s":[92.593]},{"i":{"x":[0.833],"y":[0.708]},"o":{"x":[0.167],"y":[0]},"t":241,"s":[100]},{"i":{"x":[0.833],"y":[0.808]},"o":{"x":[0.167],"y":[0.117]},"t":242,"s":[92.593]},{"i":{"x":[0.833],"y":[0.833]},"o":{"x":[0.167],"y":[0.147]},"t":243,"s":[74.074]},{"i":{"x":[0.833],"y":[0.853]},"o":{"x":[0.167],"y":[0.167]},"t":244,"s":[50]},{"i":{"x":[0.833],"y":[0.883]},"o":{"x":[0.167],"y":[0.192]},"t":245,"s":[25.926]},{"i":{"x":[0.833],"y":[1]},"o":{"x":[0.167],"y":[0.292]},"t":246,"s":[7.407]},{"i":{"x":[0.833],"y":[0.708]},"o":{"x":[0.167],"y":[0]},"t":247,"s":[0]},{"i":{"x":[0.833],"y":[0.833]},"o":{"x":[0.167],"y":[0.117]},"t":248,"s":[7.407]},{"t":249,"s":[25.926]}],"ix":11},"r":{"a":0,"k":0,"ix":10},"p":{"a":0,"k":[146.5,108,0],"ix":2,"l":2},"a":{"a":0,"k":[3.5,5,0],"ix":1,"l":2},"s":{"a":0,"k":[100,100,100],"ix":6,"l":2}},"ao":0,"ip":0,"op":250,"st":0,"bm":0},{"ddd":0,"ind":10,"ty":2,"nm":"tg","refId":"image_6","sr":1,"ks":{"o":{"a":0,"k":100,"ix":11},"r":{"a":1,"k":[{"i":{"x":[0.667],"y":[1]},"o":{"x":[0.333],"y":[0]},"t":0,"s":[12.198]},{"t":10,"s":[0]}],"ix":10},"p":{"a":0,"k":[26.25,54,0],"ix":2,"l":2},"a":{"a":0,"k":[0,31.25,0],"ix":1,"l":2},"s":{"a":0,"k":[100,100,100],"ix":6,"l":2}},"ao":0,"ip":0,"op":250,"st":0,"bm":0},{"ddd":0,"ind":11,"ty":2,"nm":"ljt","refId":"image_7","sr":1,"ks":{"o":{"a":0,"k":100,"ix":11},"r":{"a":0,"k":0,"ix":10},"p":{"a":0,"k":[65.5,103,0],"ix":2,"l":2},"a":{"a":0,"k":[38.5,49,0],"ix":1,"l":2},"s":{"a":0,"k":[100,100,100],"ix":6,"l":2}},"ao":0,"ip":0,"op":250,"st":0,"bm":0},{"ddd":0,"ind":12,"ty":2,"nm":"sb","refId":"image_8","sr":1,"ks":{"o":{"a":0,"k":100,"ix":11},"r":{"a":1,"k":[{"i":{"x":[0.833],"y":[0.718]},"o":{"x":[0.167],"y":[0.167]},"t":0,"s":[0]},{"i":{"x":[0.833],"y":[0.817]},"o":{"x":[0.167],"y":[0.118]},"t":1,"s":[0.247]},{"i":{"x":[0.833],"y":[0.847]},"o":{"x":[0.167],"y":[0.153]},"t":2,"s":[0.837]},{"i":{"x":[0.833],"y":[0.882]},"o":{"x":[0.167],"y":[0.183]},"t":3,"s":[1.541]},{"i":{"x":[0.833],"y":[1]},"o":{"x":[0.167],"y":[0.282]},"t":4,"s":[2.131]},{"i":{"x":[0.833],"y":[0.718]},"o":{"x":[0.167],"y":[0]},"t":5,"s":[2.378]},{"i":{"x":[0.833],"y":[0.817]},"o":{"x":[0.167],"y":[0.118]},"t":6,"s":[2.131]},{"i":{"x":[0.833],"y":[0.847]},"o":{"x":[0.167],"y":[0.153]},"t":7,"s":[1.541]},{"i":{"x":[0.833],"y":[0.882]},"o":{"x":[0.167],"y":[0.183]},"t":8,"s":[0.837]},{"i":{"x":[0.833],"y":[0.798]},"o":{"x":[0.167],"y":[0.282]},"t":9,"s":[0.247]},{"i":{"x":[0.833],"y":[0.708]},"o":{"x":[0.167],"y":[0.142]},"t":10,"s":[0]},{"i":{"x":[0.833],"y":[0.808]},"o":{"x":[0.167],"y":[0.117]},"t":11,"s":[-0.352]},{"i":{"x":[0.833],"y":[0.833]},"o":{"x":[0.167],"y":[0.147]},"t":12,"s":[-1.232]},{"i":{"x":[0.833],"y":[0.853]},"o":{"x":[0.167],"y":[0.167]},"t":13,"s":[-2.376]},{"i":{"x":[0.833],"y":[0.883]},"o":{"x":[0.167],"y":[0.192]},"t":14,"s":[-3.52]},{"i":{"x":[0.833],"y":[1]},"o":{"x":[0.167],"y":[0.292]},"t":15,"s":[-4.4]},{"i":{"x":[0.833],"y":[0.708]},"o":{"x":[0.167],"y":[0]},"t":16,"s":[-4.752]},{"i":{"x":[0.833],"y":[0.808]},"o":{"x":[0.167],"y":[0.117]},"t":17,"s":[-4.4]},{"i":{"x":[0.833],"y":[0.833]},"o":{"x":[0.167],"y":[0.147]},"t":18,"s":[-3.52]},{"i":{"x":[0.833],"y":[0.853]},"o":{"x":[0.167],"y":[0.167]},"t":19,"s":[-2.376]},{"i":{"x":[0.833],"y":[0.883]},"o":{"x":[0.167],"y":[0.192]},"t":20,"s":[-1.232]},{"i":{"x":[0.833],"y":[0.858]},"o":{"x":[0.167],"y":[0.292]},"t":21,"s":[-0.352]},{"i":{"x":[0.833],"y":[0.718]},"o":{"x":[0.167],"y":[0.202]},"t":22,"s":[0]},{"i":{"x":[0.833],"y":[0.817]},"o":{"x":[0.167],"y":[0.118]},"t":23,"s":[0.247]},{"i":{"x":[0.833],"y":[0.847]},"o":{"x":[0.167],"y":[0.153]},"t":24,"s":[0.837]},{"i":{"x":[0.833],"y":[0.882]},"o":{"x":[0.167],"y":[0.183]},"t":25,"s":[1.541]},{"i":{"x":[0.833],"y":[1]},"o":{"x":[0.167],"y":[0.282]},"t":26,"s":[2.131]},{"i":{"x":[0.833],"y":[0.718]},"o":{"x":[0.167],"y":[0]},"t":27,"s":[2.378]},{"i":{"x":[0.833],"y":[0.817]},"o":{"x":[0.167],"y":[0.118]},"t":28,"s":[2.131]},{"i":{"x":[0.833],"y":[0.847]},"o":{"x":[0.167],"y":[0.153]},"t":29,"s":[1.541]},{"i":{"x":[0.833],"y":[0.882]},"o":{"x":[0.167],"y":[0.183]},"t":30,"s":[0.837]},{"i":{"x":[0.833],"y":[0.798]},"o":{"x":[0.167],"y":[0.282]},"t":31,"s":[0.247]},{"i":{"x":[0.833],"y":[0.708]},"o":{"x":[0.167],"y":[0.142]},"t":32,"s":[0]},{"i":{"x":[0.833],"y":[0.808]},"o":{"x":[0.167],"y":[0.117]},"t":33,"s":[-0.352]},{"i":{"x":[0.833],"y":[0.833]},"o":{"x":[0.167],"y":[0.147]},"t":34,"s":[-1.232]},{"i":{"x":[0.833],"y":[0.853]},"o":{"x":[0.167],"y":[0.167]},"t":35,"s":[-2.376]},{"i":{"x":[0.833],"y":[0.883]},"o":{"x":[0.167],"y":[0.192]},"t":36,"s":[-3.52]},{"i":{"x":[0.833],"y":[1]},"o":{"x":[0.167],"y":[0.292]},"t":37,"s":[-4.4]},{"i":{"x":[0.833],"y":[0.708]},"o":{"x":[0.167],"y":[0]},"t":38,"s":[-4.752]},{"i":{"x":[0.833],"y":[0.808]},"o":{"x":[0.167],"y":[0.117]},"t":39,"s":[-4.4]},{"i":{"x":[0.833],"y":[0.833]},"o":{"x":[0.167],"y":[0.147]},"t":40,"s":[-3.52]},{"i":{"x":[0.833],"y":[0.853]},"o":{"x":[0.167],"y":[0.167]},"t":41,"s":[-2.376]},{"i":{"x":[0.833],"y":[0.883]},"o":{"x":[0.167],"y":[0.192]},"t":42,"s":[-1.232]},{"i":{"x":[0.833],"y":[0.858]},"o":{"x":[0.167],"y":[0.292]},"t":43,"s":[-0.352]},{"i":{"x":[0.833],"y":[0.718]},"o":{"x":[0.167],"y":[0.202]},"t":44,"s":[0]},{"i":{"x":[0.833],"y":[0.817]},"o":{"x":[0.167],"y":[0.118]},"t":45,"s":[0.247]},{"i":{"x":[0.833],"y":[0.847]},"o":{"x":[0.167],"y":[0.153]},"t":46,"s":[0.837]},{"i":{"x":[0.833],"y":[0.882]},"o":{"x":[0.167],"y":[0.183]},"t":47,"s":[1.541]},{"i":{"x":[0.833],"y":[1]},"o":{"x":[0.167],"y":[0.282]},"t":48,"s":[2.131]},{"i":{"x":[0.833],"y":[0.718]},"o":{"x":[0.167],"y":[0]},"t":49,"s":[2.378]},{"i":{"x":[0.833],"y":[0.817]},"o":{"x":[0.167],"y":[0.118]},"t":50,"s":[2.131]},{"i":{"x":[0.833],"y":[0.847]},"o":{"x":[0.167],"y":[0.153]},"t":51,"s":[1.541]},{"i":{"x":[0.833],"y":[0.882]},"o":{"x":[0.167],"y":[0.183]},"t":52,"s":[0.837]},{"i":{"x":[0.833],"y":[0.798]},"o":{"x":[0.167],"y":[0.282]},"t":53,"s":[0.247]},{"i":{"x":[0.833],"y":[0.708]},"o":{"x":[0.167],"y":[0.142]},"t":54,"s":[0]},{"i":{"x":[0.833],"y":[0.808]},"o":{"x":[0.167],"y":[0.117]},"t":55,"s":[-0.352]},{"i":{"x":[0.833],"y":[0.833]},"o":{"x":[0.167],"y":[0.147]},"t":56,"s":[-1.232]},{"i":{"x":[0.833],"y":[0.853]},"o":{"x":[0.167],"y":[0.167]},"t":57,"s":[-2.376]},{"i":{"x":[0.833],"y":[0.883]},"o":{"x":[0.167],"y":[0.192]},"t":58,"s":[-3.52]},{"i":{"x":[0.833],"y":[1]},"o":{"x":[0.167],"y":[0.292]},"t":59,"s":[-4.4]},{"i":{"x":[0.833],"y":[0.708]},"o":{"x":[0.167],"y":[0]},"t":60,"s":[-4.752]},{"i":{"x":[0.833],"y":[0.808]},"o":{"x":[0.167],"y":[0.117]},"t":61,"s":[-4.4]},{"i":{"x":[0.833],"y":[0.833]},"o":{"x":[0.167],"y":[0.147]},"t":62,"s":[-3.52]},{"i":{"x":[0.833],"y":[0.853]},"o":{"x":[0.167],"y":[0.167]},"t":63,"s":[-2.376]},{"i":{"x":[0.833],"y":[0.883]},"o":{"x":[0.167],"y":[0.192]},"t":64,"s":[-1.232]},{"i":{"x":[0.833],"y":[0.858]},"o":{"x":[0.167],"y":[0.292]},"t":65,"s":[-0.352]},{"i":{"x":[0.833],"y":[0.718]},"o":{"x":[0.167],"y":[0.202]},"t":66,"s":[0]},{"i":{"x":[0.833],"y":[0.817]},"o":{"x":[0.167],"y":[0.118]},"t":67,"s":[0.247]},{"i":{"x":[0.833],"y":[0.847]},"o":{"x":[0.167],"y":[0.153]},"t":68,"s":[0.837]},{"i":{"x":[0.833],"y":[0.882]},"o":{"x":[0.167],"y":[0.183]},"t":69,"s":[1.541]},{"i":{"x":[0.833],"y":[1]},"o":{"x":[0.167],"y":[0.282]},"t":70,"s":[2.131]},{"i":{"x":[0.833],"y":[0.718]},"o":{"x":[0.167],"y":[0]},"t":71,"s":[2.378]},{"i":{"x":[0.833],"y":[0.817]},"o":{"x":[0.167],"y":[0.118]},"t":72,"s":[2.131]},{"i":{"x":[0.833],"y":[0.847]},"o":{"x":[0.167],"y":[0.153]},"t":73,"s":[1.541]},{"i":{"x":[0.833],"y":[0.882]},"o":{"x":[0.167],"y":[0.183]},"t":74,"s":[0.837]},{"i":{"x":[0.833],"y":[0.798]},"o":{"x":[0.167],"y":[0.282]},"t":75,"s":[0.247]},{"i":{"x":[0.833],"y":[0.708]},"o":{"x":[0.167],"y":[0.142]},"t":76,"s":[0]},{"i":{"x":[0.833],"y":[0.808]},"o":{"x":[0.167],"y":[0.117]},"t":77,"s":[-0.352]},{"i":{"x":[0.833],"y":[0.833]},"o":{"x":[0.167],"y":[0.147]},"t":78,"s":[-1.232]},{"i":{"x":[0.833],"y":[0.853]},"o":{"x":[0.167],"y":[0.167]},"t":79,"s":[-2.376]},{"i":{"x":[0.833],"y":[0.883]},"o":{"x":[0.167],"y":[0.192]},"t":80,"s":[-3.52]},{"i":{"x":[0.833],"y":[1]},"o":{"x":[0.167],"y":[0.292]},"t":81,"s":[-4.4]},{"i":{"x":[0.833],"y":[0.708]},"o":{"x":[0.167],"y":[0]},"t":82,"s":[-4.752]},{"i":{"x":[0.833],"y":[0.808]},"o":{"x":[0.167],"y":[0.117]},"t":83,"s":[-4.4]},{"i":{"x":[0.833],"y":[0.833]},"o":{"x":[0.167],"y":[0.147]},"t":84,"s":[-3.52]},{"i":{"x":[0.833],"y":[0.853]},"o":{"x":[0.167],"y":[0.167]},"t":85,"s":[-2.376]},{"i":{"x":[0.833],"y":[0.883]},"o":{"x":[0.167],"y":[0.192]},"t":86,"s":[-1.232]},{"i":{"x":[0.833],"y":[0.858]},"o":{"x":[0.167],"y":[0.292]},"t":87,"s":[-0.352]},{"i":{"x":[0.833],"y":[0.718]},"o":{"x":[0.167],"y":[0.202]},"t":88,"s":[0]},{"i":{"x":[0.833],"y":[0.817]},"o":{"x":[0.167],"y":[0.118]},"t":89,"s":[0.247]},{"i":{"x":[0.833],"y":[0.847]},"o":{"x":[0.167],"y":[0.153]},"t":90,"s":[0.837]},{"i":{"x":[0.833],"y":[0.882]},"o":{"x":[0.167],"y":[0.183]},"t":91,"s":[1.541]},{"i":{"x":[0.833],"y":[1]},"o":{"x":[0.167],"y":[0.282]},"t":92,"s":[2.131]},{"i":{"x":[0.833],"y":[0.718]},"o":{"x":[0.167],"y":[0]},"t":93,"s":[2.378]},{"i":{"x":[0.833],"y":[0.817]},"o":{"x":[0.167],"y":[0.118]},"t":94,"s":[2.131]},{"i":{"x":[0.833],"y":[0.847]},"o":{"x":[0.167],"y":[0.153]},"t":95,"s":[1.541]},{"i":{"x":[0.833],"y":[0.882]},"o":{"x":[0.167],"y":[0.183]},"t":96,"s":[0.837]},{"i":{"x":[0.833],"y":[0.798]},"o":{"x":[0.167],"y":[0.282]},"t":97,"s":[0.247]},{"i":{"x":[0.833],"y":[0.708]},"o":{"x":[0.167],"y":[0.142]},"t":98,"s":[0]},{"i":{"x":[0.833],"y":[0.808]},"o":{"x":[0.167],"y":[0.117]},"t":99,"s":[-0.352]},{"i":{"x":[0.833],"y":[0.833]},"o":{"x":[0.167],"y":[0.147]},"t":100,"s":[-1.232]},{"i":{"x":[0.833],"y":[0.853]},"o":{"x":[0.167],"y":[0.167]},"t":101,"s":[-2.376]},{"i":{"x":[0.833],"y":[0.883]},"o":{"x":[0.167],"y":[0.192]},"t":102,"s":[-3.52]},{"i":{"x":[0.833],"y":[1]},"o":{"x":[0.167],"y":[0.292]},"t":103,"s":[-4.4]},{"i":{"x":[0.833],"y":[0.708]},"o":{"x":[0.167],"y":[0]},"t":104,"s":[-4.752]},{"i":{"x":[0.833],"y":[0.808]},"o":{"x":[0.167],"y":[0.117]},"t":105,"s":[-4.4]},{"i":{"x":[0.833],"y":[0.833]},"o":{"x":[0.167],"y":[0.147]},"t":106,"s":[-3.52]},{"i":{"x":[0.833],"y":[0.853]},"o":{"x":[0.167],"y":[0.167]},"t":107,"s":[-2.376]},{"i":{"x":[0.833],"y":[0.883]},"o":{"x":[0.167],"y":[0.192]},"t":108,"s":[-1.232]},{"i":{"x":[0.833],"y":[0.858]},"o":{"x":[0.167],"y":[0.292]},"t":109,"s":[-0.352]},{"i":{"x":[0.833],"y":[0.718]},"o":{"x":[0.167],"y":[0.202]},"t":110,"s":[0]},{"i":{"x":[0.833],"y":[0.817]},"o":{"x":[0.167],"y":[0.118]},"t":111,"s":[0.247]},{"i":{"x":[0.833],"y":[0.847]},"o":{"x":[0.167],"y":[0.153]},"t":112,"s":[0.837]},{"i":{"x":[0.833],"y":[0.882]},"o":{"x":[0.167],"y":[0.183]},"t":113,"s":[1.541]},{"i":{"x":[0.833],"y":[1]},"o":{"x":[0.167],"y":[0.282]},"t":114,"s":[2.131]},{"i":{"x":[0.833],"y":[0.718]},"o":{"x":[0.167],"y":[0]},"t":115,"s":[2.378]},{"i":{"x":[0.833],"y":[0.817]},"o":{"x":[0.167],"y":[0.118]},"t":116,"s":[2.131]},{"i":{"x":[0.833],"y":[0.847]},"o":{"x":[0.167],"y":[0.153]},"t":117,"s":[1.541]},{"i":{"x":[0.833],"y":[0.882]},"o":{"x":[0.167],"y":[0.183]},"t":118,"s":[0.837]},{"i":{"x":[0.833],"y":[0.798]},"o":{"x":[0.167],"y":[0.282]},"t":119,"s":[0.247]},{"i":{"x":[0.833],"y":[0.708]},"o":{"x":[0.167],"y":[0.142]},"t":120,"s":[0]},{"i":{"x":[0.833],"y":[0.808]},"o":{"x":[0.167],"y":[0.117]},"t":121,"s":[-0.352]},{"i":{"x":[0.833],"y":[0.833]},"o":{"x":[0.167],"y":[0.147]},"t":122,"s":[-1.232]},{"i":{"x":[0.833],"y":[0.853]},"o":{"x":[0.167],"y":[0.167]},"t":123,"s":[-2.376]},{"i":{"x":[0.833],"y":[0.883]},"o":{"x":[0.167],"y":[0.192]},"t":124,"s":[-3.52]},{"i":{"x":[0.833],"y":[1]},"o":{"x":[0.167],"y":[0.292]},"t":125,"s":[-4.4]},{"i":{"x":[0.833],"y":[0.708]},"o":{"x":[0.167],"y":[0]},"t":126,"s":[-4.752]},{"i":{"x":[0.833],"y":[0.808]},"o":{"x":[0.167],"y":[0.117]},"t":127,"s":[-4.4]},{"i":{"x":[0.833],"y":[0.833]},"o":{"x":[0.167],"y":[0.147]},"t":128,"s":[-3.52]},{"i":{"x":[0.833],"y":[0.853]},"o":{"x":[0.167],"y":[0.167]},"t":129,"s":[-2.376]},{"i":{"x":[0.833],"y":[0.883]},"o":{"x":[0.167],"y":[0.192]},"t":130,"s":[-1.232]},{"i":{"x":[0.833],"y":[0.858]},"o":{"x":[0.167],"y":[0.292]},"t":131,"s":[-0.352]},{"i":{"x":[0.833],"y":[0.718]},"o":{"x":[0.167],"y":[0.202]},"t":132,"s":[0]},{"i":{"x":[0.833],"y":[0.817]},"o":{"x":[0.167],"y":[0.118]},"t":133,"s":[0.247]},{"i":{"x":[0.833],"y":[0.847]},"o":{"x":[0.167],"y":[0.153]},"t":134,"s":[0.837]},{"i":{"x":[0.833],"y":[0.882]},"o":{"x":[0.167],"y":[0.183]},"t":135,"s":[1.541]},{"i":{"x":[0.833],"y":[1]},"o":{"x":[0.167],"y":[0.282]},"t":136,"s":[2.131]},{"i":{"x":[0.833],"y":[0.718]},"o":{"x":[0.167],"y":[0]},"t":137,"s":[2.378]},{"i":{"x":[0.833],"y":[0.817]},"o":{"x":[0.167],"y":[0.118]},"t":138,"s":[2.131]},{"i":{"x":[0.833],"y":[0.847]},"o":{"x":[0.167],"y":[0.153]},"t":139,"s":[1.541]},{"i":{"x":[0.833],"y":[0.882]},"o":{"x":[0.167],"y":[0.183]},"t":140,"s":[0.837]},{"i":{"x":[0.833],"y":[0.798]},"o":{"x":[0.167],"y":[0.282]},"t":141,"s":[0.247]},{"i":{"x":[0.833],"y":[0.708]},"o":{"x":[0.167],"y":[0.142]},"t":142,"s":[0]},{"i":{"x":[0.833],"y":[0.808]},"o":{"x":[0.167],"y":[0.117]},"t":143,"s":[-0.352]},{"i":{"x":[0.833],"y":[0.833]},"o":{"x":[0.167],"y":[0.147]},"t":144,"s":[-1.232]},{"i":{"x":[0.833],"y":[0.853]},"o":{"x":[0.167],"y":[0.167]},"t":145,"s":[-2.376]},{"i":{"x":[0.833],"y":[0.883]},"o":{"x":[0.167],"y":[0.192]},"t":146,"s":[-3.52]},{"i":{"x":[0.833],"y":[1]},"o":{"x":[0.167],"y":[0.292]},"t":147,"s":[-4.4]},{"i":{"x":[0.833],"y":[0.708]},"o":{"x":[0.167],"y":[0]},"t":148,"s":[-4.752]},{"i":{"x":[0.833],"y":[0.808]},"o":{"x":[0.167],"y":[0.117]},"t":149,"s":[-4.4]},{"i":{"x":[0.833],"y":[0.833]},"o":{"x":[0.167],"y":[0.147]},"t":150,"s":[-3.52]},{"i":{"x":[0.833],"y":[0.853]},"o":{"x":[0.167],"y":[0.167]},"t":151,"s":[-2.376]},{"i":{"x":[0.833],"y":[0.883]},"o":{"x":[0.167],"y":[0.192]},"t":152,"s":[-1.232]},{"i":{"x":[0.833],"y":[0.858]},"o":{"x":[0.167],"y":[0.292]},"t":153,"s":[-0.352]},{"i":{"x":[0.833],"y":[0.718]},"o":{"x":[0.167],"y":[0.202]},"t":154,"s":[0]},{"i":{"x":[0.833],"y":[0.817]},"o":{"x":[0.167],"y":[0.118]},"t":155,"s":[0.247]},{"i":{"x":[0.833],"y":[0.847]},"o":{"x":[0.167],"y":[0.153]},"t":156,"s":[0.837]},{"i":{"x":[0.833],"y":[0.882]},"o":{"x":[0.167],"y":[0.183]},"t":157,"s":[1.541]},{"i":{"x":[0.833],"y":[1]},"o":{"x":[0.167],"y":[0.282]},"t":158,"s":[2.131]},{"i":{"x":[0.833],"y":[0.718]},"o":{"x":[0.167],"y":[0]},"t":159,"s":[2.378]},{"i":{"x":[0.833],"y":[0.817]},"o":{"x":[0.167],"y":[0.118]},"t":160,"s":[2.131]},{"i":{"x":[0.833],"y":[0.847]},"o":{"x":[0.167],"y":[0.153]},"t":161,"s":[1.541]},{"i":{"x":[0.833],"y":[0.882]},"o":{"x":[0.167],"y":[0.183]},"t":162,"s":[0.837]},{"i":{"x":[0.833],"y":[0.798]},"o":{"x":[0.167],"y":[0.282]},"t":163,"s":[0.247]},{"i":{"x":[0.833],"y":[0.708]},"o":{"x":[0.167],"y":[0.142]},"t":164,"s":[0]},{"i":{"x":[0.833],"y":[0.808]},"o":{"x":[0.167],"y":[0.117]},"t":165,"s":[-0.352]},{"i":{"x":[0.833],"y":[0.833]},"o":{"x":[0.167],"y":[0.147]},"t":166,"s":[-1.232]},{"i":{"x":[0.833],"y":[0.853]},"o":{"x":[0.167],"y":[0.167]},"t":167,"s":[-2.376]},{"i":{"x":[0.833],"y":[0.883]},"o":{"x":[0.167],"y":[0.192]},"t":168,"s":[-3.52]},{"i":{"x":[0.833],"y":[1]},"o":{"x":[0.167],"y":[0.292]},"t":169,"s":[-4.4]},{"i":{"x":[0.833],"y":[0.708]},"o":{"x":[0.167],"y":[0]},"t":170,"s":[-4.752]},{"i":{"x":[0.833],"y":[0.808]},"o":{"x":[0.167],"y":[0.117]},"t":171,"s":[-4.4]},{"i":{"x":[0.833],"y":[0.833]},"o":{"x":[0.167],"y":[0.147]},"t":172,"s":[-3.52]},{"i":{"x":[0.833],"y":[0.853]},"o":{"x":[0.167],"y":[0.167]},"t":173,"s":[-2.376]},{"i":{"x":[0.833],"y":[0.883]},"o":{"x":[0.167],"y":[0.192]},"t":174,"s":[-1.232]},{"i":{"x":[0.833],"y":[0.858]},"o":{"x":[0.167],"y":[0.292]},"t":175,"s":[-0.352]},{"i":{"x":[0.833],"y":[0.718]},"o":{"x":[0.167],"y":[0.202]},"t":176,"s":[0]},{"i":{"x":[0.833],"y":[0.817]},"o":{"x":[0.167],"y":[0.118]},"t":177,"s":[0.247]},{"i":{"x":[0.833],"y":[0.847]},"o":{"x":[0.167],"y":[0.153]},"t":178,"s":[0.837]},{"i":{"x":[0.833],"y":[0.882]},"o":{"x":[0.167],"y":[0.183]},"t":179,"s":[1.541]},{"i":{"x":[0.833],"y":[1]},"o":{"x":[0.167],"y":[0.282]},"t":180,"s":[2.131]},{"i":{"x":[0.833],"y":[0.718]},"o":{"x":[0.167],"y":[0]},"t":181,"s":[2.378]},{"i":{"x":[0.833],"y":[0.817]},"o":{"x":[0.167],"y":[0.118]},"t":182,"s":[2.131]},{"i":{"x":[0.833],"y":[0.847]},"o":{"x":[0.167],"y":[0.153]},"t":183,"s":[1.541]},{"i":{"x":[0.833],"y":[0.882]},"o":{"x":[0.167],"y":[0.183]},"t":184,"s":[0.837]},{"i":{"x":[0.833],"y":[0.798]},"o":{"x":[0.167],"y":[0.282]},"t":185,"s":[0.247]},{"i":{"x":[0.833],"y":[0.708]},"o":{"x":[0.167],"y":[0.142]},"t":186,"s":[0]},{"i":{"x":[0.833],"y":[0.808]},"o":{"x":[0.167],"y":[0.117]},"t":187,"s":[-0.352]},{"i":{"x":[0.833],"y":[0.833]},"o":{"x":[0.167],"y":[0.147]},"t":188,"s":[-1.232]},{"i":{"x":[0.833],"y":[0.853]},"o":{"x":[0.167],"y":[0.167]},"t":189,"s":[-2.376]},{"i":{"x":[0.833],"y":[0.883]},"o":{"x":[0.167],"y":[0.192]},"t":190,"s":[-3.52]},{"i":{"x":[0.833],"y":[1]},"o":{"x":[0.167],"y":[0.292]},"t":191,"s":[-4.4]},{"i":{"x":[0.833],"y":[0.708]},"o":{"x":[0.167],"y":[0]},"t":192,"s":[-4.752]},{"i":{"x":[0.833],"y":[0.808]},"o":{"x":[0.167],"y":[0.117]},"t":193,"s":[-4.4]},{"i":{"x":[0.833],"y":[0.833]},"o":{"x":[0.167],"y":[0.147]},"t":194,"s":[-3.52]},{"i":{"x":[0.833],"y":[0.853]},"o":{"x":[0.167],"y":[0.167]},"t":195,"s":[-2.376]},{"i":{"x":[0.833],"y":[0.883]},"o":{"x":[0.167],"y":[0.192]},"t":196,"s":[-1.232]},{"i":{"x":[0.833],"y":[0.858]},"o":{"x":[0.167],"y":[0.292]},"t":197,"s":[-0.352]},{"i":{"x":[0.833],"y":[0.718]},"o":{"x":[0.167],"y":[0.202]},"t":198,"s":[0]},{"i":{"x":[0.833],"y":[0.817]},"o":{"x":[0.167],"y":[0.118]},"t":199,"s":[0.247]},{"i":{"x":[0.833],"y":[0.847]},"o":{"x":[0.167],"y":[0.153]},"t":200,"s":[0.837]},{"i":{"x":[0.833],"y":[0.882]},"o":{"x":[0.167],"y":[0.183]},"t":201,"s":[1.541]},{"i":{"x":[0.833],"y":[1]},"o":{"x":[0.167],"y":[0.282]},"t":202,"s":[2.131]},{"i":{"x":[0.833],"y":[0.718]},"o":{"x":[0.167],"y":[0]},"t":203,"s":[2.378]},{"i":{"x":[0.833],"y":[0.817]},"o":{"x":[0.167],"y":[0.118]},"t":204,"s":[2.131]},{"i":{"x":[0.833],"y":[0.847]},"o":{"x":[0.167],"y":[0.153]},"t":205,"s":[1.541]},{"i":{"x":[0.833],"y":[0.882]},"o":{"x":[0.167],"y":[0.183]},"t":206,"s":[0.837]},{"i":{"x":[0.833],"y":[0.798]},"o":{"x":[0.167],"y":[0.282]},"t":207,"s":[0.247]},{"i":{"x":[0.833],"y":[0.708]},"o":{"x":[0.167],"y":[0.142]},"t":208,"s":[0]},{"i":{"x":[0.833],"y":[0.808]},"o":{"x":[0.167],"y":[0.117]},"t":209,"s":[-0.352]},{"i":{"x":[0.833],"y":[0.833]},"o":{"x":[0.167],"y":[0.147]},"t":210,"s":[-1.232]},{"i":{"x":[0.833],"y":[0.853]},"o":{"x":[0.167],"y":[0.167]},"t":211,"s":[-2.376]},{"i":{"x":[0.833],"y":[0.883]},"o":{"x":[0.167],"y":[0.192]},"t":212,"s":[-3.52]},{"i":{"x":[0.833],"y":[1]},"o":{"x":[0.167],"y":[0.292]},"t":213,"s":[-4.4]},{"i":{"x":[0.833],"y":[0.708]},"o":{"x":[0.167],"y":[0]},"t":214,"s":[-4.752]},{"i":{"x":[0.833],"y":[0.808]},"o":{"x":[0.167],"y":[0.117]},"t":215,"s":[-4.4]},{"i":{"x":[0.833],"y":[0.833]},"o":{"x":[0.167],"y":[0.147]},"t":216,"s":[-3.52]},{"i":{"x":[0.833],"y":[0.853]},"o":{"x":[0.167],"y":[0.167]},"t":217,"s":[-2.376]},{"i":{"x":[0.833],"y":[0.883]},"o":{"x":[0.167],"y":[0.192]},"t":218,"s":[-1.232]},{"i":{"x":[0.833],"y":[0.858]},"o":{"x":[0.167],"y":[0.292]},"t":219,"s":[-0.352]},{"i":{"x":[0.833],"y":[0.718]},"o":{"x":[0.167],"y":[0.202]},"t":220,"s":[0]},{"i":{"x":[0.833],"y":[0.817]},"o":{"x":[0.167],"y":[0.118]},"t":221,"s":[0.247]},{"i":{"x":[0.833],"y":[0.847]},"o":{"x":[0.167],"y":[0.153]},"t":222,"s":[0.837]},{"i":{"x":[0.833],"y":[0.882]},"o":{"x":[0.167],"y":[0.183]},"t":223,"s":[1.541]},{"i":{"x":[0.833],"y":[1]},"o":{"x":[0.167],"y":[0.282]},"t":224,"s":[2.131]},{"i":{"x":[0.833],"y":[0.718]},"o":{"x":[0.167],"y":[0]},"t":225,"s":[2.378]},{"i":{"x":[0.833],"y":[0.817]},"o":{"x":[0.167],"y":[0.118]},"t":226,"s":[2.131]},{"i":{"x":[0.833],"y":[0.847]},"o":{"x":[0.167],"y":[0.153]},"t":227,"s":[1.541]},{"i":{"x":[0.833],"y":[0.882]},"o":{"x":[0.167],"y":[0.183]},"t":228,"s":[0.837]},{"i":{"x":[0.833],"y":[0.798]},"o":{"x":[0.167],"y":[0.282]},"t":229,"s":[0.247]},{"i":{"x":[0.833],"y":[0.708]},"o":{"x":[0.167],"y":[0.142]},"t":230,"s":[0]},{"i":{"x":[0.833],"y":[0.808]},"o":{"x":[0.167],"y":[0.117]},"t":231,"s":[-0.352]},{"i":{"x":[0.833],"y":[0.833]},"o":{"x":[0.167],"y":[0.147]},"t":232,"s":[-1.232]},{"i":{"x":[0.833],"y":[0.853]},"o":{"x":[0.167],"y":[0.167]},"t":233,"s":[-2.376]},{"i":{"x":[0.833],"y":[0.883]},"o":{"x":[0.167],"y":[0.192]},"t":234,"s":[-3.52]},{"i":{"x":[0.833],"y":[1]},"o":{"x":[0.167],"y":[0.292]},"t":235,"s":[-4.4]},{"i":{"x":[0.833],"y":[0.708]},"o":{"x":[0.167],"y":[0]},"t":236,"s":[-4.752]},{"i":{"x":[0.833],"y":[0.808]},"o":{"x":[0.167],"y":[0.117]},"t":237,"s":[-4.4]},{"i":{"x":[0.833],"y":[0.833]},"o":{"x":[0.167],"y":[0.147]},"t":238,"s":[-3.52]},{"i":{"x":[0.833],"y":[0.853]},"o":{"x":[0.167],"y":[0.167]},"t":239,"s":[-2.376]},{"i":{"x":[0.833],"y":[0.883]},"o":{"x":[0.167],"y":[0.192]},"t":240,"s":[-1.232]},{"i":{"x":[0.833],"y":[0.858]},"o":{"x":[0.167],"y":[0.292]},"t":241,"s":[-0.352]},{"i":{"x":[0.833],"y":[0.718]},"o":{"x":[0.167],"y":[0.202]},"t":242,"s":[0]},{"i":{"x":[0.833],"y":[0.817]},"o":{"x":[0.167],"y":[0.118]},"t":243,"s":[0.247]},{"i":{"x":[0.833],"y":[0.847]},"o":{"x":[0.167],"y":[0.153]},"t":244,"s":[0.837]},{"i":{"x":[0.833],"y":[0.882]},"o":{"x":[0.167],"y":[0.183]},"t":245,"s":[1.541]},{"i":{"x":[0.833],"y":[1]},"o":{"x":[0.167],"y":[0.282]},"t":246,"s":[2.131]},{"i":{"x":[0.833],"y":[0.718]},"o":{"x":[0.167],"y":[0]},"t":247,"s":[2.378]},{"i":{"x":[0.833],"y":[0.833]},"o":{"x":[0.167],"y":[0.118]},"t":248,"s":[2.131]},{"t":249,"s":[1.541]}],"ix":10},"p":{"a":0,"k":[134,98.25,0],"ix":2,"l":2},"a":{"a":0,"k":[30.457,48.71,0],"ix":1,"l":2},"s":{"a":0,"k":[100,100,100],"ix":6,"l":2}},"ao":0,"ip":0,"op":250,"st":0,"bm":0}],"markers":[]}