{"v":"5.7.1","fr":25,"ip":0,"op":126,"w":1080,"h":1920,"nm":"超级省电全屏","ddd":0,"assets":[{"id":"image_0","w":39,"h":39,"u":"images/","p":"img_0.png","e":0},{"id":"image_1","w":48,"h":48,"u":"images/","p":"img_1.png","e":0},{"id":"image_2","w":37,"h":37,"u":"images/","p":"img_2.png","e":0},{"id":"image_3","w":71,"h":108,"u":"images/","p":"img_3.png","e":0},{"id":"image_4","w":218,"h":377,"u":"images/","p":"img_4.png","e":0},{"id":"image_5","w":314,"h":627,"u":"images/","p":"img_5.png","e":0},{"id":"image_6","w":666,"h":666,"u":"images/","p":"img_6.png","e":0},{"id":"image_7","w":1080,"h":967,"u":"images/","p":"img_7.png","e":0},{"id":"image_8","w":1080,"h":1170,"u":"images/","p":"img_8.jpg","e":0},{"id":"image_9","w":1080,"h":1170,"u":"images/","p":"img_9.jpg","e":0},{"id":"image_10","w":1080,"h":1170,"u":"images/","p":"img_10.jpg","e":0},{"id":"image_11","w":537,"h":537,"u":"images/","p":"img_11.png","e":0},{"id":"comp_0","layers":[{"ddd":0,"ind":1,"ty":0,"nm":"动效输出","refId":"comp_1","sr":1,"ks":{"o":{"a":0,"k":100,"ix":11},"r":{"a":0,"k":0,"ix":10},"p":{"a":0,"k":[540,579.429,0],"ix":2},"a":{"a":0,"k":[540,490,0],"ix":1},"s":{"a":0,"k":[100,100,100],"ix":6}},"ao":0,"w":1080,"h":980,"ip":0,"op":99.6412913511359,"st":0,"bm":0},{"ddd":0,"ind":2,"ty":2,"nm":"s 4","refId":"image_8","sr":1,"ks":{"o":{"a":0,"k":90.196,"ix":11},"r":{"a":0,"k":0,"ix":10},"p":{"a":0,"k":[170,575.429,0],"ix":2},"a":{"a":0,"k":[170,555,0],"ix":1},"s":{"a":1,"k":[{"i":{"x":[0.667,0.667,0.667],"y":[1,1,1]},"o":{"x":[0.333,0.333,0.333],"y":[0,0,0]},"t":102.963,"s":[100,100,100]},{"i":{"x":[0.833,0.833,0.833],"y":[1,1,1]},"o":{"x":[0.333,0.333,0.333],"y":[0,0,0]},"t":111.82,"s":[100,100,100]},{"i":{"x":[0.667,0.667,0.667],"y":[1,1,1]},"o":{"x":[0.167,0.167,0.167],"y":[0,0,0]},"t":118.463,"s":[60,60,100]},{"t":125.105245854507,"s":[100,100,100]}],"ix":6}},"ao":0,"hasMask":true,"masksProperties":[{"inv":false,"mode":"a","pt":{"a":0,"k":{"i":[[0,0],[0,0],[0,0],[0,0],[0,0],[0,0],[0,0],[0,0]],"o":[[0,0],[0,0],[0,0],[0,0],[0,0],[0,0],[0,0],[0,0]],"v":[[221.045,556.384],[185.63,570.934],[176.022,607.995],[161.472,572.581],[124.411,562.972],[159.825,548.422],[169.434,511.361],[183.983,546.775]],"c":true},"ix":1},"o":{"a":0,"k":100,"ix":3},"x":{"a":0,"k":0,"ix":4},"nm":"蒙版 1"}],"ip":102.962667729507,"op":129.533678756477,"st":102.962667729507,"bm":0},{"ddd":0,"ind":3,"ty":2,"nm":"s 3","refId":"image_9","sr":1,"ks":{"o":{"a":0,"k":90.196,"ix":11},"r":{"a":0,"k":0,"ix":10},"p":{"a":0,"k":[767,924.929,0],"ix":2},"a":{"a":0,"k":[767,904.5,0],"ix":1},"s":{"a":1,"k":[{"i":{"x":[0.833,0.833,0.833],"y":[1,1,1]},"o":{"x":[0.333,0.333,0.333],"y":[0,0,0]},"t":99.641,"s":[0,0,100]},{"i":{"x":[0.833,0.833,0.833],"y":[1,1,1]},"o":{"x":[0.167,0.167,0.167],"y":[0,0,0]},"t":109.605,"s":[100,100,100]},{"i":{"x":[0.833,0.833,0.833],"y":[1,1,1]},"o":{"x":[0.167,0.167,0.167],"y":[0,0,0]},"t":115.141,"s":[60,60,100]},{"t":121.783869476136,"s":[90,90,100]}],"ix":6}},"ao":0,"hasMask":true,"masksProperties":[{"inv":false,"mode":"a","pt":{"a":0,"k":{"i":[[0,0],[0,0],[0,0],[0,0],[0,0],[0,0],[0,0],[0,0]],"o":[[0,0],[0,0],[0,0],[0,0],[0,0],[0,0],[0,0],[0,0]],"v":[[815.045,902.384],[779.63,916.934],[770.022,953.995],[755.472,918.581],[718.411,908.972],[753.825,894.422],[763.434,857.361],[777.983,892.775]],"c":true},"ix":1},"o":{"a":0,"k":100,"ix":3},"x":{"a":0,"k":0,"ix":4},"nm":"蒙版 1"}],"ip":99.6412913511359,"op":129.533678756477,"st":99.6412913511359,"bm":0},{"ddd":0,"ind":4,"ty":2,"nm":"s 2","refId":"image_10","sr":1,"ks":{"o":{"a":0,"k":90.196,"ix":11},"r":{"a":0,"k":0,"ix":10},"p":{"a":0,"k":[845,322.429,0],"ix":2},"a":{"a":0,"k":[845,302,0],"ix":1},"s":{"a":1,"k":[{"i":{"x":[0.833,0.833,0.833],"y":[1,1,1]},"o":{"x":[0.167,0.167,0.167],"y":[0,0,0]},"t":99.641,"s":[0,0,100]},{"i":{"x":[0.833,0.833,0.833],"y":[1,1,1]},"o":{"x":[0.167,0.167,0.167],"y":[0,0,0]},"t":107.391,"s":[100,100,100]},{"i":{"x":[0.833,0.833,0.833],"y":[1,1,1]},"o":{"x":[0.167,0.167,0.167],"y":[0,0,0]},"t":114.034,"s":[50,50,100]},{"i":{"x":[0.833,0.833,0.833],"y":[1,1,1]},"o":{"x":[0.167,0.167,0.167],"y":[0,0,0]},"t":118.463,"s":[100,100,100]},{"t":123.997736663636,"s":[60,60,100]}],"ix":6}},"ao":0,"hasMask":true,"masksProperties":[{"inv":false,"mode":"a","pt":{"a":0,"k":{"i":[[0,0],[0,0],[0,0],[0,0],[0,0],[0,0],[0,0],[0,0]],"o":[[0,0],[0,0],[0,0],[0,0],[0,0],[0,0],[0,0],[0,0]],"v":[[890.045,301.384],[854.63,315.934],[845.022,352.995],[830.472,317.581],[793.411,307.972],[828.825,293.422],[838.434,256.361],[852.983,291.775]],"c":true},"ix":1},"o":{"a":0,"k":100,"ix":3},"x":{"a":0,"k":0,"ix":4},"nm":"蒙版 1"}],"ip":99.6412913511359,"op":129.533678756477,"st":99.6412913511359,"bm":0},{"ddd":0,"ind":5,"ty":4,"nm":"形状图层 2","sr":1,"ks":{"o":{"a":1,"k":[{"i":{"x":[0.833],"y":[1]},"o":{"x":[0.333],"y":[0]},"t":99.641,"s":[0]},{"t":107.391291351136,"s":[100]}],"ix":11},"r":{"a":0,"k":0,"ix":10},"p":{"a":0,"k":[542,581.429,0],"ix":2},"a":{"a":0,"k":[2,-290,0],"ix":1},"s":{"a":1,"k":[{"i":{"x":[0.667,0.667,0.667],"y":[1,1,1]},"o":{"x":[0.167,0.167,0.167],"y":[0,0,0]},"t":99.641,"s":[0,0,100]},{"i":{"x":[0.667,0.667,0.667],"y":[1,1,1]},"o":{"x":[0.333,0.333,0.333],"y":[0,0,0]},"t":107.391,"s":[120,120,100]},{"t":109.605158538636,"s":[100,100,100]}],"ix":6}},"ao":0,"shapes":[{"ty":"gr","it":[{"ind":0,"ty":"sh","ix":1,"ks":{"a":0,"k":{"i":[[0,0],[0,0],[0,0]],"o":[[0,0],[0,0],[0,0]],"v":[[-101,-309],[-36,-225],[105,-355]],"c":false},"ix":2},"nm":"路径 1","mn":"ADBE Vector Shape - Group","hd":false},{"ty":"st","c":{"a":0,"k":[1,1,1,1],"ix":3},"o":{"a":0,"k":100,"ix":4},"w":{"a":0,"k":32,"ix":5},"lc":2,"lj":2,"bm":0,"nm":"描边 1","mn":"ADBE Vector Graphic - Stroke","hd":false},{"ty":"tr","p":{"a":0,"k":[0,0],"ix":2},"a":{"a":0,"k":[0,0],"ix":1},"s":{"a":0,"k":[100,100],"ix":3},"r":{"a":0,"k":0,"ix":6},"o":{"a":0,"k":100,"ix":7},"sk":{"a":0,"k":0,"ix":4},"sa":{"a":0,"k":0,"ix":5},"nm":"变换"}],"nm":"形状 1","np":3,"cix":2,"bm":0,"ix":1,"mn":"ADBE Vector Group","hd":false}],"ip":99.6412913511359,"op":129.533678756477,"st":99.6412913511359,"bm":0},{"ddd":0,"ind":6,"ty":2,"nm":"cir","refId":"image_11","sr":1,"ks":{"o":{"a":0,"k":100,"ix":11},"r":{"a":0,"k":0,"ix":10},"p":{"a":0,"k":[540.5,572.929,0],"ix":2},"a":{"a":0,"k":[268.5,268.5,0],"ix":1},"s":{"a":1,"k":[{"i":{"x":[0.667,0.667,0.667],"y":[1,1,1]},"o":{"x":[0.333,0.333,0.333],"y":[0,0,0]},"t":99.641,"s":[0,0,100]},{"i":{"x":[0.667,0.667,0.667],"y":[1,1,1]},"o":{"x":[0.167,0.167,0.167],"y":[0,0,0]},"t":105.176,"s":[126,126,100]},{"t":109.605158538636,"s":[100,100,100]}],"ix":6}},"ao":0,"ip":99.6412913511359,"op":129.533678756477,"st":99.6412913511359,"bm":0},{"ddd":0,"ind":7,"ty":4,"nm":"973","sr":1,"ks":{"o":{"a":0,"k":40,"ix":11},"r":{"a":0,"k":0,"ix":10},"p":{"a":0,"k":[539.946,587.375,0],"ix":2},"a":{"a":0,"k":[0,0,0],"ix":1},"s":{"a":0,"k":[110.865,110.865,100],"ix":6}},"ao":0,"shapes":[{"ty":"gr","it":[{"d":1,"ty":"el","s":{"a":0,"k":[658,658],"ix":2},"p":{"a":0,"k":[0,0],"ix":3},"nm":"椭圆路径 1","mn":"ADBE Vector Shape - Ellipse","hd":false},{"ty":"st","c":{"a":0,"k":[1,1,1,1],"ix":3},"o":{"a":0,"k":100,"ix":4},"w":{"a":0,"k":3,"ix":5},"lc":1,"lj":1,"ml":4,"bm":0,"nm":"描边 1","mn":"ADBE Vector Graphic - Stroke","hd":false},{"ty":"tr","p":{"a":0,"k":[0,0],"ix":2},"a":{"a":0,"k":[0,0],"ix":1},"s":{"a":0,"k":[100,100],"ix":3},"r":{"a":0,"k":0,"ix":6},"o":{"a":0,"k":100,"ix":7},"sk":{"a":0,"k":0,"ix":4},"sa":{"a":0,"k":0,"ix":5},"nm":"变换"}],"nm":"椭圆 1","np":3,"cix":2,"bm":0,"ix":1,"mn":"ADBE Vector Group","hd":false}],"ip":99.6412913511359,"op":129.533678756477,"st":99.6412913511359,"bm":0},{"ddd":0,"ind":8,"ty":4,"nm":"972","sr":1,"ks":{"o":{"a":0,"k":30,"ix":11},"r":{"a":0,"k":0,"ix":10},"p":{"a":0,"k":[539.946,587.375,0],"ix":2},"a":{"a":0,"k":[0,0,0],"ix":1},"s":{"a":0,"k":[110.865,110.865,100],"ix":6}},"ao":0,"shapes":[{"ty":"gr","it":[{"d":1,"ty":"el","s":{"a":0,"k":[802,802],"ix":2},"p":{"a":0,"k":[0,0],"ix":3},"nm":"椭圆路径 1","mn":"ADBE Vector Shape - Ellipse","hd":false},{"ty":"st","c":{"a":0,"k":[1,1,1,1],"ix":3},"o":{"a":0,"k":100,"ix":4},"w":{"a":0,"k":3,"ix":5},"lc":1,"lj":1,"ml":4,"bm":0,"nm":"描边 1","mn":"ADBE Vector Graphic - Stroke","hd":false},{"ty":"tr","p":{"a":0,"k":[0,0],"ix":2},"a":{"a":0,"k":[0,0],"ix":1},"s":{"a":0,"k":[100,100],"ix":3},"r":{"a":0,"k":0,"ix":6},"o":{"a":0,"k":100,"ix":7},"sk":{"a":0,"k":0,"ix":4},"sa":{"a":0,"k":0,"ix":5},"nm":"变换"}],"nm":"椭圆 1","np":3,"cix":2,"bm":0,"ix":1,"mn":"ADBE Vector Group","hd":false}],"ip":99.6412913511359,"op":129.533678756477,"st":99.6412913511359,"bm":0},{"ddd":0,"ind":9,"ty":4,"nm":"971","sr":1,"ks":{"o":{"a":0,"k":20,"ix":11},"r":{"a":0,"k":0,"ix":10},"p":{"a":0,"k":[539.946,587.375,0],"ix":2},"a":{"a":0,"k":[0,0,0],"ix":1},"s":{"a":0,"k":[110.865,110.865,100],"ix":6}},"ao":0,"shapes":[{"ty":"gr","it":[{"d":1,"ty":"el","s":{"a":0,"k":[970,970],"ix":2},"p":{"a":0,"k":[0,0],"ix":3},"nm":"椭圆路径 1","mn":"ADBE Vector Shape - Ellipse","hd":false},{"ty":"st","c":{"a":0,"k":[1,1,1,1],"ix":3},"o":{"a":0,"k":100,"ix":4},"w":{"a":0,"k":3,"ix":5},"lc":1,"lj":1,"ml":4,"bm":0,"nm":"描边 1","mn":"ADBE Vector Graphic - Stroke","hd":false},{"ty":"tr","p":{"a":0,"k":[0,0],"ix":2},"a":{"a":0,"k":[0,0],"ix":1},"s":{"a":0,"k":[100,100],"ix":3},"r":{"a":0,"k":0,"ix":6},"o":{"a":0,"k":100,"ix":7},"sk":{"a":0,"k":0,"ix":4},"sa":{"a":0,"k":0,"ix":5},"nm":"变换"}],"nm":"椭圆 1","np":3,"cix":2,"bm":0,"ix":1,"mn":"ADBE Vector Group","hd":false}],"ip":99.6412913511359,"op":129.533678756477,"st":99.6412913511359,"bm":0}]},{"id":"comp_1","layers":[{"ddd":0,"ind":1,"ty":2,"nm":"+3","refId":"image_0","sr":1,"ks":{"o":{"a":0,"k":100,"ix":11},"r":{"a":0,"k":0,"ix":10},"p":{"a":1,"k":[{"i":{"x":0.833,"y":0.833},"o":{"x":0.167,"y":0.167},"t":0,"s":[731.5,325.5,0],"to":[0,5.167,0],"ti":[0,-3.5,0]},{"i":{"x":0.833,"y":0.833},"o":{"x":0.167,"y":0.167},"t":17,"s":[731.5,356.5,0],"to":[0,3.5,0],"ti":[0,-1.333,0]},{"i":{"x":0.833,"y":0.833},"o":{"x":0.167,"y":0.167},"t":35,"s":[731.5,346.5,0],"to":[0,1.333,0],"ti":[0,3.5,0]},{"i":{"x":0.833,"y":0.833},"o":{"x":0.167,"y":0.167},"t":51,"s":[731.5,364.5,0],"to":[0,-3.5,0],"ti":[0,6.5,0]},{"t":100,"s":[731.5,325.5,0]}],"ix":2},"a":{"a":0,"k":[19.5,19.5,0],"ix":1},"s":{"a":0,"k":[100,100,100],"ix":6}},"ao":0,"ip":0,"op":250,"st":0,"bm":0},{"ddd":0,"ind":2,"ty":2,"nm":"+2","refId":"image_1","sr":1,"ks":{"o":{"a":0,"k":100,"ix":11},"r":{"a":0,"k":0,"ix":10},"p":{"a":1,"k":[{"i":{"x":0.833,"y":0.833},"o":{"x":0.167,"y":0.167},"t":0,"s":[306,511,0],"to":[0,4.167,0],"ti":[0,1.5,0]},{"i":{"x":0.833,"y":0.833},"o":{"x":0.167,"y":0.167},"t":21,"s":[306,536,0],"to":[0,-1.5,0],"ti":[0,4.167,0]},{"i":{"x":0.833,"y":0.833},"o":{"x":0.167,"y":0.167},"t":70,"s":[306,502,0],"to":[0,-4.167,0],"ti":[0,-1.5,0]},{"t":100,"s":[306,511,0]}],"ix":2},"a":{"a":0,"k":[24,24,0],"ix":1},"s":{"a":0,"k":[100,100,100],"ix":6}},"ao":0,"ip":0,"op":250,"st":0,"bm":0},{"ddd":0,"ind":3,"ty":2,"nm":"+1","refId":"image_2","sr":1,"ks":{"o":{"a":0,"k":100,"ix":11},"r":{"a":0,"k":0,"ix":10},"p":{"a":1,"k":[{"i":{"x":0.833,"y":0.833},"o":{"x":0.167,"y":0.167},"t":0,"s":[736.5,659.5,0],"to":[0,-6.167,0],"ti":[0,-0.5,0]},{"i":{"x":0.833,"y":0.833},"o":{"x":0.167,"y":0.167},"t":43,"s":[736.5,622.5,0],"to":[0,0.5,0],"ti":[0,-6.167,0]},{"i":{"x":0.833,"y":0.833},"o":{"x":0.167,"y":0.167},"t":76,"s":[736.5,662.5,0],"to":[0,6.167,0],"ti":[0,0.5,0]},{"t":100,"s":[736.5,659.5,0]}],"ix":2},"a":{"a":0,"k":[18.5,18.5,0],"ix":1},"s":{"a":0,"k":[100,100,100],"ix":6}},"ao":0,"ip":0,"op":250,"st":0,"bm":0},{"ddd":0,"ind":4,"ty":2,"nm":"闪电","refId":"image_3","sr":1,"ks":{"o":{"a":1,"k":[{"i":{"x":[0.833],"y":[0.693]},"o":{"x":[0.167],"y":[0.167]},"t":0,"s":[100]},{"i":{"x":[0.833],"y":[0.796]},"o":{"x":[0.167],"y":[0.114]},"t":1,"s":[96.571]},{"i":{"x":[0.833],"y":[0.818]},"o":{"x":[0.167],"y":[0.141]},"t":2,"s":[87.38]},{"i":{"x":[0.833],"y":[0.829]},"o":{"x":[0.167],"y":[0.154]},"t":3,"s":[74.074]},{"i":{"x":[0.833],"y":[0.837]},"o":{"x":[0.167],"y":[0.163]},"t":4,"s":[58.299]},{"i":{"x":[0.833],"y":[0.846]},"o":{"x":[0.167],"y":[0.171]},"t":5,"s":[41.701]},{"i":{"x":[0.833],"y":[0.859]},"o":{"x":[0.167],"y":[0.182]},"t":6,"s":[25.926]},{"i":{"x":[0.833],"y":[0.886]},"o":{"x":[0.167],"y":[0.204]},"t":7,"s":[12.62]},{"i":{"x":[0.833],"y":[0.985]},"o":{"x":[0.167],"y":[0.307]},"t":8,"s":[3.429]},{"i":{"x":[0.833],"y":[0.69]},"o":{"x":[0.167],"y":[-0.019]},"t":9,"s":[0]},{"i":{"x":[0.833],"y":[0.794]},"o":{"x":[0.167],"y":[0.114]},"t":10,"s":[2.8]},{"i":{"x":[0.833],"y":[0.815]},"o":{"x":[0.167],"y":[0.14]},"t":11,"s":[10.4]},{"i":{"x":[0.833],"y":[0.826]},"o":{"x":[0.167],"y":[0.152]},"t":12,"s":[21.6]},{"i":{"x":[0.833],"y":[0.833]},"o":{"x":[0.167],"y":[0.16]},"t":13,"s":[35.2]},{"i":{"x":[0.833],"y":[0.84]},"o":{"x":[0.167],"y":[0.167]},"t":14,"s":[50]},{"i":{"x":[0.833],"y":[0.848]},"o":{"x":[0.167],"y":[0.174]},"t":15,"s":[64.8]},{"i":{"x":[0.833],"y":[0.86]},"o":{"x":[0.167],"y":[0.185]},"t":16,"s":[78.4]},{"i":{"x":[0.833],"y":[0.886]},"o":{"x":[0.167],"y":[0.206]},"t":17,"s":[89.6]},{"i":{"x":[0.833],"y":[1.019]},"o":{"x":[0.167],"y":[0.31]},"t":18,"s":[97.2]},{"i":{"x":[0.833],"y":[0.693]},"o":{"x":[0.167],"y":[0.015]},"t":19,"s":[100]},{"i":{"x":[0.833],"y":[0.796]},"o":{"x":[0.167],"y":[0.114]},"t":20,"s":[96.571]},{"i":{"x":[0.833],"y":[0.818]},"o":{"x":[0.167],"y":[0.141]},"t":21,"s":[87.38]},{"i":{"x":[0.833],"y":[0.829]},"o":{"x":[0.167],"y":[0.154]},"t":22,"s":[74.074]},{"i":{"x":[0.833],"y":[0.837]},"o":{"x":[0.167],"y":[0.163]},"t":23,"s":[58.299]},{"i":{"x":[0.833],"y":[0.846]},"o":{"x":[0.167],"y":[0.171]},"t":24,"s":[41.701]},{"i":{"x":[0.833],"y":[0.859]},"o":{"x":[0.167],"y":[0.182]},"t":25,"s":[25.926]},{"i":{"x":[0.833],"y":[0.886]},"o":{"x":[0.167],"y":[0.204]},"t":26,"s":[12.62]},{"i":{"x":[0.833],"y":[0.985]},"o":{"x":[0.167],"y":[0.307]},"t":27,"s":[3.429]},{"i":{"x":[0.833],"y":[0.69]},"o":{"x":[0.167],"y":[-0.019]},"t":28,"s":[0]},{"i":{"x":[0.833],"y":[0.794]},"o":{"x":[0.167],"y":[0.114]},"t":29,"s":[2.8]},{"i":{"x":[0.833],"y":[0.815]},"o":{"x":[0.167],"y":[0.14]},"t":30,"s":[10.4]},{"i":{"x":[0.833],"y":[0.826]},"o":{"x":[0.167],"y":[0.152]},"t":31,"s":[21.6]},{"i":{"x":[0.833],"y":[0.833]},"o":{"x":[0.167],"y":[0.16]},"t":32,"s":[35.2]},{"i":{"x":[0.833],"y":[0.84]},"o":{"x":[0.167],"y":[0.167]},"t":33,"s":[50]},{"i":{"x":[0.833],"y":[0.848]},"o":{"x":[0.167],"y":[0.174]},"t":34,"s":[64.8]},{"i":{"x":[0.833],"y":[0.86]},"o":{"x":[0.167],"y":[0.185]},"t":35,"s":[78.4]},{"i":{"x":[0.833],"y":[0.886]},"o":{"x":[0.167],"y":[0.206]},"t":36,"s":[89.6]},{"i":{"x":[0.833],"y":[1.019]},"o":{"x":[0.167],"y":[0.31]},"t":37,"s":[97.2]},{"i":{"x":[0.833],"y":[0.693]},"o":{"x":[0.167],"y":[0.015]},"t":38,"s":[100]},{"i":{"x":[0.833],"y":[0.796]},"o":{"x":[0.167],"y":[0.114]},"t":39,"s":[96.571]},{"i":{"x":[0.833],"y":[0.818]},"o":{"x":[0.167],"y":[0.141]},"t":40,"s":[87.38]},{"i":{"x":[0.833],"y":[0.829]},"o":{"x":[0.167],"y":[0.154]},"t":41,"s":[74.074]},{"i":{"x":[0.833],"y":[0.837]},"o":{"x":[0.167],"y":[0.163]},"t":42,"s":[58.299]},{"i":{"x":[0.833],"y":[0.846]},"o":{"x":[0.167],"y":[0.171]},"t":43,"s":[41.701]},{"i":{"x":[0.833],"y":[0.859]},"o":{"x":[0.167],"y":[0.182]},"t":44,"s":[25.926]},{"i":{"x":[0.833],"y":[0.886]},"o":{"x":[0.167],"y":[0.204]},"t":45,"s":[12.62]},{"i":{"x":[0.833],"y":[0.985]},"o":{"x":[0.167],"y":[0.307]},"t":46,"s":[3.429]},{"i":{"x":[0.833],"y":[0.69]},"o":{"x":[0.167],"y":[-0.019]},"t":47,"s":[0]},{"i":{"x":[0.833],"y":[0.794]},"o":{"x":[0.167],"y":[0.114]},"t":48,"s":[2.8]},{"i":{"x":[0.833],"y":[0.815]},"o":{"x":[0.167],"y":[0.14]},"t":49,"s":[10.4]},{"i":{"x":[0.833],"y":[0.826]},"o":{"x":[0.167],"y":[0.152]},"t":50,"s":[21.6]},{"i":{"x":[0.833],"y":[0.833]},"o":{"x":[0.167],"y":[0.16]},"t":51,"s":[35.2]},{"i":{"x":[0.833],"y":[0.84]},"o":{"x":[0.167],"y":[0.167]},"t":52,"s":[50]},{"i":{"x":[0.833],"y":[0.848]},"o":{"x":[0.167],"y":[0.174]},"t":53,"s":[64.8]},{"i":{"x":[0.833],"y":[0.86]},"o":{"x":[0.167],"y":[0.185]},"t":54,"s":[78.4]},{"i":{"x":[0.833],"y":[0.886]},"o":{"x":[0.167],"y":[0.206]},"t":55,"s":[89.6]},{"i":{"x":[0.833],"y":[1.019]},"o":{"x":[0.167],"y":[0.31]},"t":56,"s":[97.2]},{"i":{"x":[0.833],"y":[0.693]},"o":{"x":[0.167],"y":[0.015]},"t":57,"s":[100]},{"i":{"x":[0.833],"y":[0.796]},"o":{"x":[0.167],"y":[0.114]},"t":58,"s":[96.571]},{"i":{"x":[0.833],"y":[0.818]},"o":{"x":[0.167],"y":[0.141]},"t":59,"s":[87.38]},{"i":{"x":[0.833],"y":[0.829]},"o":{"x":[0.167],"y":[0.154]},"t":60,"s":[74.074]},{"i":{"x":[0.833],"y":[0.837]},"o":{"x":[0.167],"y":[0.163]},"t":61,"s":[58.299]},{"i":{"x":[0.833],"y":[0.846]},"o":{"x":[0.167],"y":[0.171]},"t":62,"s":[41.701]},{"i":{"x":[0.833],"y":[0.859]},"o":{"x":[0.167],"y":[0.182]},"t":63,"s":[25.926]},{"i":{"x":[0.833],"y":[0.886]},"o":{"x":[0.167],"y":[0.204]},"t":64,"s":[12.62]},{"i":{"x":[0.833],"y":[0.985]},"o":{"x":[0.167],"y":[0.307]},"t":65,"s":[3.429]},{"i":{"x":[0.833],"y":[0.69]},"o":{"x":[0.167],"y":[-0.019]},"t":66,"s":[0]},{"i":{"x":[0.833],"y":[0.794]},"o":{"x":[0.167],"y":[0.114]},"t":67,"s":[2.8]},{"i":{"x":[0.833],"y":[0.815]},"o":{"x":[0.167],"y":[0.14]},"t":68,"s":[10.4]},{"i":{"x":[0.833],"y":[0.826]},"o":{"x":[0.167],"y":[0.152]},"t":69,"s":[21.6]},{"i":{"x":[0.833],"y":[0.833]},"o":{"x":[0.167],"y":[0.16]},"t":70,"s":[35.2]},{"i":{"x":[0.833],"y":[0.84]},"o":{"x":[0.167],"y":[0.167]},"t":71,"s":[50]},{"i":{"x":[0.833],"y":[0.848]},"o":{"x":[0.167],"y":[0.174]},"t":72,"s":[64.8]},{"i":{"x":[0.833],"y":[0.86]},"o":{"x":[0.167],"y":[0.185]},"t":73,"s":[78.4]},{"i":{"x":[0.833],"y":[0.886]},"o":{"x":[0.167],"y":[0.206]},"t":74,"s":[89.6]},{"i":{"x":[0.833],"y":[1.019]},"o":{"x":[0.167],"y":[0.31]},"t":75,"s":[97.2]},{"i":{"x":[0.833],"y":[0.693]},"o":{"x":[0.167],"y":[0.015]},"t":76,"s":[100]},{"i":{"x":[0.833],"y":[0.796]},"o":{"x":[0.167],"y":[0.114]},"t":77,"s":[96.571]},{"i":{"x":[0.833],"y":[0.818]},"o":{"x":[0.167],"y":[0.141]},"t":78,"s":[87.38]},{"i":{"x":[0.833],"y":[0.829]},"o":{"x":[0.167],"y":[0.154]},"t":79,"s":[74.074]},{"i":{"x":[0.833],"y":[0.837]},"o":{"x":[0.167],"y":[0.163]},"t":80,"s":[58.299]},{"i":{"x":[0.833],"y":[0.846]},"o":{"x":[0.167],"y":[0.171]},"t":81,"s":[41.701]},{"i":{"x":[0.833],"y":[0.859]},"o":{"x":[0.167],"y":[0.182]},"t":82,"s":[25.926]},{"i":{"x":[0.833],"y":[0.886]},"o":{"x":[0.167],"y":[0.204]},"t":83,"s":[12.62]},{"i":{"x":[0.833],"y":[0.985]},"o":{"x":[0.167],"y":[0.307]},"t":84,"s":[3.429]},{"i":{"x":[0.833],"y":[0.69]},"o":{"x":[0.167],"y":[-0.019]},"t":85,"s":[0]},{"i":{"x":[0.833],"y":[0.794]},"o":{"x":[0.167],"y":[0.114]},"t":86,"s":[2.8]},{"i":{"x":[0.833],"y":[0.815]},"o":{"x":[0.167],"y":[0.14]},"t":87,"s":[10.4]},{"i":{"x":[0.833],"y":[0.826]},"o":{"x":[0.167],"y":[0.152]},"t":88,"s":[21.6]},{"i":{"x":[0.833],"y":[0.833]},"o":{"x":[0.167],"y":[0.16]},"t":89,"s":[35.2]},{"i":{"x":[0.833],"y":[0.84]},"o":{"x":[0.167],"y":[0.167]},"t":90,"s":[50]},{"i":{"x":[0.833],"y":[0.848]},"o":{"x":[0.167],"y":[0.174]},"t":91,"s":[64.8]},{"i":{"x":[0.833],"y":[0.86]},"o":{"x":[0.167],"y":[0.185]},"t":92,"s":[78.4]},{"i":{"x":[0.833],"y":[0.886]},"o":{"x":[0.167],"y":[0.206]},"t":93,"s":[89.6]},{"i":{"x":[0.833],"y":[1.019]},"o":{"x":[0.167],"y":[0.31]},"t":94,"s":[97.2]},{"i":{"x":[0.833],"y":[0.693]},"o":{"x":[0.167],"y":[0.015]},"t":95,"s":[100]},{"i":{"x":[0.833],"y":[0.796]},"o":{"x":[0.167],"y":[0.114]},"t":96,"s":[96.571]},{"i":{"x":[0.833],"y":[0.818]},"o":{"x":[0.167],"y":[0.141]},"t":97,"s":[87.38]},{"i":{"x":[0.833],"y":[0.829]},"o":{"x":[0.167],"y":[0.154]},"t":98,"s":[74.074]},{"i":{"x":[0.833],"y":[0.837]},"o":{"x":[0.167],"y":[0.163]},"t":99,"s":[58.299]},{"i":{"x":[0.833],"y":[0.846]},"o":{"x":[0.167],"y":[0.171]},"t":100,"s":[41.701]},{"i":{"x":[0.833],"y":[0.859]},"o":{"x":[0.167],"y":[0.182]},"t":101,"s":[25.926]},{"i":{"x":[0.833],"y":[0.886]},"o":{"x":[0.167],"y":[0.204]},"t":102,"s":[12.62]},{"i":{"x":[0.833],"y":[0.985]},"o":{"x":[0.167],"y":[0.307]},"t":103,"s":[3.429]},{"i":{"x":[0.833],"y":[0.69]},"o":{"x":[0.167],"y":[-0.019]},"t":104,"s":[0]},{"i":{"x":[0.833],"y":[0.794]},"o":{"x":[0.167],"y":[0.114]},"t":105,"s":[2.8]},{"i":{"x":[0.833],"y":[0.815]},"o":{"x":[0.167],"y":[0.14]},"t":106,"s":[10.4]},{"i":{"x":[0.833],"y":[0.826]},"o":{"x":[0.167],"y":[0.152]},"t":107,"s":[21.6]},{"i":{"x":[0.833],"y":[0.833]},"o":{"x":[0.167],"y":[0.16]},"t":108,"s":[35.2]},{"i":{"x":[0.833],"y":[0.84]},"o":{"x":[0.167],"y":[0.167]},"t":109,"s":[50]},{"i":{"x":[0.833],"y":[0.848]},"o":{"x":[0.167],"y":[0.174]},"t":110,"s":[64.8]},{"i":{"x":[0.833],"y":[0.86]},"o":{"x":[0.167],"y":[0.185]},"t":111,"s":[78.4]},{"i":{"x":[0.833],"y":[0.886]},"o":{"x":[0.167],"y":[0.206]},"t":112,"s":[89.6]},{"i":{"x":[0.833],"y":[1.019]},"o":{"x":[0.167],"y":[0.31]},"t":113,"s":[97.2]},{"i":{"x":[0.833],"y":[0.693]},"o":{"x":[0.167],"y":[0.015]},"t":114,"s":[100]},{"i":{"x":[0.833],"y":[0.796]},"o":{"x":[0.167],"y":[0.114]},"t":115,"s":[96.571]},{"i":{"x":[0.833],"y":[0.818]},"o":{"x":[0.167],"y":[0.141]},"t":116,"s":[87.38]},{"i":{"x":[0.833],"y":[0.829]},"o":{"x":[0.167],"y":[0.154]},"t":117,"s":[74.074]},{"i":{"x":[0.833],"y":[0.837]},"o":{"x":[0.167],"y":[0.163]},"t":118,"s":[58.299]},{"i":{"x":[0.833],"y":[0.846]},"o":{"x":[0.167],"y":[0.171]},"t":119,"s":[41.701]},{"i":{"x":[0.833],"y":[0.859]},"o":{"x":[0.167],"y":[0.182]},"t":120,"s":[25.926]},{"i":{"x":[0.833],"y":[0.886]},"o":{"x":[0.167],"y":[0.204]},"t":121,"s":[12.62]},{"i":{"x":[0.833],"y":[0.985]},"o":{"x":[0.167],"y":[0.307]},"t":122,"s":[3.429]},{"i":{"x":[0.833],"y":[0.69]},"o":{"x":[0.167],"y":[-0.019]},"t":123,"s":[0]},{"i":{"x":[0.833],"y":[0.794]},"o":{"x":[0.167],"y":[0.114]},"t":124,"s":[2.8]},{"i":{"x":[0.833],"y":[0.815]},"o":{"x":[0.167],"y":[0.14]},"t":125,"s":[10.4]},{"i":{"x":[0.833],"y":[0.826]},"o":{"x":[0.167],"y":[0.152]},"t":126,"s":[21.6]},{"i":{"x":[0.833],"y":[0.833]},"o":{"x":[0.167],"y":[0.16]},"t":127,"s":[35.2]},{"i":{"x":[0.833],"y":[0.84]},"o":{"x":[0.167],"y":[0.167]},"t":128,"s":[50]},{"i":{"x":[0.833],"y":[0.848]},"o":{"x":[0.167],"y":[0.174]},"t":129,"s":[64.8]},{"i":{"x":[0.833],"y":[0.86]},"o":{"x":[0.167],"y":[0.185]},"t":130,"s":[78.4]},{"i":{"x":[0.833],"y":[0.886]},"o":{"x":[0.167],"y":[0.206]},"t":131,"s":[89.6]},{"i":{"x":[0.833],"y":[1.019]},"o":{"x":[0.167],"y":[0.31]},"t":132,"s":[97.2]},{"i":{"x":[0.833],"y":[0.693]},"o":{"x":[0.167],"y":[0.015]},"t":133,"s":[100]},{"i":{"x":[0.833],"y":[0.796]},"o":{"x":[0.167],"y":[0.114]},"t":134,"s":[96.571]},{"i":{"x":[0.833],"y":[0.818]},"o":{"x":[0.167],"y":[0.141]},"t":135,"s":[87.38]},{"i":{"x":[0.833],"y":[0.829]},"o":{"x":[0.167],"y":[0.154]},"t":136,"s":[74.074]},{"i":{"x":[0.833],"y":[0.837]},"o":{"x":[0.167],"y":[0.163]},"t":137,"s":[58.299]},{"i":{"x":[0.833],"y":[0.846]},"o":{"x":[0.167],"y":[0.171]},"t":138,"s":[41.701]},{"i":{"x":[0.833],"y":[0.859]},"o":{"x":[0.167],"y":[0.182]},"t":139,"s":[25.926]},{"i":{"x":[0.833],"y":[0.886]},"o":{"x":[0.167],"y":[0.204]},"t":140,"s":[12.62]},{"i":{"x":[0.833],"y":[0.985]},"o":{"x":[0.167],"y":[0.307]},"t":141,"s":[3.429]},{"i":{"x":[0.833],"y":[0.69]},"o":{"x":[0.167],"y":[-0.019]},"t":142,"s":[0]},{"i":{"x":[0.833],"y":[0.794]},"o":{"x":[0.167],"y":[0.114]},"t":143,"s":[2.8]},{"i":{"x":[0.833],"y":[0.815]},"o":{"x":[0.167],"y":[0.14]},"t":144,"s":[10.4]},{"i":{"x":[0.833],"y":[0.826]},"o":{"x":[0.167],"y":[0.152]},"t":145,"s":[21.6]},{"i":{"x":[0.833],"y":[0.833]},"o":{"x":[0.167],"y":[0.16]},"t":146,"s":[35.2]},{"i":{"x":[0.833],"y":[0.84]},"o":{"x":[0.167],"y":[0.167]},"t":147,"s":[50]},{"i":{"x":[0.833],"y":[0.848]},"o":{"x":[0.167],"y":[0.174]},"t":148,"s":[64.8]},{"i":{"x":[0.833],"y":[0.86]},"o":{"x":[0.167],"y":[0.185]},"t":149,"s":[78.4]},{"i":{"x":[0.833],"y":[0.886]},"o":{"x":[0.167],"y":[0.206]},"t":150,"s":[89.6]},{"i":{"x":[0.833],"y":[1.019]},"o":{"x":[0.167],"y":[0.31]},"t":151,"s":[97.2]},{"i":{"x":[0.833],"y":[0.693]},"o":{"x":[0.167],"y":[0.015]},"t":152,"s":[100]},{"i":{"x":[0.833],"y":[0.796]},"o":{"x":[0.167],"y":[0.114]},"t":153,"s":[96.571]},{"i":{"x":[0.833],"y":[0.818]},"o":{"x":[0.167],"y":[0.141]},"t":154,"s":[87.38]},{"i":{"x":[0.833],"y":[0.829]},"o":{"x":[0.167],"y":[0.154]},"t":155,"s":[74.074]},{"i":{"x":[0.833],"y":[0.837]},"o":{"x":[0.167],"y":[0.163]},"t":156,"s":[58.299]},{"i":{"x":[0.833],"y":[0.846]},"o":{"x":[0.167],"y":[0.171]},"t":157,"s":[41.701]},{"i":{"x":[0.833],"y":[0.859]},"o":{"x":[0.167],"y":[0.182]},"t":158,"s":[25.926]},{"i":{"x":[0.833],"y":[0.886]},"o":{"x":[0.167],"y":[0.204]},"t":159,"s":[12.62]},{"i":{"x":[0.833],"y":[0.985]},"o":{"x":[0.167],"y":[0.307]},"t":160,"s":[3.429]},{"i":{"x":[0.833],"y":[0.69]},"o":{"x":[0.167],"y":[-0.019]},"t":161,"s":[0]},{"i":{"x":[0.833],"y":[0.794]},"o":{"x":[0.167],"y":[0.114]},"t":162,"s":[2.8]},{"i":{"x":[0.833],"y":[0.815]},"o":{"x":[0.167],"y":[0.14]},"t":163,"s":[10.4]},{"i":{"x":[0.833],"y":[0.826]},"o":{"x":[0.167],"y":[0.152]},"t":164,"s":[21.6]},{"i":{"x":[0.833],"y":[0.833]},"o":{"x":[0.167],"y":[0.16]},"t":165,"s":[35.2]},{"i":{"x":[0.833],"y":[0.84]},"o":{"x":[0.167],"y":[0.167]},"t":166,"s":[50]},{"i":{"x":[0.833],"y":[0.848]},"o":{"x":[0.167],"y":[0.174]},"t":167,"s":[64.8]},{"i":{"x":[0.833],"y":[0.86]},"o":{"x":[0.167],"y":[0.185]},"t":168,"s":[78.4]},{"i":{"x":[0.833],"y":[0.886]},"o":{"x":[0.167],"y":[0.206]},"t":169,"s":[89.6]},{"i":{"x":[0.833],"y":[1.019]},"o":{"x":[0.167],"y":[0.31]},"t":170,"s":[97.2]},{"i":{"x":[0.833],"y":[0.693]},"o":{"x":[0.167],"y":[0.015]},"t":171,"s":[100]},{"i":{"x":[0.833],"y":[0.796]},"o":{"x":[0.167],"y":[0.114]},"t":172,"s":[96.571]},{"i":{"x":[0.833],"y":[0.818]},"o":{"x":[0.167],"y":[0.141]},"t":173,"s":[87.38]},{"i":{"x":[0.833],"y":[0.829]},"o":{"x":[0.167],"y":[0.154]},"t":174,"s":[74.074]},{"i":{"x":[0.833],"y":[0.837]},"o":{"x":[0.167],"y":[0.163]},"t":175,"s":[58.299]},{"i":{"x":[0.833],"y":[0.846]},"o":{"x":[0.167],"y":[0.171]},"t":176,"s":[41.701]},{"i":{"x":[0.833],"y":[0.859]},"o":{"x":[0.167],"y":[0.182]},"t":177,"s":[25.926]},{"i":{"x":[0.833],"y":[0.886]},"o":{"x":[0.167],"y":[0.204]},"t":178,"s":[12.62]},{"i":{"x":[0.833],"y":[0.985]},"o":{"x":[0.167],"y":[0.307]},"t":179,"s":[3.429]},{"i":{"x":[0.833],"y":[0.69]},"o":{"x":[0.167],"y":[-0.019]},"t":180,"s":[0]},{"i":{"x":[0.833],"y":[0.794]},"o":{"x":[0.167],"y":[0.114]},"t":181,"s":[2.8]},{"i":{"x":[0.833],"y":[0.815]},"o":{"x":[0.167],"y":[0.14]},"t":182,"s":[10.4]},{"i":{"x":[0.833],"y":[0.826]},"o":{"x":[0.167],"y":[0.152]},"t":183,"s":[21.6]},{"i":{"x":[0.833],"y":[0.833]},"o":{"x":[0.167],"y":[0.16]},"t":184,"s":[35.2]},{"i":{"x":[0.833],"y":[0.84]},"o":{"x":[0.167],"y":[0.167]},"t":185,"s":[50]},{"i":{"x":[0.833],"y":[0.848]},"o":{"x":[0.167],"y":[0.174]},"t":186,"s":[64.8]},{"i":{"x":[0.833],"y":[0.86]},"o":{"x":[0.167],"y":[0.185]},"t":187,"s":[78.4]},{"i":{"x":[0.833],"y":[0.886]},"o":{"x":[0.167],"y":[0.206]},"t":188,"s":[89.6]},{"i":{"x":[0.833],"y":[1.019]},"o":{"x":[0.167],"y":[0.31]},"t":189,"s":[97.2]},{"i":{"x":[0.833],"y":[0.693]},"o":{"x":[0.167],"y":[0.015]},"t":190,"s":[100]},{"i":{"x":[0.833],"y":[0.796]},"o":{"x":[0.167],"y":[0.114]},"t":191,"s":[96.571]},{"i":{"x":[0.833],"y":[0.818]},"o":{"x":[0.167],"y":[0.141]},"t":192,"s":[87.38]},{"i":{"x":[0.833],"y":[0.829]},"o":{"x":[0.167],"y":[0.154]},"t":193,"s":[74.074]},{"i":{"x":[0.833],"y":[0.837]},"o":{"x":[0.167],"y":[0.163]},"t":194,"s":[58.299]},{"i":{"x":[0.833],"y":[0.846]},"o":{"x":[0.167],"y":[0.171]},"t":195,"s":[41.701]},{"i":{"x":[0.833],"y":[0.859]},"o":{"x":[0.167],"y":[0.182]},"t":196,"s":[25.926]},{"i":{"x":[0.833],"y":[0.886]},"o":{"x":[0.167],"y":[0.204]},"t":197,"s":[12.62]},{"i":{"x":[0.833],"y":[0.985]},"o":{"x":[0.167],"y":[0.307]},"t":198,"s":[3.429]},{"i":{"x":[0.833],"y":[0.69]},"o":{"x":[0.167],"y":[-0.019]},"t":199,"s":[0]},{"i":{"x":[0.833],"y":[0.794]},"o":{"x":[0.167],"y":[0.114]},"t":200,"s":[2.8]},{"i":{"x":[0.833],"y":[0.815]},"o":{"x":[0.167],"y":[0.14]},"t":201,"s":[10.4]},{"i":{"x":[0.833],"y":[0.826]},"o":{"x":[0.167],"y":[0.152]},"t":202,"s":[21.6]},{"i":{"x":[0.833],"y":[0.833]},"o":{"x":[0.167],"y":[0.16]},"t":203,"s":[35.2]},{"i":{"x":[0.833],"y":[0.84]},"o":{"x":[0.167],"y":[0.167]},"t":204,"s":[50]},{"i":{"x":[0.833],"y":[0.848]},"o":{"x":[0.167],"y":[0.174]},"t":205,"s":[64.8]},{"i":{"x":[0.833],"y":[0.86]},"o":{"x":[0.167],"y":[0.185]},"t":206,"s":[78.4]},{"i":{"x":[0.833],"y":[0.886]},"o":{"x":[0.167],"y":[0.206]},"t":207,"s":[89.6]},{"i":{"x":[0.833],"y":[1.019]},"o":{"x":[0.167],"y":[0.31]},"t":208,"s":[97.2]},{"i":{"x":[0.833],"y":[0.693]},"o":{"x":[0.167],"y":[0.015]},"t":209,"s":[100]},{"i":{"x":[0.833],"y":[0.796]},"o":{"x":[0.167],"y":[0.114]},"t":210,"s":[96.571]},{"i":{"x":[0.833],"y":[0.818]},"o":{"x":[0.167],"y":[0.141]},"t":211,"s":[87.38]},{"i":{"x":[0.833],"y":[0.829]},"o":{"x":[0.167],"y":[0.154]},"t":212,"s":[74.074]},{"i":{"x":[0.833],"y":[0.837]},"o":{"x":[0.167],"y":[0.163]},"t":213,"s":[58.299]},{"i":{"x":[0.833],"y":[0.846]},"o":{"x":[0.167],"y":[0.171]},"t":214,"s":[41.701]},{"i":{"x":[0.833],"y":[0.859]},"o":{"x":[0.167],"y":[0.182]},"t":215,"s":[25.926]},{"i":{"x":[0.833],"y":[0.886]},"o":{"x":[0.167],"y":[0.204]},"t":216,"s":[12.62]},{"i":{"x":[0.833],"y":[0.985]},"o":{"x":[0.167],"y":[0.307]},"t":217,"s":[3.429]},{"i":{"x":[0.833],"y":[0.69]},"o":{"x":[0.167],"y":[-0.019]},"t":218,"s":[0]},{"i":{"x":[0.833],"y":[0.794]},"o":{"x":[0.167],"y":[0.114]},"t":219,"s":[2.8]},{"i":{"x":[0.833],"y":[0.815]},"o":{"x":[0.167],"y":[0.14]},"t":220,"s":[10.4]},{"i":{"x":[0.833],"y":[0.826]},"o":{"x":[0.167],"y":[0.152]},"t":221,"s":[21.6]},{"i":{"x":[0.833],"y":[0.833]},"o":{"x":[0.167],"y":[0.16]},"t":222,"s":[35.2]},{"i":{"x":[0.833],"y":[0.84]},"o":{"x":[0.167],"y":[0.167]},"t":223,"s":[50]},{"i":{"x":[0.833],"y":[0.848]},"o":{"x":[0.167],"y":[0.174]},"t":224,"s":[64.8]},{"i":{"x":[0.833],"y":[0.86]},"o":{"x":[0.167],"y":[0.185]},"t":225,"s":[78.4]},{"i":{"x":[0.833],"y":[0.886]},"o":{"x":[0.167],"y":[0.206]},"t":226,"s":[89.6]},{"i":{"x":[0.833],"y":[1.019]},"o":{"x":[0.167],"y":[0.31]},"t":227,"s":[97.2]},{"i":{"x":[0.833],"y":[0.693]},"o":{"x":[0.167],"y":[0.015]},"t":228,"s":[100]},{"i":{"x":[0.833],"y":[0.796]},"o":{"x":[0.167],"y":[0.114]},"t":229,"s":[96.571]},{"i":{"x":[0.833],"y":[0.818]},"o":{"x":[0.167],"y":[0.141]},"t":230,"s":[87.38]},{"i":{"x":[0.833],"y":[0.829]},"o":{"x":[0.167],"y":[0.154]},"t":231,"s":[74.074]},{"i":{"x":[0.833],"y":[0.837]},"o":{"x":[0.167],"y":[0.163]},"t":232,"s":[58.299]},{"i":{"x":[0.833],"y":[0.846]},"o":{"x":[0.167],"y":[0.171]},"t":233,"s":[41.701]},{"i":{"x":[0.833],"y":[0.859]},"o":{"x":[0.167],"y":[0.182]},"t":234,"s":[25.926]},{"i":{"x":[0.833],"y":[0.886]},"o":{"x":[0.167],"y":[0.204]},"t":235,"s":[12.62]},{"i":{"x":[0.833],"y":[0.985]},"o":{"x":[0.167],"y":[0.307]},"t":236,"s":[3.429]},{"i":{"x":[0.833],"y":[0.69]},"o":{"x":[0.167],"y":[-0.019]},"t":237,"s":[0]},{"i":{"x":[0.833],"y":[0.794]},"o":{"x":[0.167],"y":[0.114]},"t":238,"s":[2.8]},{"i":{"x":[0.833],"y":[0.815]},"o":{"x":[0.167],"y":[0.14]},"t":239,"s":[10.4]},{"i":{"x":[0.833],"y":[0.826]},"o":{"x":[0.167],"y":[0.152]},"t":240,"s":[21.6]},{"i":{"x":[0.833],"y":[0.833]},"o":{"x":[0.167],"y":[0.16]},"t":241,"s":[35.2]},{"i":{"x":[0.833],"y":[0.84]},"o":{"x":[0.167],"y":[0.167]},"t":242,"s":[50]},{"i":{"x":[0.833],"y":[0.848]},"o":{"x":[0.167],"y":[0.174]},"t":243,"s":[64.8]},{"i":{"x":[0.833],"y":[0.86]},"o":{"x":[0.167],"y":[0.185]},"t":244,"s":[78.4]},{"i":{"x":[0.833],"y":[0.886]},"o":{"x":[0.167],"y":[0.206]},"t":245,"s":[89.6]},{"i":{"x":[0.833],"y":[1.019]},"o":{"x":[0.167],"y":[0.31]},"t":246,"s":[97.2]},{"i":{"x":[0.833],"y":[0.693]},"o":{"x":[0.167],"y":[0.015]},"t":247,"s":[100]},{"i":{"x":[0.833],"y":[0.833]},"o":{"x":[0.167],"y":[0.114]},"t":248,"s":[96.571]},{"t":249,"s":[87.38]}],"ix":11},"r":{"a":0,"k":0,"ix":10},"p":{"a":0,"k":[541.5,436,0],"ix":2},"a":{"a":0,"k":[35.5,54,0],"ix":1},"s":{"a":0,"k":[100,100,100],"ix":6}},"ao":0,"ip":0,"op":250,"st":0,"bm":0},{"ddd":0,"ind":5,"ty":2,"nm":"电池","refId":"image_4","sr":1,"ks":{"o":{"a":0,"k":100,"ix":11},"r":{"a":0,"k":0,"ix":10},"p":{"a":0,"k":[541,485.5,0],"ix":2},"a":{"a":0,"k":[109,188.5,0],"ix":1},"s":{"a":0,"k":[100,100,100],"ix":6}},"ao":0,"ip":0,"op":250,"st":0,"bm":0},{"ddd":0,"ind":6,"ty":2,"nm":"扫描","refId":"image_5","sr":1,"ks":{"o":{"a":0,"k":100,"ix":11},"r":{"a":1,"k":[{"i":{"x":[0.833],"y":[0.833]},"o":{"x":[0.167],"y":[0.167]},"t":0,"s":[0]},{"t":100,"s":[1440]}],"ix":10},"p":{"a":0,"k":[541,486,0],"ix":2},"a":{"a":0,"k":[314,314,0],"ix":1},"s":{"a":0,"k":[100,100,100],"ix":6}},"ao":0,"ip":0,"op":250,"st":0,"bm":0},{"ddd":0,"ind":7,"ty":2,"nm":"波","refId":"image_6","sr":1,"ks":{"o":{"a":1,"k":[{"i":{"x":[0.667],"y":[1]},"o":{"x":[0.333],"y":[0]},"t":0,"s":[0]},{"i":{"x":[0.667],"y":[1]},"o":{"x":[0.333],"y":[0]},"t":12,"s":[100]},{"i":{"x":[0.667],"y":[1]},"o":{"x":[0.333],"y":[0]},"t":26,"s":[0]},{"i":{"x":[0.667],"y":[1]},"o":{"x":[0.333],"y":[0]},"t":36,"s":[0]},{"i":{"x":[0.667],"y":[1]},"o":{"x":[0.333],"y":[0]},"t":48,"s":[100]},{"i":{"x":[0.667],"y":[1]},"o":{"x":[0.333],"y":[0]},"t":62,"s":[0]},{"i":{"x":[0.667],"y":[1]},"o":{"x":[0.333],"y":[0]},"t":73,"s":[0]},{"i":{"x":[0.667],"y":[1]},"o":{"x":[0.333],"y":[0]},"t":85,"s":[100]},{"t":99,"s":[0]}],"ix":11},"r":{"a":0,"k":0,"ix":10},"p":{"a":0,"k":[541,486,0],"ix":2},"a":{"a":0,"k":[333,333,0],"ix":1},"s":{"a":1,"k":[{"i":{"x":[0.667,0.667,0.667],"y":[1,1,1]},"o":{"x":[0.333,0.333,0.333],"y":[0,0,0]},"t":0,"s":[93,93,100]},{"i":{"x":[0.667,0.667,0.667],"y":[1,1,1]},"o":{"x":[0.333,0.333,0.333],"y":[0,0,0]},"t":26,"s":[142,142,100]},{"i":{"x":[0.667,0.667,0.667],"y":[1,1,1]},"o":{"x":[0.333,0.333,0.333],"y":[0,0,0]},"t":36,"s":[93,93,100]},{"i":{"x":[0.667,0.667,0.667],"y":[1,1,1]},"o":{"x":[0.333,0.333,0.333],"y":[0,0,0]},"t":62,"s":[142,142,100]},{"i":{"x":[0.667,0.667,0.667],"y":[1,1,1]},"o":{"x":[0.333,0.333,0.333],"y":[0,0,0]},"t":73,"s":[93,93,100]},{"t":99,"s":[142,142,100]}],"ix":6}},"ao":0,"hasMask":true,"masksProperties":[{"inv":false,"mode":"n","pt":{"a":0,"k":{"i":[[-183.911,0],[0,-183.911],[183.911,0],[0,183.911]],"o":[[183.911,0],[0,183.911],[-183.911,0],[0,-183.911]],"v":[[333,0],[666,333],[333,666],[0,333]],"c":true},"ix":1},"o":{"a":0,"k":100,"ix":3},"x":{"a":0,"k":0,"ix":4},"nm":"蒙版 1"}],"ip":0,"op":250,"st":0,"bm":0},{"ddd":0,"ind":8,"ty":2,"nm":"图层 1","refId":"image_7","sr":1,"ks":{"o":{"a":1,"k":[{"i":{"x":[0.667],"y":[1]},"o":{"x":[0.333],"y":[0]},"t":9,"s":[100]},{"i":{"x":[0.667],"y":[1]},"o":{"x":[0.333],"y":[0]},"t":23,"s":[60]},{"i":{"x":[0.667],"y":[1]},"o":{"x":[0.333],"y":[0]},"t":39,"s":[100]},{"i":{"x":[0.667],"y":[1]},"o":{"x":[0.333],"y":[0]},"t":57,"s":[100]},{"i":{"x":[0.667],"y":[1]},"o":{"x":[0.333],"y":[0]},"t":71,"s":[60]},{"t":87,"s":[100]}],"ix":11},"r":{"a":0,"k":0,"ix":10},"p":{"a":0,"k":[540,496.5,0],"ix":2},"a":{"a":0,"k":[540,483.5,0],"ix":1},"s":{"a":0,"k":[100,100,100],"ix":6}},"ao":0,"ip":0,"op":250,"st":0,"bm":0}]}],"layers":[{"ddd":0,"ind":1,"ty":0,"nm":"动效输出11","refId":"comp_0","sr":1,"ks":{"o":{"a":0,"k":100,"ix":11},"r":{"a":0,"k":0,"ix":10},"p":{"a":0,"k":[540,734,0],"ix":2},"a":{"a":0,"k":[540,585,0],"ix":1},"s":{"a":0,"k":[100,100,100],"ix":6}},"ao":0,"w":1080,"h":1170,"ip":0,"op":259,"st":0,"bm":0}],"markers":[]}