{"v":"5.7.1","fr":25,"ip":0,"op":139,"w":646,"h":646,"nm":"动效输出","ddd":0,"assets":[{"id":"image_0","w":532,"h":489,"u":"images/","p":"img_0.png","e":0},{"id":"image_1","w":1080,"h":1920,"u":"images/","p":"img_1.jpg","e":0},{"id":"image_2","w":284,"h":491,"u":"images/","p":"img_2.png","e":0}],"layers":[{"ddd":0,"ind":1,"ty":2,"nm":"浮动元素","refId":"image_0","sr":1,"ks":{"o":{"a":1,"k":[{"i":{"x":[0.667],"y":[1]},"o":{"x":[0.333],"y":[0]},"t":0,"s":[0]},{"i":{"x":[0.667],"y":[1]},"o":{"x":[0.333],"y":[0]},"t":9,"s":[100]},{"i":{"x":[0.667],"y":[1]},"o":{"x":[0.333],"y":[0]},"t":20,"s":[100]},{"i":{"x":[0.667],"y":[1]},"o":{"x":[0.167],"y":[0]},"t":32,"s":[0]},{"i":{"x":[0.667],"y":[1]},"o":{"x":[0.333],"y":[0]},"t":63,"s":[0]},{"i":{"x":[0.667],"y":[1]},"o":{"x":[0.333],"y":[0]},"t":72,"s":[100]},{"i":{"x":[0.667],"y":[1]},"o":{"x":[0.333],"y":[0]},"t":83,"s":[100]},{"t":95,"s":[0]}],"ix":11},"r":{"a":0,"k":0,"ix":10},"p":{"a":1,"k":[{"i":{"x":0.667,"y":1},"o":{"x":0.333,"y":0},"t":0,"s":[319,323.531,0],"to":[0,-11.167,0],"ti":[0,0,0]},{"i":{"x":0.667,"y":1},"o":{"x":0.333,"y":0},"t":20,"s":[319,256.531,0],"to":[0,0,0],"ti":[0,-11.167,0]},{"i":{"x":0.667,"y":0.667},"o":{"x":0.167,"y":0.167},"t":32,"s":[319,323.531,0],"to":[0,0,0],"ti":[0,0,0]},{"i":{"x":0.667,"y":1},"o":{"x":0.333,"y":0},"t":63,"s":[319,323.531,0],"to":[0,-11.167,0],"ti":[0,0,0]},{"i":{"x":0.667,"y":1},"o":{"x":0.333,"y":0},"t":83,"s":[319,256.531,0],"to":[0,0,0],"ti":[0,-11.167,0]},{"t":95,"s":[319,323.531,0]}],"ix":2},"a":{"a":0,"k":[266,244.5,0],"ix":1},"s":{"a":0,"k":[100,100,100],"ix":6}},"ao":0,"ip":0,"op":139,"st":0,"bm":0},{"ddd":0,"ind":2,"ty":2,"nm":"扫描线","refId":"image_1","sr":1,"ks":{"o":{"a":0,"k":100,"ix":11},"r":{"a":0,"k":0,"ix":10},"p":{"a":1,"k":[{"i":{"x":0.667,"y":1},"o":{"x":0.333,"y":0},"t":0,"s":[323,936.031,0],"to":[0,-82.667,0],"ti":[0,0,0]},{"i":{"x":0.667,"y":1},"o":{"x":0.333,"y":0},"t":30,"s":[323,440.031,0],"to":[0,0,0],"ti":[0,0,0]},{"i":{"x":0.667,"y":1},"o":{"x":0.333,"y":0},"t":63,"s":[323,936.031,0],"to":[0,0,0],"ti":[0,0,0]},{"i":{"x":0.667,"y":1},"o":{"x":0.333,"y":0},"t":99,"s":[323,440.031,0],"to":[0,0,0],"ti":[0,-82.667,0]},{"t":138,"s":[323,936.031,0]}],"ix":2},"a":{"a":0,"k":[540,960,0],"ix":1},"s":{"a":0,"k":[100,100,100],"ix":6}},"ao":0,"hasMask":true,"masksProperties":[{"inv":false,"mode":"a","pt":{"a":0,"k":{"i":[[0,0],[-134.99,0],[0,0],[0,0],[135.01,0],[0,0]],"o":[[0,0],[135.01,0],[0,0],[0,0],[-134.99,0],[0,0]],"v":[[270,591.917],[539.969,589],[810,590.667],[810,590.667],[539.969,594],[270,591.917]],"c":true},"ix":1},"o":{"a":0,"k":100,"ix":3},"x":{"a":0,"k":0,"ix":4},"nm":"蒙版 1"}],"ip":0,"op":139,"st":0,"bm":0},{"ddd":0,"ind":3,"ty":2,"nm":"电池","refId":"image_2","sr":1,"ks":{"o":{"a":0,"k":100,"ix":11},"r":{"a":0,"k":0,"ix":10},"p":{"a":0,"k":[323,324.531,0],"ix":2},"a":{"a":0,"k":[142,245.5,0],"ix":1},"s":{"a":0,"k":[100,100,100],"ix":6}},"ao":0,"ip":0,"op":139,"st":0,"bm":0}],"markers":[]}