{"v":"5.7.1","fr":25,"ip":0,"op":151,"w":1080,"h":1920,"nm":"网络加速动效","ddd":0,"assets":[{"id":"image_0","w":1080,"h":1170,"u":"images/","p":"img_0.jpg","e":0},{"id":"image_1","w":1080,"h":1170,"u":"images/","p":"img_1.jpg","e":0},{"id":"image_2","w":1080,"h":1170,"u":"images/","p":"img_2.jpg","e":0},{"id":"image_3","w":216,"h":154,"u":"images/","p":"img_3.png","e":0},{"id":"image_4","w":537,"h":537,"u":"images/","p":"img_4.png","e":0},{"id":"image_5","w":31,"h":21,"u":"images/","p":"img_5.png","e":0},{"id":"image_6","w":79,"h":33,"u":"images/","p":"img_6.png","e":0},{"id":"image_7","w":122,"h":39,"u":"images/","p":"img_7.png","e":0},{"id":"image_8","w":228,"h":228,"u":"images/","p":"img_8.png","e":0},{"id":"image_9","w":821,"h":651,"u":"images/","p":"img_9.png","e":0},{"id":"image_10","w":804,"h":804,"u":"images/","p":"img_10.png","e":0},{"id":"image_11","w":1080,"h":1920,"u":"images/","p":"img_11.jpg","e":0},{"id":"image_12","w":698,"h":698,"u":"images/","p":"img_12.png","e":0},{"id":"comp_0","layers":[{"ddd":0,"ind":1,"ty":4,"nm":"大圆 5","sr":1,"ks":{"o":{"a":1,"k":[{"i":{"x":[0.833],"y":[1]},"o":{"x":[0.333],"y":[0]},"t":1.107,"s":[20]},{"t":19.9282582702272,"s":[0]}],"ix":11},"r":{"a":0,"k":0,"ix":10},"p":{"a":0,"k":[527.875,688.125,0],"ix":2},"a":{"a":0,"k":[0,0,0],"ix":1},"s":{"a":1,"k":[{"i":{"x":[0.833,0.833,0.833],"y":[1,1,1]},"o":{"x":[0.333,0.333,0.333],"y":[0,0,0]},"t":1.107,"s":[86,86,100]},{"t":32.1066383242549,"s":[220,220,100]}],"ix":6}},"ao":0,"shapes":[{"ty":"gr","it":[{"d":1,"ty":"el","s":{"a":0,"k":[764,764],"ix":2},"p":{"a":0,"k":[0,0],"ix":3},"nm":"椭圆路径 1","mn":"ADBE Vector Shape - Ellipse","hd":false},{"ty":"fl","c":{"a":0,"k":[1,1,1,1],"ix":4},"o":{"a":0,"k":100,"ix":5},"r":1,"bm":0,"nm":"填充 1","mn":"ADBE Vector Graphic - Fill","hd":false},{"ty":"tr","p":{"a":0,"k":[12,-13],"ix":2},"a":{"a":0,"k":[0,0],"ix":1},"s":{"a":0,"k":[100,100],"ix":3},"r":{"a":0,"k":0,"ix":6},"o":{"a":0,"k":100,"ix":7},"sk":{"a":0,"k":0,"ix":4},"sa":{"a":0,"k":0,"ix":5},"nm":"变换"}],"nm":"椭圆 1","np":3,"cix":2,"bm":0,"ix":1,"mn":"ADBE Vector Group","hd":false}],"ip":0,"op":34.320889243169,"st":5.53562729728533,"bm":0},{"ddd":0,"ind":2,"ty":2,"nm":"s 4","refId":"image_0","sr":1,"ks":{"o":{"a":0,"k":90.196,"ix":11},"r":{"a":0,"k":0,"ix":10},"p":{"a":0,"k":[170,664,0],"ix":2},"a":{"a":0,"k":[170,555,0],"ix":1},"s":{"a":1,"k":[{"i":{"x":[0.667,0.667,0.667],"y":[1,1,1]},"o":{"x":[0.333,0.333,0.333],"y":[0,0,0]},"t":7.75,"s":[100,100,100]},{"i":{"x":[0.833,0.833,0.833],"y":[1,1,1]},"o":{"x":[0.333,0.333,0.333],"y":[0,0,0]},"t":16.607,"s":[100,100,100]},{"i":{"x":[0.667,0.667,0.667],"y":[1,1,1]},"o":{"x":[0.167,0.167,0.167],"y":[0,0,0]},"t":23.25,"s":[60,60,100]},{"t":29.8923874053408,"s":[100,100,100]}],"ix":6}},"ao":0,"hasMask":true,"masksProperties":[{"inv":false,"mode":"a","pt":{"a":0,"k":{"i":[[0,0],[0,0],[0,0],[0,0],[0,0],[0,0],[0,0],[0,0]],"o":[[0,0],[0,0],[0,0],[0,0],[0,0],[0,0],[0,0],[0,0]],"v":[[221.045,556.384],[185.63,570.934],[176.022,607.995],[161.472,572.581],[124.411,562.972],[159.825,548.422],[169.434,511.361],[183.983,546.775]],"c":true},"ix":1},"o":{"a":0,"k":100,"ix":3},"x":{"a":0,"k":0,"ix":4},"nm":"蒙版 1"}],"ip":7.74987821619946,"op":257.960232053496,"st":7.74987821619946,"bm":0},{"ddd":0,"ind":3,"ty":2,"nm":"s 3","refId":"image_1","sr":1,"ks":{"o":{"a":0,"k":90.196,"ix":11},"r":{"a":0,"k":0,"ix":10},"p":{"a":0,"k":[767,1013.5,0],"ix":2},"a":{"a":0,"k":[767,904.5,0],"ix":1},"s":{"a":1,"k":[{"i":{"x":[0.833,0.833,0.833],"y":[1,1,1]},"o":{"x":[0.333,0.333,0.333],"y":[0,0,0]},"t":4.429,"s":[0,0,100]},{"i":{"x":[0.833,0.833,0.833],"y":[1,1,1]},"o":{"x":[0.167,0.167,0.167],"y":[0,0,0]},"t":14.393,"s":[100,100,100]},{"i":{"x":[0.833,0.833,0.833],"y":[1,1,1]},"o":{"x":[0.167,0.167,0.167],"y":[0,0,0]},"t":19.928,"s":[60,60,100]},{"t":26.5710110269696,"s":[90,90,100]}],"ix":6}},"ao":0,"hasMask":true,"masksProperties":[{"inv":false,"mode":"a","pt":{"a":0,"k":{"i":[[0,0],[0,0],[0,0],[0,0],[0,0],[0,0],[0,0],[0,0]],"o":[[0,0],[0,0],[0,0],[0,0],[0,0],[0,0],[0,0],[0,0]],"v":[[815.045,902.384],[779.63,916.934],[770.022,953.995],[755.472,918.581],[718.411,908.972],[753.825,894.422],[763.434,857.361],[777.983,892.775]],"c":true},"ix":1},"o":{"a":0,"k":100,"ix":3},"x":{"a":0,"k":0,"ix":4},"nm":"蒙版 1"}],"ip":4.42850183782826,"op":254.638855675125,"st":4.42850183782826,"bm":0},{"ddd":0,"ind":4,"ty":2,"nm":"s 2","refId":"image_2","sr":1,"ks":{"o":{"a":0,"k":90.196,"ix":11},"r":{"a":0,"k":0,"ix":10},"p":{"a":0,"k":[845,411,0],"ix":2},"a":{"a":0,"k":[845,302,0],"ix":1},"s":{"a":1,"k":[{"i":{"x":[0.833,0.833,0.833],"y":[1,1,1]},"o":{"x":[0.167,0.167,0.167],"y":[0,0,0]},"t":4.429,"s":[0,0,100]},{"i":{"x":[0.833,0.833,0.833],"y":[1,1,1]},"o":{"x":[0.167,0.167,0.167],"y":[0,0,0]},"t":12.178,"s":[100,100,100]},{"i":{"x":[0.833,0.833,0.833],"y":[1,1,1]},"o":{"x":[0.167,0.167,0.167],"y":[0,0,0]},"t":18.821,"s":[50,50,100]},{"i":{"x":[0.833,0.833,0.833],"y":[1,1,1]},"o":{"x":[0.167,0.167,0.167],"y":[0,0,0]},"t":23.25,"s":[100,100,100]},{"t":28.7852619458837,"s":[60,60,100]}],"ix":6}},"ao":0,"hasMask":true,"masksProperties":[{"inv":false,"mode":"a","pt":{"a":0,"k":{"i":[[0,0],[0,0],[0,0],[0,0],[0,0],[0,0],[0,0],[0,0]],"o":[[0,0],[0,0],[0,0],[0,0],[0,0],[0,0],[0,0],[0,0]],"v":[[890.045,301.384],[854.63,315.934],[845.022,352.995],[830.472,317.581],[793.411,307.972],[828.825,293.422],[838.434,256.361],[852.983,291.775]],"c":true},"ix":1},"o":{"a":0,"k":100,"ix":3},"x":{"a":0,"k":0,"ix":4},"nm":"蒙版 1"}],"ip":4.42850183782826,"op":254.638855675125,"st":4.42850183782826,"bm":0},{"ddd":0,"ind":5,"ty":2,"nm":"勾.gif","cl":"gif","refId":"image_3","sr":1,"ks":{"o":{"a":1,"k":[{"i":{"x":[0.833],"y":[1]},"o":{"x":[0.333],"y":[0]},"t":4.429,"s":[0]},{"t":12.1783800540277,"s":[100]}],"ix":11},"r":{"a":0,"k":0,"ix":10},"p":{"a":0,"k":[540,678,0],"ix":2},"a":{"a":0,"k":[108,77,0],"ix":1},"s":{"a":1,"k":[{"i":{"x":[0.667,0.667,0.667],"y":[1,1,1]},"o":{"x":[0.167,0.167,0.167],"y":[0,0,0]},"t":4.429,"s":[0,0,100]},{"i":{"x":[0.667,0.667,0.667],"y":[1,1,1]},"o":{"x":[0.333,0.333,0.333],"y":[0,0,0]},"t":12.178,"s":[120,120,100]},{"t":14.3926309729419,"s":[100,100,100]}],"ix":6}},"ao":0,"ip":4.42850183782826,"op":257.960232053496,"st":4.42850183782826,"bm":0},{"ddd":0,"ind":6,"ty":2,"nm":"勾 拷贝 3","refId":"image_4","sr":1,"ks":{"o":{"a":0,"k":100,"ix":11},"r":{"a":0,"k":0,"ix":10},"p":{"a":0,"k":[540.5,661.5,0],"ix":2},"a":{"a":0,"k":[268.5,268.5,0],"ix":1},"s":{"a":1,"k":[{"i":{"x":[0.667,0.667,0.667],"y":[1,1,1]},"o":{"x":[0.333,0.333,0.333],"y":[0,0,0]},"t":4.429,"s":[0,0,100]},{"i":{"x":[0.667,0.667,0.667],"y":[1,1,1]},"o":{"x":[0.167,0.167,0.167],"y":[0,0,0]},"t":9.964,"s":[126,126,100]},{"t":14.3926309729419,"s":[100,100,100]}],"ix":6}},"ao":0,"ip":4.42850183782826,"op":254.638855675125,"st":4.42850183782826,"bm":0}]},{"id":"comp_1","layers":[{"ddd":0,"ind":1,"ty":2,"nm":"w1","refId":"image_5","sr":1,"ks":{"o":{"a":1,"k":[{"i":{"x":[0.833],"y":[0.833]},"o":{"x":[0.167],"y":[0.167]},"t":0,"s":[100]},{"i":{"x":[0.833],"y":[0.833]},"o":{"x":[0.167],"y":[0.167]},"t":2,"s":[30]},{"i":{"x":[0.833],"y":[0.833]},"o":{"x":[0.167],"y":[0.167]},"t":8,"s":[30]},{"t":10,"s":[100]}],"ix":11},"r":{"a":0,"k":0,"ix":10},"p":{"a":0,"k":[541.5,706.5,0],"ix":2},"a":{"a":0,"k":[15.5,10.5,0],"ix":1},"s":{"a":0,"k":[100,100,100],"ix":6}},"ao":0,"ip":0,"op":127,"st":0,"bm":0},{"ddd":0,"ind":2,"ty":2,"nm":"w2","refId":"image_6","sr":1,"ks":{"o":{"a":1,"k":[{"i":{"x":[0.833],"y":[0.833]},"o":{"x":[0.167],"y":[0.167]},"t":0,"s":[100]},{"i":{"x":[0.833],"y":[0.833]},"o":{"x":[0.167],"y":[0.167]},"t":2,"s":[30]},{"i":{"x":[0.833],"y":[0.833]},"o":{"x":[0.167],"y":[0.167]},"t":13,"s":[30]},{"t":15,"s":[100]}],"ix":11},"r":{"a":0,"k":0,"ix":10},"p":{"a":0,"k":[541.5,672.5,0],"ix":2},"a":{"a":0,"k":[39.5,16.5,0],"ix":1},"s":{"a":0,"k":[100,100,100],"ix":6}},"ao":0,"ip":0,"op":127,"st":0,"bm":0},{"ddd":0,"ind":3,"ty":2,"nm":"w3","refId":"image_7","sr":1,"ks":{"o":{"a":1,"k":[{"i":{"x":[0.833],"y":[0.833]},"o":{"x":[0.167],"y":[0.167]},"t":0,"s":[100]},{"i":{"x":[0.833],"y":[0.833]},"o":{"x":[0.167],"y":[0.167]},"t":2,"s":[30]},{"i":{"x":[0.833],"y":[0.833]},"o":{"x":[0.167],"y":[0.167]},"t":19,"s":[30]},{"t":21,"s":[100]}],"ix":11},"r":{"a":0,"k":0,"ix":10},"p":{"a":0,"k":[542,637.5,0],"ix":2},"a":{"a":0,"k":[61,19.5,0],"ix":1},"s":{"a":0,"k":[100,100,100],"ix":6}},"ao":0,"ip":0,"op":127,"st":0,"bm":0}]}],"layers":[{"ddd":0,"ind":1,"ty":0,"nm":"完成勾预合成","refId":"comp_0","sr":1,"ks":{"o":{"a":0,"k":100,"ix":11},"r":{"a":0,"k":0,"ix":10},"p":{"a":0,"k":[540,1019,0],"ix":2},"a":{"a":0,"k":[540,960,0],"ix":1},"s":{"a":0,"k":[100,100,100],"ix":6}},"ao":0,"w":1080,"h":1920,"ip":119.954784437434,"op":377.915016490931,"st":119.954784437434,"bm":0},{"ddd":0,"ind":2,"ty":0,"nm":"wifi信号预合成","refId":"comp_1","sr":1,"ks":{"o":{"a":0,"k":100,"ix":11},"r":{"a":0,"k":0,"ix":10},"p":{"a":0,"k":[540,960,0],"ix":2},"a":{"a":0,"k":[540,960,0],"ix":1},"s":{"a":0,"k":[100,100,100],"ix":6}},"ao":0,"w":1080,"h":1920,"ip":97,"op":121,"st":95,"bm":0},{"ddd":0,"ind":3,"ty":0,"nm":"wifi信号预合成","refId":"comp_1","sr":1,"ks":{"o":{"a":0,"k":100,"ix":11},"r":{"a":0,"k":0,"ix":10},"p":{"a":0,"k":[540,960,0],"ix":2},"a":{"a":0,"k":[540,960,0],"ix":1},"s":{"a":0,"k":[100,100,100],"ix":6}},"ao":0,"w":1080,"h":1920,"ip":78,"op":98,"st":76,"bm":0},{"ddd":0,"ind":4,"ty":0,"nm":"wifi信号预合成","refId":"comp_1","sr":1,"ks":{"o":{"a":0,"k":100,"ix":11},"r":{"a":0,"k":0,"ix":10},"p":{"a":0,"k":[540,960,0],"ix":2},"a":{"a":0,"k":[540,960,0],"ix":1},"s":{"a":0,"k":[100,100,100],"ix":6}},"ao":0,"w":1080,"h":1920,"ip":59,"op":79,"st":57,"bm":0},{"ddd":0,"ind":5,"ty":0,"nm":"wifi信号预合成","refId":"comp_1","sr":1,"ks":{"o":{"a":0,"k":100,"ix":11},"r":{"a":0,"k":0,"ix":10},"p":{"a":0,"k":[540,960,0],"ix":2},"a":{"a":0,"k":[540,960,0],"ix":1},"s":{"a":0,"k":[100,100,100],"ix":6}},"ao":0,"w":1080,"h":1920,"ip":40,"op":60,"st":38,"bm":0},{"ddd":0,"ind":6,"ty":0,"nm":"wifi信号预合成","refId":"comp_1","sr":1,"ks":{"o":{"a":0,"k":100,"ix":11},"r":{"a":0,"k":0,"ix":10},"p":{"a":0,"k":[540,960,0],"ix":2},"a":{"a":0,"k":[540,960,0],"ix":1},"s":{"a":0,"k":[100,100,100],"ix":6}},"ao":0,"w":1080,"h":1920,"ip":21,"op":41,"st":19,"bm":0},{"ddd":0,"ind":7,"ty":0,"nm":"wifi信号预合成","refId":"comp_1","sr":1,"ks":{"o":{"a":0,"k":100,"ix":11},"r":{"a":0,"k":0,"ix":10},"p":{"a":0,"k":[540,960,0],"ix":2},"a":{"a":0,"k":[540,960,0],"ix":1},"s":{"a":0,"k":[100,100,100],"ix":6}},"ao":0,"w":1080,"h":1920,"ip":0,"op":22,"st":0,"bm":0},{"ddd":0,"ind":8,"ty":2,"nm":"路由器","refId":"image_8","sr":1,"ks":{"o":{"a":0,"k":100,"ix":11},"r":{"a":0,"k":0,"ix":10},"p":{"a":0,"k":[541,734,0],"ix":2},"a":{"a":0,"k":[114,114,0],"ix":1},"s":{"a":0,"k":[100,100,100],"ix":6}},"ao":0,"ip":0,"op":121,"st":0,"bm":0},{"ddd":0,"ind":9,"ty":2,"nm":"网络光环","refId":"image_9","sr":1,"ks":{"o":{"a":1,"k":[{"i":{"x":[0.833],"y":[0.833]},"o":{"x":[0.167],"y":[0.167]},"t":51,"s":[0]},{"i":{"x":[0.833],"y":[0.833]},"o":{"x":[0.167],"y":[0.167]},"t":56,"s":[100]},{"i":{"x":[0.833],"y":[0.833]},"o":{"x":[0.167],"y":[0.167]},"t":74,"s":[100]},{"t":79,"s":[0]}],"ix":11},"r":{"a":1,"k":[{"i":{"x":[0.833],"y":[0.833]},"o":{"x":[0.167],"y":[0.167]},"t":51,"s":[0]},{"t":79,"s":[-720]}],"ix":10},"p":{"a":0,"k":[541,734,0],"ix":2},"a":{"a":0,"k":[357,206,0],"ix":1},"s":{"a":0,"k":[100,100,100],"ix":6}},"ao":0,"ip":51,"op":121,"st":0,"bm":0},{"ddd":0,"ind":10,"ty":2,"nm":"网络圆环","refId":"image_10","sr":1,"ks":{"o":{"a":1,"k":[{"i":{"x":[0.833],"y":[0.833]},"o":{"x":[0.167],"y":[0.167]},"t":50,"s":[0]},{"i":{"x":[0.833],"y":[0.833]},"o":{"x":[0.167],"y":[0.167]},"t":55,"s":[100]},{"i":{"x":[0.833],"y":[0.833]},"o":{"x":[0.167],"y":[0.167]},"t":82,"s":[100]},{"t":87,"s":[0]}],"ix":11},"r":{"a":1,"k":[{"i":{"x":[0.833],"y":[0.833]},"o":{"x":[0.167],"y":[0.167]},"t":50,"s":[0]},{"t":87,"s":[-1080]}],"ix":10},"p":{"a":0,"k":[541,734,0],"ix":2},"a":{"a":0,"k":[402,402,0],"ix":1},"s":{"a":0,"k":[100,100,100],"ix":6}},"ao":0,"ip":50,"op":121,"st":0,"bm":0},{"ddd":0,"ind":11,"ty":2,"nm":"椭圆 1005 拷贝","refId":"image_11","sr":1,"ks":{"o":{"a":1,"k":[{"i":{"x":[0.833],"y":[0.833]},"o":{"x":[0.167],"y":[0.167]},"t":0,"s":[40]},{"i":{"x":[0.833],"y":[0.833]},"o":{"x":[0.167],"y":[0.167]},"t":25,"s":[0]},{"i":{"x":[0.833],"y":[0.833]},"o":{"x":[0.167],"y":[0.167]},"t":50,"s":[40]},{"i":{"x":[0.833],"y":[0.833]},"o":{"x":[0.167],"y":[0.167]},"t":87,"s":[40]},{"i":{"x":[0.833],"y":[0.833]},"o":{"x":[0.167],"y":[0.167]},"t":91,"s":[0]},{"i":{"x":[0.833],"y":[0.833]},"o":{"x":[0.167],"y":[0.167]},"t":95,"s":[0]},{"t":122,"s":[40]}],"ix":11},"r":{"a":1,"k":[{"i":{"x":[0.833],"y":[0.833]},"o":{"x":[0.167],"y":[0.167]},"t":50,"s":[0]},{"t":87,"s":[0]}],"ix":10},"p":{"a":0,"k":[540,976,0],"ix":2},"a":{"a":0,"k":[540,960,0],"ix":1},"s":{"a":0,"k":[100,100,100],"ix":6}},"ao":0,"hasMask":true,"masksProperties":[{"inv":false,"mode":"a","pt":{"a":0,"k":{"i":[[227.844,0],[0,227.844],[-227.844,0],[0,-227.844]],"o":[[-227.844,0],[0,-227.844],[227.844,0],[0,227.844]],"v":[[540.205,1130.548],[127.656,718],[540.205,305.452],[952.753,718]],"c":true},"ix":1},"o":{"a":0,"k":100,"ix":3},"x":{"a":0,"k":0,"ix":4},"nm":"蒙版 1"},{"inv":false,"mode":"s","pt":{"a":0,"k":{"i":[[222.195,0],[0,-222.195],[-222.195,0],[0,222.195]],"o":[[-222.195,0],[0,222.195],[222.195,0],[0,-222.195]],"v":[[539.921,315.396],[137.601,717.716],[539.921,1120.036],[942.24,717.716]],"c":true},"ix":1},"o":{"a":0,"k":100,"ix":3},"x":{"a":0,"k":0,"ix":4},"nm":"蒙版 2"}],"ip":0,"op":121,"st":0,"bm":0},{"ddd":0,"ind":12,"ty":4,"nm":"形状图层 1","td":1,"sr":1,"ks":{"o":{"a":0,"k":100,"ix":11},"r":{"a":0,"k":0,"ix":10},"p":{"a":0,"k":[543,738,0],"ix":2},"a":{"a":0,"k":[2,-226,0],"ix":1},"s":{"a":0,"k":[154,154,100],"ix":6}},"ao":0,"shapes":[{"ty":"gr","it":[{"d":1,"ty":"el","s":{"a":0,"k":[532,532],"ix":2},"p":{"a":0,"k":[0,0],"ix":3},"nm":"椭圆路径 1","mn":"ADBE Vector Shape - Ellipse","hd":false},{"ty":"fl","c":{"a":0,"k":[0,0,0,1],"ix":4},"o":{"a":0,"k":100,"ix":5},"r":1,"bm":0,"nm":"填充 1","mn":"ADBE Vector Graphic - Fill","hd":false},{"ty":"tr","p":{"a":0,"k":[0,-228],"ix":2},"a":{"a":0,"k":[0,0],"ix":1},"s":{"a":0,"k":[100,100],"ix":3},"r":{"a":0,"k":0,"ix":6},"o":{"a":0,"k":100,"ix":7},"sk":{"a":0,"k":0,"ix":4},"sa":{"a":0,"k":0,"ix":5},"nm":"变换"}],"nm":"椭圆 1","np":3,"cix":2,"bm":0,"ix":1,"mn":"ADBE Vector Group","hd":false}],"ip":0,"op":121,"st":0,"bm":0},{"ddd":0,"ind":13,"ty":2,"nm":"cirban  50","tt":1,"refId":"image_12","sr":1,"ks":{"o":{"a":1,"k":[{"i":{"x":[0.833],"y":[0.833]},"o":{"x":[0.167],"y":[0.167]},"t":106,"s":[50.196]},{"t":114,"s":[0]}],"ix":11},"r":{"a":1,"k":[{"i":{"x":[0.833],"y":[0.833]},"o":{"x":[0.167],"y":[0.167]},"t":79,"s":[0]},{"t":114,"s":[-1080]}],"ix":10},"p":{"a":0,"k":[540,734,0],"ix":2},"a":{"a":0,"k":[349,349,0],"ix":1},"s":{"a":1,"k":[{"i":{"x":[0.833,0.833,0.833],"y":[0.833,0.833,0.833]},"o":{"x":[0.167,0.167,0.167],"y":[0.167,0.167,0.167]},"t":79,"s":[164,164,100]},{"t":114,"s":[68,68,100]}],"ix":6}},"ao":0,"ip":79,"op":121,"st":2,"bm":0}],"markers":[]}