{"v":"5.7.1","fr":25,"ip":0,"op":51,"w":770,"h":770,"nm":"06.30清理头部圆动效 2","ddd":0,"assets":[{"id":"image_0","w":769,"h":768,"u":"images/","p":"img_0.png","e":0},{"id":"image_1","w":546,"h":652,"u":"images/","p":"img_1.png","e":0}],"layers":[{"ddd":0,"ind":4,"ty":2,"nm":"yuanl","refId":"image_0","sr":1,"ks":{"o":{"a":0,"k":100,"ix":11},"r":{"a":0,"k":0,"ix":10},"p":{"a":0,"k":[384.5,385,0],"ix":2},"a":{"a":0,"k":[384.5,384,0],"ix":1},"s":{"a":0,"k":[100,100,100],"ix":6}},"ao":0,"ip":0,"op":278,"st":0,"bm":0},{"ddd":0,"ind":5,"ty":2,"nm":"xianl 2","refId":"image_1","sr":1,"ks":{"o":{"a":1,"k":[{"i":{"x":[0.833],"y":[0.833]},"o":{"x":[0.167],"y":[0.167]},"t":0,"s":[50]},{"i":{"x":[0.833],"y":[0.833]},"o":{"x":[0.167],"y":[0.167]},"t":25,"s":[20]},{"t":50,"s":[50]}],"ix":11},"r":{"a":1,"k":[{"i":{"x":[0.833],"y":[0.833]},"o":{"x":[0.167],"y":[0.167]},"t":0,"s":[90]},{"t":50,"s":[-360]}],"ix":10},"p":{"a":0,"k":[386,375,0],"ix":2},"a":{"a":0,"k":[273,326,0],"ix":1},"s":{"a":0,"k":[100,100,100],"ix":6}},"ao":0,"ip":0,"op":278,"st":0,"bm":0},{"ddd":0,"ind":6,"ty":2,"nm":"xianl","refId":"image_1","sr":1,"ks":{"o":{"a":1,"k":[{"i":{"x":[0.833],"y":[0.833]},"o":{"x":[0.167],"y":[0.167]},"t":0,"s":[50]},{"i":{"x":[0.833],"y":[0.833]},"o":{"x":[0.167],"y":[0.167]},"t":25,"s":[20]},{"t":50,"s":[50]}],"ix":11},"r":{"a":1,"k":[{"i":{"x":[0.833],"y":[0.833]},"o":{"x":[0.167],"y":[0.167]},"t":0,"s":[0]},{"t":50,"s":[360]}],"ix":10},"p":{"a":0,"k":[386,375,0],"ix":2},"a":{"a":0,"k":[273,326,0],"ix":1},"s":{"a":0,"k":[100,100,100],"ix":6}},"ao":0,"ip":0,"op":278,"st":0,"bm":0}],"markers":[]}