{"v":"5.7.6","fr":25,"ip":0,"op":125,"w":1080,"h":1920,"nm":"垃圾清理-lottie","ddd":0,"assets":[{"id":"image_0","w":147,"h":21,"u":"images/","p":"img_0.png","e":0},{"id":"image_1","w":73,"h":195,"u":"images/","p":"img_1.png","e":0},{"id":"image_2","w":324,"h":79,"u":"images/","p":"img_2.png","e":0},{"id":"image_3","w":244,"h":55,"u":"images/","p":"img_3.png","e":0},{"id":"image_4","w":323,"h":344,"u":"images/","p":"img_4.png","e":0},{"id":"image_5","w":301,"h":301,"u":"images/","p":"img_5.png","e":0},{"id":"image_6","w":384,"h":384,"u":"images/","p":"img_6.png","e":0},{"id":"image_7","w":246,"h":91,"u":"images/","p":"img_7.png","e":0},{"id":"image_8","w":324,"h":65,"u":"images/","p":"img_8.png","e":0},{"id":"image_9","w":1018,"h":462,"u":"images/","p":"img_9.png","e":0},{"id":"comp_0","layers":[{"ddd":0,"ind":3,"ty":0,"nm":"结束动画","refId":"comp_1","sr":1,"ks":{"o":{"a":0,"k":100,"ix":11},"r":{"a":0,"k":0,"ix":10},"p":{"a":0,"k":[180,320,0],"ix":2,"l":2},"a":{"a":0,"k":[180,223.5,0],"ix":1,"l":2},"s":{"a":0,"k":[100,100,100],"ix":6,"l":2}},"ao":0,"w":360,"h":447,"ip":75,"op":325,"st":75,"bm":0},{"ddd":0,"ind":4,"ty":0,"nm":"吸尘器","refId":"comp_2","sr":1,"ks":{"o":{"a":1,"k":[{"i":{"x":[0.569],"y":[1]},"o":{"x":[0.203],"y":[0]},"t":37.5,"s":[0]},{"i":{"x":[0.703],"y":[1]},"o":{"x":[0.317],"y":[0]},"t":50,"s":[100]},{"i":{"x":[0.201],"y":[1]},"o":{"x":[0.333],"y":[0]},"t":75,"s":[100]},{"t":87.5,"s":[0]}],"ix":11},"r":{"a":0,"k":0,"ix":10},"p":{"a":1,"k":[{"i":{"x":0.667,"y":1},"o":{"x":0.333,"y":0},"t":50,"s":[180,320,0],"to":[-14,-0.5,0],"ti":[-15.625,-0.75,0]},{"i":{"x":0.667,"y":1},"o":{"x":0.333,"y":0},"t":62.5,"s":[179.625,341.25,0],"to":[15.625,0.75,0],"ti":[15.042,0.667,0]},{"i":{"x":0.667,"y":1},"o":{"x":0.333,"y":0},"t":75,"s":[180,320,0],"to":[-36.907,-3.779,0],"ti":[0,33.333,0]},{"t":87.5,"s":[180,120,0]}],"ix":2,"l":2},"a":{"a":0,"k":[180,320,0],"ix":1,"l":2},"s":{"a":1,"k":[{"i":{"x":[0.201,0.201,0.667],"y":[1,1,1]},"o":{"x":[0.333,0.333,0.333],"y":[0,0,0]},"t":75,"s":[100,100,100]},{"t":87.5,"s":[0,0,100]}],"ix":6,"l":2}},"ao":0,"w":360,"h":640,"ip":37.5,"op":162.5,"st":12.5,"bm":0},{"ddd":0,"ind":5,"ty":0,"nm":"垃圾清理","refId":"comp_5","sr":1,"ks":{"o":{"a":1,"k":[{"i":{"x":[0],"y":[1]},"o":{"x":[0.333],"y":[0]},"t":0,"s":[0]},{"i":{"x":[0],"y":[1]},"o":{"x":[0.333],"y":[0]},"t":12.5,"s":[100]},{"i":{"x":[0],"y":[1]},"o":{"x":[0.333],"y":[0]},"t":37.5,"s":[100]},{"t":50,"s":[0]}],"ix":11},"r":{"a":1,"k":[{"i":{"x":[0.098],"y":[1]},"o":{"x":[0.333],"y":[0]},"t":0,"s":[0]},{"i":{"x":[0.363],"y":[1]},"o":{"x":[0.495],"y":[0]},"t":12.5,"s":[16]},{"i":{"x":[0.535],"y":[1]},"o":{"x":[0.221],"y":[0]},"t":25,"s":[8]},{"i":{"x":[0.098],"y":[1]},"o":{"x":[0.333],"y":[0]},"t":37.5,"s":[16]},{"t":50,"s":[0]}],"ix":10},"p":{"a":1,"k":[{"i":{"x":0.001,"y":1},"o":{"x":0.333,"y":0},"t":37.5,"s":[180,320,0],"to":[14,-17.333,0],"ti":[0,13.333,0]},{"t":50,"s":[180,240,0]}],"ix":2,"l":2},"a":{"a":0,"k":[151.5,103,0],"ix":1,"l":2},"s":{"a":1,"k":[{"i":{"x":[0,0,0.667],"y":[1,1,1]},"o":{"x":[0.333,0.333,0.333],"y":[0,0,0]},"t":0,"s":[0,0,100]},{"i":{"x":[0,0,0.667],"y":[1,1,1]},"o":{"x":[0.333,0.333,0.333],"y":[0,0,0]},"t":12.5,"s":[128,128,100]},{"i":{"x":[0,0,0.667],"y":[1,1,1]},"o":{"x":[0.333,0.333,0.333],"y":[0,0,0]},"t":37.5,"s":[128,128,100]},{"t":50,"s":[0,0,100]}],"ix":6,"l":2}},"ao":0,"w":303,"h":206,"ip":0,"op":125,"st":0,"bm":0},{"ddd":0,"ind":6,"ty":0,"nm":"垃圾元素","refId":"comp_17","sr":1,"ks":{"o":{"a":1,"k":[{"i":{"x":[0.201],"y":[1]},"o":{"x":[0.333],"y":[0]},"t":75,"s":[100]},{"t":87.5,"s":[0]}],"ix":11},"r":{"a":0,"k":0,"ix":10},"p":{"a":1,"k":[{"i":{"x":0.667,"y":1},"o":{"x":0.333,"y":0},"t":50,"s":[180,320,0],"to":[0,10,0],"ti":[0,0,0]},{"i":{"x":0.667,"y":1},"o":{"x":0.333,"y":0},"t":62.5,"s":[180,380,0],"to":[0,0,0],"ti":[0,10,0]},{"t":75,"s":[180,320,0]}],"ix":2,"l":2},"a":{"a":0,"k":[180,320,0],"ix":1,"l":2},"s":{"a":0,"k":[100,100,100],"ix":6,"l":2}},"ao":0,"w":360,"h":640,"ip":50,"op":200,"st":50,"bm":0},{"ddd":0,"ind":7,"ty":0,"nm":"漂浮元素","refId":"comp_27","sr":1,"ks":{"o":{"a":1,"k":[{"i":{"x":[0.201],"y":[1]},"o":{"x":[0.333],"y":[0]},"t":75,"s":[100]},{"t":87.5,"s":[0]}],"ix":11},"r":{"a":0,"k":0,"ix":10},"p":{"a":1,"k":[{"i":{"x":0.667,"y":1},"o":{"x":0.333,"y":0},"t":50,"s":[180,320,0],"to":[0,6.667,0],"ti":[0,0,0]},{"i":{"x":0.667,"y":1},"o":{"x":0.333,"y":0},"t":62.5,"s":[180,360,0],"to":[0,0,0],"ti":[0,6.667,0]},{"t":75,"s":[180,320,0]}],"ix":2,"l":2},"a":{"a":0,"k":[180,320,0],"ix":1,"l":2},"s":{"a":0,"k":[100,100,100],"ix":6,"l":2}},"ao":0,"w":360,"h":640,"ip":50,"op":300,"st":50,"bm":0},{"ddd":0,"ind":8,"ty":0,"nm":"范围动效","parent":4,"refId":"comp_30","sr":1,"ks":{"o":{"a":1,"k":[{"i":{"x":[0.833],"y":[0.833]},"o":{"x":[0.167],"y":[0.167]},"t":41.667,"s":[0]},{"t":50,"s":[100]}],"ix":11},"r":{"a":0,"k":0,"ix":10},"p":{"a":1,"k":[{"i":{"x":0.667,"y":0.667},"o":{"x":0.333,"y":0.333},"t":50,"s":[180,320,0],"to":[0,0,0],"ti":[0,0,0]},{"i":{"x":0.667,"y":0.667},"o":{"x":0.333,"y":0.333},"t":62.5,"s":[180,320,0],"to":[0,0,0],"ti":[0,0,0]},{"t":75,"s":[180,320,0]}],"ix":2,"l":2},"a":{"a":0,"k":[180,320,0],"ix":1,"l":2},"s":{"a":0,"k":[100,100,100],"ix":6,"l":2}},"ao":0,"w":360,"h":640,"ip":37.5,"op":187.5,"st":37.5,"bm":0}]},{"id":"comp_1","layers":[{"ddd":0,"ind":1,"ty":4,"nm":"形状图层 9","sr":1,"ks":{"o":{"a":1,"k":[{"i":{"x":[0.085],"y":[1]},"o":{"x":[0.333],"y":[0]},"t":35.294,"s":[0]},{"i":{"x":[0.085],"y":[1]},"o":{"x":[0.333],"y":[0]},"t":42.648,"s":[100]},{"t":50,"s":[0]}],"ix":11},"r":{"a":0,"k":0,"ix":10},"p":{"a":0,"k":[139,129,0],"ix":2,"l":2},"a":{"a":0,"k":[85,-97.5,0],"ix":1,"l":2},"s":{"a":1,"k":[{"i":{"x":[0.085,0.085,0.667],"y":[1,1,1]},"o":{"x":[0.333,0.333,0.333],"y":[0,0,0]},"t":35.294,"s":[0,0,100]},{"i":{"x":[0.085,0.085,0.667],"y":[1,1,1]},"o":{"x":[0.333,0.333,0.333],"y":[0,0,0]},"t":42.648,"s":[25.709,25.709,100]},{"t":50,"s":[0,0,100]}],"ix":6,"l":2}},"ao":0,"shapes":[{"ty":"gr","it":[{"ind":0,"ty":"sh","ix":1,"ks":{"a":0,"k":{"i":[[7.5,17.5],[0,0],[-9.875,-18.875],[0,0]],"o":[[-6.25,18.75],[0,0],[8.125,-18.875],[0,0]],"v":[[84.5,-123.5],[58.5,-93.5],[85.875,-67.125],[113.5,-95]],"c":true},"ix":2},"nm":"路径 1","mn":"ADBE Vector Shape - Group","hd":false},{"ty":"fl","c":{"a":0,"k":[1,1,1,1],"ix":4},"o":{"a":0,"k":100,"ix":5},"r":1,"bm":0,"nm":"填充 1","mn":"ADBE Vector Graphic - Fill","hd":false},{"ty":"tr","p":{"a":0,"k":[0,0],"ix":2},"a":{"a":0,"k":[0,0],"ix":1},"s":{"a":0,"k":[100,100],"ix":3},"r":{"a":0,"k":0,"ix":6},"o":{"a":0,"k":100,"ix":7},"sk":{"a":0,"k":0,"ix":4},"sa":{"a":0,"k":0,"ix":5},"nm":"变换"}],"nm":"形状 1","np":3,"cix":2,"bm":0,"ix":1,"mn":"ADBE Vector Group","hd":false}],"ip":0,"op":250,"st":0,"bm":0},{"ddd":0,"ind":2,"ty":4,"nm":"形状图层 10","sr":1,"ks":{"o":{"a":1,"k":[{"i":{"x":[0.085],"y":[1]},"o":{"x":[0.333],"y":[0]},"t":27.941,"s":[0]},{"i":{"x":[0.085],"y":[1]},"o":{"x":[0.333],"y":[0]},"t":35.294,"s":[100]},{"t":42.6481119791667,"s":[0]}],"ix":11},"r":{"a":0,"k":0,"ix":10},"p":{"a":0,"k":[268,207,0],"ix":2,"l":2},"a":{"a":0,"k":[85,-97.5,0],"ix":1,"l":2},"s":{"a":1,"k":[{"i":{"x":[0.085,0.085,0.667],"y":[1,1,1]},"o":{"x":[0.333,0.333,0.333],"y":[0,0,0]},"t":27.941,"s":[0,0,100]},{"i":{"x":[0.085,0.085,0.667],"y":[1,1,1]},"o":{"x":[0.333,0.333,0.333],"y":[0,0,0]},"t":35.294,"s":[25.709,25.709,100]},{"t":42.6481119791667,"s":[0,0,100]}],"ix":6,"l":2}},"ao":0,"shapes":[{"ty":"gr","it":[{"ind":0,"ty":"sh","ix":1,"ks":{"a":0,"k":{"i":[[7.5,17.5],[0,0],[-9.875,-18.875],[0,0]],"o":[[-6.25,18.75],[0,0],[8.125,-18.875],[0,0]],"v":[[84.5,-123.5],[58.5,-93.5],[85.875,-67.125],[113.5,-95]],"c":true},"ix":2},"nm":"路径 1","mn":"ADBE Vector Shape - Group","hd":false},{"ty":"fl","c":{"a":0,"k":[1,1,1,1],"ix":4},"o":{"a":0,"k":100,"ix":5},"r":1,"bm":0,"nm":"填充 1","mn":"ADBE Vector Graphic - Fill","hd":false},{"ty":"tr","p":{"a":0,"k":[0,0],"ix":2},"a":{"a":0,"k":[0,0],"ix":1},"s":{"a":0,"k":[100,100],"ix":3},"r":{"a":0,"k":0,"ix":6},"o":{"a":0,"k":100,"ix":7},"sk":{"a":0,"k":0,"ix":4},"sa":{"a":0,"k":0,"ix":5},"nm":"变换"}],"nm":"形状 1","np":3,"cix":2,"bm":0,"ix":1,"mn":"ADBE Vector Group","hd":false}],"ip":0,"op":250,"st":0,"bm":0},{"ddd":0,"ind":3,"ty":4,"nm":"形状图层 8","sr":1,"ks":{"o":{"a":1,"k":[{"i":{"x":[0.085],"y":[1]},"o":{"x":[0.333],"y":[0]},"t":23.04,"s":[0]},{"i":{"x":[0.085],"y":[1]},"o":{"x":[0.333],"y":[0]},"t":30.392,"s":[100]},{"t":37.74658203125,"s":[0]}],"ix":11},"r":{"a":0,"k":0,"ix":10},"p":{"a":0,"k":[88,272,0],"ix":2,"l":2},"a":{"a":0,"k":[85,-97.5,0],"ix":1,"l":2},"s":{"a":1,"k":[{"i":{"x":[0.085,0.085,0.667],"y":[1,1,1]},"o":{"x":[0.333,0.333,0.333],"y":[0,0,0]},"t":23.04,"s":[0,0,100]},{"i":{"x":[0.085,0.085,0.667],"y":[1,1,1]},"o":{"x":[0.333,0.333,0.333],"y":[0,0,0]},"t":30.392,"s":[25.709,25.709,100]},{"t":37.74658203125,"s":[0,0,100]}],"ix":6,"l":2}},"ao":0,"shapes":[{"ty":"gr","it":[{"ind":0,"ty":"sh","ix":1,"ks":{"a":0,"k":{"i":[[7.5,17.5],[0,0],[-9.875,-18.875],[0,0]],"o":[[-6.25,18.75],[0,0],[8.125,-18.875],[0,0]],"v":[[84.5,-123.5],[58.5,-93.5],[85.875,-67.125],[113.5,-95]],"c":true},"ix":2},"nm":"路径 1","mn":"ADBE Vector Shape - Group","hd":false},{"ty":"fl","c":{"a":0,"k":[1,1,1,1],"ix":4},"o":{"a":0,"k":100,"ix":5},"r":1,"bm":0,"nm":"填充 1","mn":"ADBE Vector Graphic - Fill","hd":false},{"ty":"tr","p":{"a":0,"k":[0,0],"ix":2},"a":{"a":0,"k":[0,0],"ix":1},"s":{"a":0,"k":[100,100],"ix":3},"r":{"a":0,"k":0,"ix":6},"o":{"a":0,"k":100,"ix":7},"sk":{"a":0,"k":0,"ix":4},"sa":{"a":0,"k":0,"ix":5},"nm":"变换"}],"nm":"形状 1","np":3,"cix":2,"bm":0,"ix":1,"mn":"ADBE Vector Group","hd":false}],"ip":0,"op":250,"st":0,"bm":0},{"ddd":0,"ind":4,"ty":4,"nm":"形状图层 7","sr":1,"ks":{"o":{"a":1,"k":[{"i":{"x":[0.085],"y":[1]},"o":{"x":[0.333],"y":[0]},"t":15.685,"s":[0]},{"i":{"x":[0.085],"y":[1]},"o":{"x":[0.333],"y":[0]},"t":23.04,"s":[100]},{"t":30.3922526041667,"s":[0]}],"ix":11},"r":{"a":0,"k":0,"ix":10},"p":{"a":0,"k":[75,142,0],"ix":2,"l":2},"a":{"a":0,"k":[85,-97.5,0],"ix":1,"l":2},"s":{"a":1,"k":[{"i":{"x":[0.085,0.085,0.667],"y":[1,1,1]},"o":{"x":[0.333,0.333,0.333],"y":[0,0,0]},"t":15.685,"s":[0,0,100]},{"i":{"x":[0.085,0.085,0.667],"y":[1,1,1]},"o":{"x":[0.333,0.333,0.333],"y":[0,0,0]},"t":23.04,"s":[25.709,25.709,100]},{"t":30.3922526041667,"s":[0,0,100]}],"ix":6,"l":2}},"ao":0,"shapes":[{"ty":"gr","it":[{"ind":0,"ty":"sh","ix":1,"ks":{"a":0,"k":{"i":[[7.5,17.5],[0,0],[-9.875,-18.875],[0,0]],"o":[[-6.25,18.75],[0,0],[8.125,-18.875],[0,0]],"v":[[84.5,-123.5],[58.5,-93.5],[85.875,-67.125],[113.5,-95]],"c":true},"ix":2},"nm":"路径 1","mn":"ADBE Vector Shape - Group","hd":false},{"ty":"fl","c":{"a":0,"k":[1,1,1,1],"ix":4},"o":{"a":0,"k":100,"ix":5},"r":1,"bm":0,"nm":"填充 1","mn":"ADBE Vector Graphic - Fill","hd":false},{"ty":"tr","p":{"a":0,"k":[0,0],"ix":2},"a":{"a":0,"k":[0,0],"ix":1},"s":{"a":0,"k":[100,100],"ix":3},"r":{"a":0,"k":0,"ix":6},"o":{"a":0,"k":100,"ix":7},"sk":{"a":0,"k":0,"ix":4},"sa":{"a":0,"k":0,"ix":5},"nm":"变换"}],"nm":"形状 1","np":3,"cix":2,"bm":0,"ix":1,"mn":"ADBE Vector Group","hd":false}],"ip":0,"op":250,"st":0,"bm":0},{"ddd":0,"ind":5,"ty":4,"nm":"形状图层 6","sr":1,"ks":{"o":{"a":1,"k":[{"i":{"x":[0.085],"y":[1]},"o":{"x":[0.333],"y":[0]},"t":23.04,"s":[0]},{"i":{"x":[0.085],"y":[1]},"o":{"x":[0.333],"y":[0]},"t":30.392,"s":[100]},{"t":37.74658203125,"s":[0]}],"ix":11},"r":{"a":0,"k":0,"ix":10},"p":{"a":0,"k":[234,307,0],"ix":2,"l":2},"a":{"a":0,"k":[85,-97.5,0],"ix":1,"l":2},"s":{"a":1,"k":[{"i":{"x":[0.085,0.085,0.667],"y":[1,1,1]},"o":{"x":[0.333,0.333,0.333],"y":[0,0,0]},"t":23.04,"s":[0,0,100]},{"i":{"x":[0.085,0.085,0.667],"y":[1,1,1]},"o":{"x":[0.333,0.333,0.333],"y":[0,0,0]},"t":30.392,"s":[52.632,52.632,100]},{"t":37.74658203125,"s":[0,0,100]}],"ix":6,"l":2}},"ao":0,"shapes":[{"ty":"gr","it":[{"ind":0,"ty":"sh","ix":1,"ks":{"a":0,"k":{"i":[[7.5,17.5],[0,0],[-9.875,-18.875],[0,0]],"o":[[-6.25,18.75],[0,0],[8.125,-18.875],[0,0]],"v":[[84.5,-123.5],[58.5,-93.5],[85.875,-67.125],[113.5,-95]],"c":true},"ix":2},"nm":"路径 1","mn":"ADBE Vector Shape - Group","hd":false},{"ty":"fl","c":{"a":0,"k":[1,1,1,1],"ix":4},"o":{"a":0,"k":100,"ix":5},"r":1,"bm":0,"nm":"填充 1","mn":"ADBE Vector Graphic - Fill","hd":false},{"ty":"tr","p":{"a":0,"k":[0,0],"ix":2},"a":{"a":0,"k":[0,0],"ix":1},"s":{"a":0,"k":[100,100],"ix":3},"r":{"a":0,"k":0,"ix":6},"o":{"a":0,"k":100,"ix":7},"sk":{"a":0,"k":0,"ix":4},"sa":{"a":0,"k":0,"ix":5},"nm":"变换"}],"nm":"形状 1","np":3,"cix":2,"bm":0,"ix":1,"mn":"ADBE Vector Group","hd":false}],"ip":0,"op":250,"st":0,"bm":0},{"ddd":0,"ind":6,"ty":4,"nm":"形状图层 5","sr":1,"ks":{"o":{"a":1,"k":[{"i":{"x":[0.085],"y":[1]},"o":{"x":[0.333],"y":[0]},"t":15.685,"s":[0]},{"i":{"x":[0.085],"y":[1]},"o":{"x":[0.333],"y":[0]},"t":23.04,"s":[100]},{"t":30.3922526041667,"s":[0]}],"ix":11},"r":{"a":0,"k":0,"ix":10},"p":{"a":0,"k":[102,328,0],"ix":2,"l":2},"a":{"a":0,"k":[85,-97.5,0],"ix":1,"l":2},"s":{"a":1,"k":[{"i":{"x":[0.085,0.085,0.667],"y":[1,1,1]},"o":{"x":[0.333,0.333,0.333],"y":[0,0,0]},"t":15.685,"s":[0,0,100]},{"i":{"x":[0.085,0.085,0.667],"y":[1,1,1]},"o":{"x":[0.333,0.333,0.333],"y":[0,0,0]},"t":23.04,"s":[52.632,52.632,100]},{"t":30.3922526041667,"s":[0,0,100]}],"ix":6,"l":2}},"ao":0,"shapes":[{"ty":"gr","it":[{"ind":0,"ty":"sh","ix":1,"ks":{"a":0,"k":{"i":[[7.5,17.5],[0,0],[-9.875,-18.875],[0,0]],"o":[[-6.25,18.75],[0,0],[8.125,-18.875],[0,0]],"v":[[84.5,-123.5],[58.5,-93.5],[85.875,-67.125],[113.5,-95]],"c":true},"ix":2},"nm":"路径 1","mn":"ADBE Vector Shape - Group","hd":false},{"ty":"fl","c":{"a":0,"k":[1,1,1,1],"ix":4},"o":{"a":0,"k":100,"ix":5},"r":1,"bm":0,"nm":"填充 1","mn":"ADBE Vector Graphic - Fill","hd":false},{"ty":"tr","p":{"a":0,"k":[0,0],"ix":2},"a":{"a":0,"k":[0,0],"ix":1},"s":{"a":0,"k":[100,100],"ix":3},"r":{"a":0,"k":0,"ix":6},"o":{"a":0,"k":100,"ix":7},"sk":{"a":0,"k":0,"ix":4},"sa":{"a":0,"k":0,"ix":5},"nm":"变换"}],"nm":"形状 1","np":3,"cix":2,"bm":0,"ix":1,"mn":"ADBE Vector Group","hd":false}],"ip":0,"op":250,"st":0,"bm":0},{"ddd":0,"ind":7,"ty":4,"nm":"形状图层 4","sr":1,"ks":{"o":{"a":1,"k":[{"i":{"x":[0.085],"y":[1]},"o":{"x":[0.333],"y":[0]},"t":8.333,"s":[0]},{"i":{"x":[0.085],"y":[1]},"o":{"x":[0.333],"y":[0]},"t":15.685,"s":[100]},{"t":23.03955078125,"s":[0]}],"ix":11},"r":{"a":0,"k":0,"ix":10},"p":{"a":0,"k":[265,126,0],"ix":2,"l":2},"a":{"a":0,"k":[85,-97.5,0],"ix":1,"l":2},"s":{"a":1,"k":[{"i":{"x":[0.085,0.085,0.667],"y":[1,1,1]},"o":{"x":[0.333,0.333,0.333],"y":[0,0,0]},"t":8.333,"s":[0,0,100]},{"i":{"x":[0.085,0.085,0.667],"y":[1,1,1]},"o":{"x":[0.333,0.333,0.333],"y":[0,0,0]},"t":15.685,"s":[35.088,35.088,100]},{"t":23.03955078125,"s":[0,0,100]}],"ix":6,"l":2}},"ao":0,"shapes":[{"ty":"gr","it":[{"ind":0,"ty":"sh","ix":1,"ks":{"a":0,"k":{"i":[[7.5,17.5],[0,0],[-9.875,-18.875],[0,0]],"o":[[-6.25,18.75],[0,0],[8.125,-18.875],[0,0]],"v":[[84.5,-123.5],[58.5,-93.5],[85.875,-67.125],[113.5,-95]],"c":true},"ix":2},"nm":"路径 1","mn":"ADBE Vector Shape - Group","hd":false},{"ty":"fl","c":{"a":0,"k":[1,1,1,1],"ix":4},"o":{"a":0,"k":100,"ix":5},"r":1,"bm":0,"nm":"填充 1","mn":"ADBE Vector Graphic - Fill","hd":false},{"ty":"tr","p":{"a":0,"k":[0,0],"ix":2},"a":{"a":0,"k":[0,0],"ix":1},"s":{"a":0,"k":[100,100],"ix":3},"r":{"a":0,"k":0,"ix":6},"o":{"a":0,"k":100,"ix":7},"sk":{"a":0,"k":0,"ix":4},"sa":{"a":0,"k":0,"ix":5},"nm":"变换"}],"nm":"形状 1","np":3,"cix":2,"bm":0,"ix":1,"mn":"ADBE Vector Group","hd":false}],"ip":0,"op":250,"st":0,"bm":0},{"ddd":0,"ind":8,"ty":4,"nm":"形状图层 3","sr":1,"ks":{"o":{"a":0,"k":100,"ix":11},"r":{"a":0,"k":0,"ix":10},"p":{"a":0,"k":[173.5,222.5,0],"ix":2,"l":2},"a":{"a":0,"k":[0,0,0],"ix":1,"l":2},"s":{"a":0,"k":[70.283,70.283,100],"ix":6,"l":2}},"ao":0,"shapes":[{"ty":"gr","it":[{"ind":0,"ty":"sh","ix":1,"ks":{"a":0,"k":{"i":[[0,0],[0,0],[0,0]],"o":[[0,0],[0,0],[0,0]],"v":[[-68.992,-40.406],[4.5,26.5],[53,-25.75]],"c":false},"ix":2},"nm":"路径 1","mn":"ADBE Vector Shape - Group","hd":false},{"ty":"st","c":{"a":0,"k":[1,1,1,1],"ix":3},"o":{"a":0,"k":100,"ix":4},"w":{"a":0,"k":10,"ix":5},"lc":2,"lj":2,"bm":0,"nm":"描边 1","mn":"ADBE Vector Graphic - Stroke","hd":false},{"ty":"tr","p":{"a":0,"k":[0,0],"ix":2},"a":{"a":0,"k":[0,0],"ix":1},"s":{"a":0,"k":[100,100],"ix":3},"r":{"a":0,"k":0,"ix":6},"o":{"a":0,"k":100,"ix":7},"sk":{"a":0,"k":0,"ix":4},"sa":{"a":0,"k":0,"ix":5},"nm":"变换"}],"nm":"形状 1","np":3,"cix":2,"bm":0,"ix":1,"mn":"ADBE Vector Group","hd":false},{"ty":"tm","s":{"a":1,"k":[{"i":{"x":[0],"y":[1]},"o":{"x":[0.333],"y":[0]},"t":16.667,"s":[0]},{"t":29.1666666666667,"s":[36]}],"ix":1},"e":{"a":1,"k":[{"i":{"x":[0],"y":[1]},"o":{"x":[0.333],"y":[0]},"t":16.667,"s":[0]},{"t":29.1666666666667,"s":[100]}],"ix":2},"o":{"a":0,"k":0,"ix":3},"m":1,"ix":2,"nm":"修剪路径 1","mn":"ADBE Vector Filter - Trim","hd":false}],"ip":0,"op":250,"st":0,"bm":0},{"ddd":0,"ind":9,"ty":4,"nm":"形状图层 2","sr":1,"ks":{"o":{"a":0,"k":100,"ix":11},"r":{"a":0,"k":0,"ix":10},"p":{"a":0,"k":[180.579,223.479,0],"ix":2,"l":2},"a":{"a":0,"k":[4.5,-10,0],"ix":1,"l":2},"s":{"a":0,"k":[82.884,82.884,100],"ix":6,"l":2}},"ao":0,"shapes":[{"ty":"gr","it":[{"d":1,"ty":"el","s":{"a":0,"k":[150.744,150.744],"ix":2},"p":{"a":0,"k":[0,0],"ix":3},"nm":"椭圆路径 1","mn":"ADBE Vector Shape - Ellipse","hd":false},{"ty":"st","c":{"a":0,"k":[1,1,1,1],"ix":3},"o":{"a":0,"k":100,"ix":4},"w":{"a":0,"k":8,"ix":5},"lc":2,"lj":2,"bm":0,"nm":"描边 1","mn":"ADBE Vector Graphic - Stroke","hd":false},{"ty":"tr","p":{"a":0,"k":[3.802,-10.579],"ix":2},"a":{"a":0,"k":[0,0],"ix":1},"s":{"a":0,"k":[100,100],"ix":3},"r":{"a":0,"k":0,"ix":6},"o":{"a":0,"k":100,"ix":7},"sk":{"a":0,"k":0,"ix":4},"sa":{"a":0,"k":0,"ix":5},"nm":"变换"}],"nm":"椭圆 1","np":3,"cix":2,"bm":0,"ix":1,"mn":"ADBE Vector Group","hd":false},{"ty":"tm","s":{"a":0,"k":0,"ix":1},"e":{"a":1,"k":[{"i":{"x":[0.001],"y":[1]},"o":{"x":[0.333],"y":[0]},"t":4.167,"s":[0]},{"t":16.6666666666667,"s":[100]}],"ix":2},"o":{"a":0,"k":-54,"ix":3},"m":1,"ix":2,"nm":"修剪路径 1","mn":"ADBE Vector Filter - Trim","hd":false}],"ip":0,"op":250,"st":0,"bm":0}]},{"id":"comp_2","layers":[{"ddd":0,"ind":1,"ty":0,"nm":"吸尘器元素","refId":"comp_3","sr":1,"ks":{"o":{"a":1,"k":[{"i":{"x":[0.202],"y":[1]},"o":{"x":[0.333],"y":[0]},"t":0,"s":[0]},{"t":12.5,"s":[100]}],"ix":11},"r":{"a":0,"k":0,"ix":10},"p":{"a":1,"k":[{"i":{"x":0.202,"y":1},"o":{"x":0.333,"y":0},"t":0,"s":[180,228,0],"to":[0,15.333,0],"ti":[0,-15.333,0]},{"i":{"x":0.202,"y":0.202},"o":{"x":0.333,"y":0.333},"t":12.5,"s":[180,320,0],"to":[0,0,0],"ti":[0,0,0]},{"i":{"x":0.202,"y":1},"o":{"x":0.333,"y":0},"t":25,"s":[180,320,0],"to":[0,-22.667,0],"ti":[0,22.667,0]},{"t":37.5,"s":[180,184,0]}],"ix":2,"l":2},"a":{"a":0,"k":[90,120,0],"ix":1,"l":2},"s":{"a":1,"k":[{"i":{"x":[0.528,0.528,0.667],"y":[1,1,1]},"o":{"x":[0.47,0.47,0.333],"y":[0,0,0]},"t":0,"s":[100,100,100]},{"i":{"x":[0.202,0.202,0.667],"y":[1,1,1]},"o":{"x":[0.333,0.333,0.333],"y":[0,0,0]},"t":12.5,"s":[128,128,100]},{"i":{"x":[0.833,0.833,0.833],"y":[1,1,1]},"o":{"x":[0.333,0.333,0.333],"y":[0,0,0]},"t":25,"s":[128,128,100]},{"i":{"x":[0.202,0.202,0.667],"y":[1,1,1]},"o":{"x":[0.167,0.167,0.167],"y":[0,0,0]},"t":31.25,"s":[128,141.333,100]},{"t":37.5,"s":[128,128,100]}],"ix":6,"l":2}},"ao":0,"w":180,"h":240,"ip":0,"op":150,"st":0,"bm":0}]},{"id":"comp_3","layers":[{"ddd":0,"ind":1,"ty":0,"nm":"吸头","refId":"comp_4","sr":1,"ks":{"o":{"a":0,"k":100,"ix":11},"r":{"a":0,"k":0,"ix":10},"p":{"a":0,"k":[90,120,0],"ix":2,"l":2},"a":{"a":0,"k":[90,120,0],"ix":1,"l":2},"s":{"a":1,"k":[{"i":{"x":[0.667,0.667,0.667],"y":[1,1,1]},"o":{"x":[0.333,0.333,0.333],"y":[0,0,0]},"t":37.5,"s":[100,100,100]},{"i":{"x":[0.667,0.667,0.667],"y":[1,1,1]},"o":{"x":[0.333,0.333,0.333],"y":[0,0,0]},"t":47.916,"s":[100,100,100]},{"i":{"x":[0.667,0.667,0.667],"y":[1,1,1]},"o":{"x":[0.333,0.333,0.333],"y":[0,0,0]},"t":51.25,"s":[108,108,100]},{"i":{"x":[0.667,0.667,0.667],"y":[1,1,1]},"o":{"x":[0.333,0.333,0.333],"y":[0,0,0]},"t":54.166,"s":[100,100,100]},{"i":{"x":[0.667,0.667,0.667],"y":[1,1,1]},"o":{"x":[0.333,0.333,0.333],"y":[0,0,0]},"t":57.5,"s":[108,108,100]},{"i":{"x":[0.667,0.667,0.667],"y":[1,1,1]},"o":{"x":[0.333,0.333,0.333],"y":[0,0,0]},"t":60.417,"s":[100,100,100]},{"t":62.5,"s":[100,100,100]}],"ix":6,"l":2}},"ao":0,"w":180,"h":240,"ip":0,"op":150,"st":0,"bm":0},{"ddd":0,"ind":2,"ty":4,"nm":"横线","sr":1,"ks":{"o":{"a":0,"k":100,"ix":11},"r":{"a":0,"k":0,"ix":10},"p":{"a":0,"k":[90,102.455,0],"ix":2,"l":2},"a":{"a":0,"k":[0,0,0],"ix":1,"l":2},"s":{"a":0,"k":[100,100,100],"ix":6,"l":2}},"ao":0,"shapes":[{"ty":"gr","it":[{"ind":0,"ty":"sh","ix":1,"ks":{"a":0,"k":{"i":[[0,0],[0,0]],"o":[[0,0],[0,0]],"v":[[-13.909,0],[13.909,0]],"c":false},"ix":2},"nm":"路径 1","mn":"ADBE Vector Shape - Group","hd":false},{"ty":"st","c":{"a":0,"k":[0.941176470588,0.517647058824,0.160784313725,1],"ix":3},"o":{"a":0,"k":100,"ix":4},"w":{"a":0,"k":1.636,"ix":5},"lc":1,"lj":1,"ml":4,"bm":0,"nm":"描边 1","mn":"ADBE Vector Graphic - Stroke","hd":false},{"ty":"tr","p":{"a":0,"k":[0,0],"ix":2},"a":{"a":0,"k":[0,0],"ix":1},"s":{"a":0,"k":[100,100],"ix":3},"r":{"a":0,"k":0,"ix":6},"o":{"a":0,"k":100,"ix":7},"sk":{"a":0,"k":0,"ix":4},"sa":{"a":0,"k":0,"ix":5},"nm":"变换"}],"nm":"Line 27","np":2,"cix":2,"bm":0,"ix":1,"mn":"ADBE Vector Group","hd":false}],"ip":0,"op":150,"st":0,"bm":0},{"ddd":0,"ind":3,"ty":4,"nm":"横线1","sr":1,"ks":{"o":{"a":0,"k":100,"ix":11},"r":{"a":0,"k":0,"ix":10},"p":{"a":0,"k":[90,97.545,0],"ix":2,"l":2},"a":{"a":0,"k":[0,0,0],"ix":1,"l":2},"s":{"a":0,"k":[100,100,100],"ix":6,"l":2}},"ao":0,"shapes":[{"ty":"gr","it":[{"ind":0,"ty":"sh","ix":1,"ks":{"a":0,"k":{"i":[[0,0],[0,0]],"o":[[0,0],[0,0]],"v":[[-13.909,0],[13.909,0]],"c":false},"ix":2},"nm":"路径 1","mn":"ADBE Vector Shape - Group","hd":false},{"ty":"st","c":{"a":0,"k":[0.941176470588,0.517647058824,0.160784313725,1],"ix":3},"o":{"a":0,"k":100,"ix":4},"w":{"a":0,"k":1.636,"ix":5},"lc":1,"lj":1,"ml":4,"bm":0,"nm":"描边 1","mn":"ADBE Vector Graphic - Stroke","hd":false},{"ty":"tr","p":{"a":0,"k":[0,0],"ix":2},"a":{"a":0,"k":[0,0],"ix":1},"s":{"a":0,"k":[100,100],"ix":3},"r":{"a":0,"k":0,"ix":6},"o":{"a":0,"k":100,"ix":7},"sk":{"a":0,"k":0,"ix":4},"sa":{"a":0,"k":0,"ix":5},"nm":"变换"}],"nm":"Line 26","np":2,"cix":2,"bm":0,"ix":1,"mn":"ADBE Vector Group","hd":false}],"ip":0,"op":150,"st":0,"bm":0},{"ddd":0,"ind":4,"ty":4,"nm":"横线2","sr":1,"ks":{"o":{"a":0,"k":100,"ix":11},"r":{"a":0,"k":0,"ix":10},"p":{"a":0,"k":[90,92.636,0],"ix":2,"l":2},"a":{"a":0,"k":[0,0,0],"ix":1,"l":2},"s":{"a":0,"k":[100,100,100],"ix":6,"l":2}},"ao":0,"shapes":[{"ty":"gr","it":[{"ind":0,"ty":"sh","ix":1,"ks":{"a":0,"k":{"i":[[0,0],[0,0]],"o":[[0,0],[0,0]],"v":[[-13.909,0],[13.909,0]],"c":false},"ix":2},"nm":"路径 1","mn":"ADBE Vector Shape - Group","hd":false},{"ty":"st","c":{"a":0,"k":[0.941176470588,0.517647058824,0.160784313725,1],"ix":3},"o":{"a":0,"k":100,"ix":4},"w":{"a":0,"k":1.636,"ix":5},"lc":1,"lj":1,"ml":4,"bm":0,"nm":"描边 1","mn":"ADBE Vector Graphic - Stroke","hd":false},{"ty":"tr","p":{"a":0,"k":[0,0],"ix":2},"a":{"a":0,"k":[0,0],"ix":1},"s":{"a":0,"k":[100,100],"ix":3},"r":{"a":0,"k":0,"ix":6},"o":{"a":0,"k":100,"ix":7},"sk":{"a":0,"k":0,"ix":4},"sa":{"a":0,"k":0,"ix":5},"nm":"变换"}],"nm":"Line 25","np":2,"cix":2,"bm":0,"ix":1,"mn":"ADBE Vector Group","hd":false}],"ip":0,"op":150,"st":0,"bm":0},{"ddd":0,"ind":5,"ty":2,"nm":"image_vacuum_cleaner_tube.png","cl":"png","refId":"image_1","sr":1,"ks":{"o":{"a":0,"k":100,"ix":11},"r":{"a":0,"k":0,"ix":10},"p":{"a":0,"k":[90.75,79.5,0],"ix":2,"l":2},"a":{"a":0,"k":[36.5,97.5,0],"ix":1,"l":2},"s":{"a":0,"k":[34.018,33.333,100],"ix":6,"l":2}},"ao":0,"ip":0,"op":150,"st":0,"bm":0}]},{"id":"comp_4","layers":[{"ddd":0,"ind":1,"ty":4,"nm":"吸头 2","td":1,"sr":1,"ks":{"o":{"a":0,"k":100,"ix":11},"r":{"a":0,"k":0,"ix":10},"p":{"a":0,"k":[90,136.818,0],"ix":2,"l":2},"a":{"a":0,"k":[73.636,31.091,0],"ix":1,"l":2},"s":{"a":0,"k":[100,100,100],"ix":6,"l":2}},"ao":0,"shapes":[{"ty":"gr","it":[{"ind":0,"ty":"sh","ix":1,"ks":{"a":0,"k":{"i":[[0,0],[0,0],[0,0],[0,0],[0,0],[0,0],[0,0],[0,0]],"o":[[0,0],[0,0],[0,0],[0,0],[0,0],[0,0],[0,0],[0,0]],"v":[[112.909,0],[34.364,0],[34.364,9.818],[0,9.818],[0,62.182],[147.273,62.182],[147.273,9.818],[112.909,9.818]],"c":true},"ix":2},"nm":"路径 1","mn":"ADBE Vector Shape - Group","hd":false},{"ty":"op","nm":"位移路径 1","a":{"a":0,"k":-0.5,"ix":1},"lj":1,"ml":{"a":0,"k":4,"ix":3},"ix":3,"mn":"ADBE Vector Filter - Offset","hd":false},{"ty":"tr","p":{"a":0,"k":[0,0],"ix":2},"a":{"a":0,"k":[0,0],"ix":1},"s":{"a":0,"k":[100,100],"ix":3},"r":{"a":0,"k":0,"ix":6},"o":{"a":0,"k":100,"ix":7},"sk":{"a":0,"k":0,"ix":4},"sa":{"a":0,"k":0,"ix":5},"nm":"变换"}],"nm":"Union Stroke","np":3,"cix":2,"bm":0,"ix":1,"mn":"ADBE Vector Group","hd":false},{"ty":"gr","it":[{"ind":0,"ty":"sh","ix":1,"ks":{"a":0,"k":{"i":[[0,0],[0,0],[0,0],[0,0],[0,0],[0,0],[0,0],[0,0]],"o":[[0,0],[0,0],[0,0],[0,0],[0,0],[0,0],[0,0],[0,0]],"v":[[112.909,0],[34.364,0],[34.364,9.818],[0,9.818],[0,62.182],[147.273,62.182],[147.273,9.818],[112.909,9.818]],"c":true},"ix":2},"nm":"路径 1","mn":"ADBE Vector Shape - Group","hd":false},{"ty":"fl","c":{"a":0,"k":[0.949019607843,0.98431372549,0.972549019608,1],"ix":4},"o":{"a":0,"k":100,"ix":5},"r":1,"bm":0,"nm":"填充 1","mn":"ADBE Vector Graphic - Fill","hd":false},{"ty":"tr","p":{"a":0,"k":[0,0],"ix":2},"a":{"a":0,"k":[0,0],"ix":1},"s":{"a":0,"k":[100,100],"ix":3},"r":{"a":0,"k":0,"ix":6},"o":{"a":0,"k":100,"ix":7},"sk":{"a":0,"k":0,"ix":4},"sa":{"a":0,"k":0,"ix":5},"nm":"变换"}],"nm":"Union Fill","np":2,"cix":2,"bm":0,"ix":2,"mn":"ADBE Vector Group","hd":false},{"ty":"rd","nm":"圆角 1","r":{"a":0,"k":8,"ix":1},"ix":3,"mn":"ADBE Vector Filter - RC","hd":false}],"ip":0,"op":150,"st":0,"bm":0},{"ddd":0,"ind":2,"ty":2,"nm":"矩形 1","tt":1,"refId":"image_0","sr":1,"ks":{"o":{"a":0,"k":100,"ix":11},"r":{"a":0,"k":0,"ix":10},"p":{"a":0,"k":[90,153.25,0],"ix":2,"l":2},"a":{"a":0,"k":[73.5,10.5,0],"ix":1,"l":2},"s":{"a":0,"k":[100,157.143,100],"ix":6,"l":2}},"ao":0,"ip":0,"op":1500,"st":0,"bm":0},{"ddd":0,"ind":4,"ty":4,"nm":"吸头","sr":1,"ks":{"o":{"a":0,"k":100,"ix":11},"r":{"a":0,"k":0,"ix":10},"p":{"a":0,"k":[90,136.818,0],"ix":2,"l":2},"a":{"a":0,"k":[73.636,31.091,0],"ix":1,"l":2},"s":{"a":0,"k":[100,100,100],"ix":6,"l":2}},"ao":0,"shapes":[{"ty":"gr","it":[{"ind":0,"ty":"sh","ix":1,"ks":{"a":0,"k":{"i":[[0,0],[0,0],[0,0],[0,0],[0,0],[0,0],[0,0],[0,0]],"o":[[0,0],[0,0],[0,0],[0,0],[0,0],[0,0],[0,0],[0,0]],"v":[[112.909,0],[34.364,0],[34.364,9.818],[0,9.818],[0,62.182],[147.273,62.182],[147.273,9.818],[112.909,9.818]],"c":true},"ix":2},"nm":"路径 1","mn":"ADBE Vector Shape - Group","hd":false},{"ty":"op","nm":"位移路径 1","a":{"a":0,"k":-0.5,"ix":1},"lj":1,"ml":{"a":0,"k":4,"ix":3},"ix":3,"mn":"ADBE Vector Filter - Offset","hd":false},{"ty":"tr","p":{"a":0,"k":[0,0],"ix":2},"a":{"a":0,"k":[0,0],"ix":1},"s":{"a":0,"k":[100,100],"ix":3},"r":{"a":0,"k":0,"ix":6},"o":{"a":0,"k":100,"ix":7},"sk":{"a":0,"k":0,"ix":4},"sa":{"a":0,"k":0,"ix":5},"nm":"变换"}],"nm":"Union Stroke","np":3,"cix":2,"bm":0,"ix":1,"mn":"ADBE Vector Group","hd":false},{"ty":"gr","it":[{"ind":0,"ty":"sh","ix":1,"ks":{"a":0,"k":{"i":[[0,0],[0,0],[0,0],[0,0],[0,0],[0,0],[0,0],[0,0]],"o":[[0,0],[0,0],[0,0],[0,0],[0,0],[0,0],[0,0],[0,0]],"v":[[112.909,0],[34.364,0],[34.364,9.818],[0,9.818],[0,62.182],[147.273,62.182],[147.273,9.818],[112.909,9.818]],"c":true},"ix":2},"nm":"路径 1","mn":"ADBE Vector Shape - Group","hd":false},{"ty":"fl","c":{"a":0,"k":[0.949019607843,0.98431372549,0.972549019608,1],"ix":4},"o":{"a":0,"k":100,"ix":5},"r":1,"bm":0,"nm":"填充 1","mn":"ADBE Vector Graphic - Fill","hd":false},{"ty":"tr","p":{"a":0,"k":[0,0],"ix":2},"a":{"a":0,"k":[0,0],"ix":1},"s":{"a":0,"k":[100,100],"ix":3},"r":{"a":0,"k":0,"ix":6},"o":{"a":0,"k":100,"ix":7},"sk":{"a":0,"k":0,"ix":4},"sa":{"a":0,"k":0,"ix":5},"nm":"变换"}],"nm":"Union Fill","np":2,"cix":2,"bm":0,"ix":2,"mn":"ADBE Vector Group","hd":false},{"ty":"rd","nm":"圆角 1","r":{"a":0,"k":8,"ix":1},"ix":3,"mn":"ADBE Vector Filter - RC","hd":false}],"ip":0,"op":150,"st":0,"bm":0}]},{"id":"comp_5","layers":[{"ddd":0,"ind":8,"ty":0,"nm":"垃圾桶","refId":"comp_6","sr":1,"ks":{"o":{"a":0,"k":100,"ix":11},"r":{"a":0,"k":0,"ix":10},"p":{"a":0,"k":[151.5,103,0],"ix":2,"l":2},"a":{"a":0,"k":[180,103,0],"ix":1,"l":2},"s":{"a":0,"k":[100,100,100],"ix":6,"l":2}},"ao":0,"w":360,"h":206,"ip":0,"op":125,"st":0,"bm":0}]},{"id":"comp_6","layers":[{"ddd":0,"ind":1,"ty":2,"nm":"top_front.png","cl":"png","refId":"image_2","sr":1,"ks":{"o":{"a":0,"k":100,"ix":11},"r":{"a":0,"k":0,"ix":10},"p":{"a":0,"k":[180,69.625,0],"ix":2,"l":2},"a":{"a":0,"k":[162,39.5,0],"ix":1,"l":2},"s":{"a":0,"k":[33.642,33.642,100],"ix":6,"l":2}},"ao":0,"ip":0,"op":125,"st":0,"bm":0},{"ddd":0,"ind":2,"ty":2,"nm":"bottom_front.png","cl":"png","refId":"image_3","sr":1,"ks":{"o":{"a":0,"k":100,"ix":11},"r":{"a":0,"k":0,"ix":10},"p":{"a":0,"k":[180,162.75,0],"ix":2,"l":2},"a":{"a":0,"k":[122,27.5,0],"ix":1,"l":2},"s":{"a":0,"k":[34.155,34.155,100],"ix":6,"l":2}},"ao":0,"ip":0,"op":125,"st":0,"bm":0},{"ddd":0,"ind":3,"ty":0,"nm":"中间-玻璃","refId":"comp_7","sr":1,"ks":{"o":{"a":0,"k":100,"ix":11},"r":{"a":0,"k":0,"ix":10},"p":{"a":0,"k":[180.304,114.879,0],"ix":2,"l":2},"a":{"a":0,"k":[54,57.5,0],"ix":1,"l":2},"s":{"a":0,"k":[100,100,100],"ix":6,"l":2}},"ao":0,"w":108,"h":115,"ip":0,"op":1500,"st":0,"bm":0},{"ddd":0,"ind":4,"ty":2,"nm":"center_glass.png","cl":"png","refId":"image_4","sr":1,"ks":{"o":{"a":0,"k":100,"ix":11},"r":{"a":0,"k":0,"ix":10},"p":{"a":0,"k":[180,114,0],"ix":2,"l":2},"a":{"a":0,"k":[161.5,172,0],"ix":1,"l":2},"s":{"a":0,"k":[33.419,33.419,100],"ix":6,"l":2}},"ao":0,"ip":0,"op":125,"st":0,"bm":0},{"ddd":0,"ind":5,"ty":0,"nm":"中间元素","refId":"comp_8","sr":1,"ks":{"o":{"a":0,"k":100,"ix":11},"r":{"a":0,"k":0,"ix":10},"p":{"a":0,"k":[180,103,0],"ix":2,"l":2},"a":{"a":0,"k":[180,103,0],"ix":1,"l":2},"s":{"a":0,"k":[100,100,100],"ix":6,"l":2}},"ao":0,"w":360,"h":206,"ip":0,"op":125,"st":0,"bm":0},{"ddd":0,"ind":6,"ty":2,"nm":"bottom.png","cl":"png","refId":"image_7","sr":1,"ks":{"o":{"a":0,"k":100,"ix":11},"r":{"a":0,"k":0,"ix":10},"p":{"a":0,"k":[180,156.25,0],"ix":2,"l":2},"a":{"a":0,"k":[123,45.5,0],"ix":1,"l":2},"s":{"a":0,"k":[34.155,34.155,100],"ix":6,"l":2}},"ao":0,"ip":0,"op":125,"st":0,"bm":0},{"ddd":0,"ind":7,"ty":2,"nm":"top_back.png","cl":"png","refId":"image_8","sr":1,"ks":{"o":{"a":0,"k":100,"ix":11},"r":{"a":0,"k":0,"ix":10},"p":{"a":0,"k":[180,51.75,0],"ix":2,"l":2},"a":{"a":0,"k":[162,32.5,0],"ix":1,"l":2},"s":{"a":0,"k":[33.642,33.642,100],"ix":6,"l":2}},"ao":0,"ip":0,"op":125,"st":0,"bm":0}]},{"id":"comp_7","layers":[{"ddd":0,"ind":1,"ty":4,"nm":"中间-玻璃 3","td":1,"sr":1,"ks":{"o":{"a":0,"k":100,"ix":11},"r":{"a":0,"k":0,"ix":10},"p":{"a":0,"k":[53.696,57.228,0],"ix":2,"l":2},"a":{"a":0,"k":[53.696,57.228,0],"ix":1,"l":2},"s":{"a":0,"k":[100,100,100],"ix":6,"l":2}},"ao":0,"shapes":[{"ty":"gr","it":[{"ind":0,"ty":"sh","ix":1,"ks":{"a":0,"k":{"i":[[1.335,7.866],[0,0],[0,0],[0,0],[-20.965,0],[-1.357,5.524],[0,0],[0,0],[0,0],[28.798,0]],"o":[[0,0],[0,0],[0,0],[1.357,5.524],[20.965,0],[0,0],[0,0],[0,0],[-1.335,7.866],[-28.798,0]],"v":[[0.06,0],[0,0],[14.13,104.565],[14.217,104.565],[53.696,114.457],[93.174,104.565],[93.261,104.565],[107.391,0],[107.331,0],[53.696,14.13]],"c":true},"ix":2},"nm":"路径 1","mn":"ADBE Vector Shape - Group","hd":false},{"ty":"fl","c":{"a":0,"k":[1,1,1,1],"ix":4},"o":{"a":0,"k":100,"ix":5},"r":1,"bm":0,"nm":"填充 1","mn":"ADBE Vector Graphic - Fill","hd":false},{"ty":"op","nm":"位移路径 1","a":{"a":0,"k":-0.56,"ix":1},"lj":1,"ml":{"a":0,"k":4,"ix":3},"ix":4,"mn":"ADBE Vector Filter - Offset","hd":false},{"ty":"tr","p":{"a":0,"k":[0,0],"ix":2},"a":{"a":0,"k":[0,0],"ix":1},"s":{"a":0,"k":[100,100],"ix":3},"r":{"a":0,"k":0,"ix":6},"o":{"a":0,"k":100,"ix":7},"sk":{"a":0,"k":0,"ix":4},"sa":{"a":0,"k":0,"ix":5},"nm":"变换"}],"nm":"中间-玻璃 Stroke","np":4,"cix":2,"bm":0,"ix":1,"mn":"ADBE Vector Group","hd":false}],"ip":0,"op":1500,"st":0,"bm":0},{"ddd":0,"ind":2,"ty":4,"nm":"形状图层 2","tt":1,"sr":1,"ks":{"o":{"a":0,"k":100,"ix":11},"r":{"a":0,"k":0,"ix":10},"p":{"a":0,"k":[57,57.5,0],"ix":2,"l":2},"a":{"a":0,"k":[0,0,0],"ix":1,"l":2},"s":{"a":0,"k":[-100,100,100],"ix":6,"l":2}},"ao":0,"ef":[{"ty":29,"nm":"高斯模糊","np":5,"mn":"ADBE Gaussian Blur 2","ix":1,"en":1,"ef":[{"ty":0,"nm":"模糊度","mn":"ADBE Gaussian Blur 2-0001","ix":1,"v":{"a":0,"k":24,"ix":1}},{"ty":7,"nm":"模糊方向","mn":"ADBE Gaussian Blur 2-0002","ix":2,"v":{"a":0,"k":1,"ix":2}},{"ty":7,"nm":"重复边缘像素","mn":"ADBE Gaussian Blur 2-0003","ix":3,"v":{"a":0,"k":0,"ix":3}}]}],"shapes":[{"ty":"gr","it":[{"ind":0,"ty":"sh","ix":1,"ks":{"a":0,"k":{"i":[[0,0],[0,0],[0,0],[0,0]],"o":[[0,0],[0,0],[0,0],[0,0]],"v":[[-45.5,-65.5],[-71.5,-64.5],[-61.5,65],[-24.5,64]],"c":true},"ix":2},"nm":"路径 1","mn":"ADBE Vector Shape - Group","hd":false},{"ty":"fl","c":{"a":0,"k":[1,1,1,1],"ix":4},"o":{"a":0,"k":100,"ix":5},"r":1,"bm":0,"nm":"填充 1","mn":"ADBE Vector Graphic - Fill","hd":false},{"ty":"tr","p":{"a":0,"k":[0,0],"ix":2},"a":{"a":0,"k":[0,0],"ix":1},"s":{"a":0,"k":[100,100],"ix":3},"r":{"a":0,"k":0,"ix":6},"o":{"a":0,"k":100,"ix":7},"sk":{"a":0,"k":0,"ix":4},"sa":{"a":0,"k":0,"ix":5},"nm":"变换"}],"nm":"形状 1","np":3,"cix":2,"bm":0,"ix":1,"mn":"ADBE Vector Group","hd":false}],"ip":0,"op":1500,"st":0,"bm":0},{"ddd":0,"ind":3,"ty":4,"nm":"中间-玻璃 2","td":1,"sr":1,"ks":{"o":{"a":0,"k":100,"ix":11},"r":{"a":0,"k":0,"ix":10},"p":{"a":0,"k":[53.696,57.228,0],"ix":2,"l":2},"a":{"a":0,"k":[53.696,57.228,0],"ix":1,"l":2},"s":{"a":0,"k":[100,100,100],"ix":6,"l":2}},"ao":0,"shapes":[{"ty":"gr","it":[{"ind":0,"ty":"sh","ix":1,"ks":{"a":0,"k":{"i":[[1.335,7.866],[0,0],[0,0],[0,0],[-20.965,0],[-1.357,5.524],[0,0],[0,0],[0,0],[28.798,0]],"o":[[0,0],[0,0],[0,0],[1.357,5.524],[20.965,0],[0,0],[0,0],[0,0],[-1.335,7.866],[-28.798,0]],"v":[[0.06,0],[0,0],[14.13,104.565],[14.217,104.565],[53.696,114.457],[93.174,104.565],[93.261,104.565],[107.391,0],[107.331,0],[53.696,14.13]],"c":true},"ix":2},"nm":"路径 1","mn":"ADBE Vector Shape - Group","hd":false},{"ty":"fl","c":{"a":0,"k":[1,1,1,1],"ix":4},"o":{"a":0,"k":100,"ix":5},"r":1,"bm":0,"nm":"填充 1","mn":"ADBE Vector Graphic - Fill","hd":false},{"ty":"op","nm":"位移路径 1","a":{"a":0,"k":-0.56,"ix":1},"lj":1,"ml":{"a":0,"k":4,"ix":3},"ix":4,"mn":"ADBE Vector Filter - Offset","hd":false},{"ty":"tr","p":{"a":0,"k":[0,0],"ix":2},"a":{"a":0,"k":[0,0],"ix":1},"s":{"a":0,"k":[100,100],"ix":3},"r":{"a":0,"k":0,"ix":6},"o":{"a":0,"k":100,"ix":7},"sk":{"a":0,"k":0,"ix":4},"sa":{"a":0,"k":0,"ix":5},"nm":"变换"}],"nm":"中间-玻璃 Stroke","np":4,"cix":2,"bm":0,"ix":1,"mn":"ADBE Vector Group","hd":false}],"ip":0,"op":1500,"st":0,"bm":0},{"ddd":0,"ind":4,"ty":4,"nm":"形状图层 1","tt":1,"sr":1,"ks":{"o":{"a":0,"k":100,"ix":11},"r":{"a":0,"k":0,"ix":10},"p":{"a":0,"k":[49.5,57.5,0],"ix":2,"l":2},"a":{"a":0,"k":[0,0,0],"ix":1,"l":2},"s":{"a":0,"k":[100,100,100],"ix":6,"l":2}},"ao":0,"ef":[{"ty":29,"nm":"高斯模糊","np":5,"mn":"ADBE Gaussian Blur 2","ix":1,"en":1,"ef":[{"ty":0,"nm":"模糊度","mn":"ADBE Gaussian Blur 2-0001","ix":1,"v":{"a":0,"k":24,"ix":1}},{"ty":7,"nm":"模糊方向","mn":"ADBE Gaussian Blur 2-0002","ix":2,"v":{"a":0,"k":1,"ix":2}},{"ty":7,"nm":"重复边缘像素","mn":"ADBE Gaussian Blur 2-0003","ix":3,"v":{"a":0,"k":0,"ix":3}}]}],"shapes":[{"ty":"gr","it":[{"ind":0,"ty":"sh","ix":1,"ks":{"a":0,"k":{"i":[[0,0],[0,0],[0,0],[0,0]],"o":[[0,0],[0,0],[0,0],[0,0]],"v":[[-45.5,-65.5],[-71.5,-64.5],[-61.5,65],[-24.5,64]],"c":true},"ix":2},"nm":"路径 1","mn":"ADBE Vector Shape - Group","hd":false},{"ty":"fl","c":{"a":0,"k":[1,1,1,1],"ix":4},"o":{"a":0,"k":100,"ix":5},"r":1,"bm":0,"nm":"填充 1","mn":"ADBE Vector Graphic - Fill","hd":false},{"ty":"tr","p":{"a":0,"k":[0,0],"ix":2},"a":{"a":0,"k":[0,0],"ix":1},"s":{"a":0,"k":[100,100],"ix":3},"r":{"a":0,"k":0,"ix":6},"o":{"a":0,"k":100,"ix":7},"sk":{"a":0,"k":0,"ix":4},"sa":{"a":0,"k":0,"ix":5},"nm":"变换"}],"nm":"形状 1","np":3,"cix":2,"bm":0,"ix":1,"mn":"ADBE Vector Group","hd":false}],"ip":0,"op":1500,"st":0,"bm":0},{"ddd":0,"ind":5,"ty":4,"nm":"中间-玻璃","sr":1,"ks":{"o":{"a":0,"k":100,"ix":11},"r":{"a":0,"k":0,"ix":10},"p":{"a":0,"k":[53.696,57.228,0],"ix":2,"l":2},"a":{"a":0,"k":[53.696,57.228,0],"ix":1,"l":2},"s":{"a":0,"k":[100,100,100],"ix":6,"l":2}},"ao":0,"shapes":[{"ty":"gr","it":[{"ind":0,"ty":"sh","ix":1,"ks":{"a":0,"k":{"i":[[1.335,7.866],[0,0],[0,0],[0,0],[-20.965,0],[-1.357,5.524],[0,0],[0,0],[0,0],[28.798,0]],"o":[[0,0],[0,0],[0,0],[1.357,5.524],[20.965,0],[0,0],[0,0],[0,0],[-1.335,7.866],[-28.798,0]],"v":[[0.06,0],[0,0],[14.13,104.565],[14.217,104.565],[53.696,114.457],[93.174,104.565],[93.261,104.565],[107.391,0],[107.331,0],[53.696,14.13]],"c":true},"ix":2},"nm":"路径 1","mn":"ADBE Vector Shape - Group","hd":false},{"ty":"st","c":{"a":0,"k":[1,0.898039215686,0.898039215686,1],"ix":3},"o":{"a":0,"k":100,"ix":4},"w":{"a":0,"k":1.121,"ix":5},"lc":1,"lj":1,"ml":4,"bm":0,"nm":"描边 1","mn":"ADBE Vector Graphic - Stroke","hd":false},{"ty":"op","nm":"位移路径 1","a":{"a":0,"k":-0.56,"ix":1},"lj":1,"ml":{"a":0,"k":4,"ix":3},"ix":3,"mn":"ADBE Vector Filter - Offset","hd":false},{"ty":"tr","p":{"a":0,"k":[0,0],"ix":2},"a":{"a":0,"k":[0,0],"ix":1},"s":{"a":0,"k":[100,100],"ix":3},"r":{"a":0,"k":0,"ix":6},"o":{"a":0,"k":100,"ix":7},"sk":{"a":0,"k":0,"ix":4},"sa":{"a":0,"k":0,"ix":5},"nm":"变换"}],"nm":"中间-玻璃 Stroke","np":3,"cix":2,"bm":0,"ix":1,"mn":"ADBE Vector Group","hd":false}],"ip":0,"op":1500,"st":0,"bm":0}]},{"id":"comp_8","layers":[{"ddd":0,"ind":1,"ty":0,"nm":"video","refId":"comp_9","sr":1,"ks":{"o":{"a":1,"k":[{"i":{"x":[0.833],"y":[1]},"o":{"x":[0.167],"y":[0]},"t":0,"s":[100]},{"i":{"x":[0.667],"y":[1]},"o":{"x":[0.333],"y":[0]},"t":12.5,"s":[0]},{"i":{"x":[0.833],"y":[1]},"o":{"x":[0.167],"y":[0]},"t":25,"s":[100]},{"t":37.5,"s":[0]}],"ix":11},"r":{"a":0,"k":-15,"ix":10},"p":{"a":1,"k":[{"i":{"x":0.667,"y":1},"o":{"x":0.333,"y":0},"t":12.5,"s":[181.293,81.043,0],"to":[-4.793,-45.543,0],"ti":[1.336,-1.402,0]},{"t":37.5,"s":[210.293,15.543,0]}],"ix":2,"l":2},"a":{"a":0,"k":[28,28,0],"ix":1,"l":2},"s":{"a":1,"k":[{"i":{"x":[0.667,0.667,0.667],"y":[1,1,1]},"o":{"x":[0.333,0.333,0.333],"y":[0,0,0]},"t":12.5,"s":[50,50,100]},{"t":37.5,"s":[0,0,100]}],"ix":6,"l":2}},"ao":0,"w":56,"h":56,"ip":0,"op":150,"st":0,"bm":0},{"ddd":0,"ind":2,"ty":0,"nm":"video 5","refId":"comp_11","sr":1,"ks":{"o":{"a":1,"k":[{"i":{"x":[0.833],"y":[1]},"o":{"x":[0.167],"y":[0]},"t":0,"s":[100]},{"i":{"x":[0.667],"y":[1]},"o":{"x":[0.333],"y":[0]},"t":12.5,"s":[0]},{"i":{"x":[0.833],"y":[1]},"o":{"x":[0.167],"y":[0]},"t":25,"s":[100]},{"t":37.5,"s":[0]}],"ix":11},"r":{"a":0,"k":15,"ix":10},"p":{"a":1,"k":[{"i":{"x":0.667,"y":1},"o":{"x":0.333,"y":0},"t":12.5,"s":[215.934,72.669,0],"to":[6.333,-33.583,0],"ti":[-31.993,-54.747,0]},{"t":37.5,"s":[289.434,61.169,0]}],"ix":2,"l":2},"a":{"a":0,"k":[23,23,0],"ix":1,"l":2},"s":{"a":1,"k":[{"i":{"x":[0.667,0.667,0.667],"y":[1,1,1]},"o":{"x":[0.333,0.333,0.333],"y":[0,0,0]},"t":12.5,"s":[59.128,59.128,100]},{"t":37.5,"s":[0,0,100]}],"ix":6,"l":2}},"ao":0,"w":46,"h":46,"ip":0,"op":150,"st":0,"bm":0},{"ddd":0,"ind":3,"ty":0,"nm":"video","refId":"comp_12","sr":1,"ks":{"o":{"a":1,"k":[{"i":{"x":[0.833],"y":[1]},"o":{"x":[0.167],"y":[0]},"t":0,"s":[100]},{"i":{"x":[0.667],"y":[1]},"o":{"x":[0.333],"y":[0]},"t":12.5,"s":[0]},{"i":{"x":[0.833],"y":[1]},"o":{"x":[0.167],"y":[0]},"t":25,"s":[100]},{"t":37.5,"s":[0]}],"ix":11},"r":{"a":0,"k":0,"ix":10},"p":{"a":1,"k":[{"i":{"x":0.667,"y":1},"o":{"x":0.333,"y":0},"t":12.5,"s":[145.5,72.5,0],"to":[0.083,-1.333,0],"ti":[43.542,-1.833,0]},{"t":37.5,"s":[103.5,27,0]}],"ix":2,"l":2},"a":{"a":0,"k":[16.5,16.5,0],"ix":1,"l":2},"s":{"a":1,"k":[{"i":{"x":[0.667,0.667,0.667],"y":[1,1,1]},"o":{"x":[0.333,0.333,0.333],"y":[0,0,0]},"t":12.5,"s":[100,100,100]},{"t":37.5,"s":[0,0,100]}],"ix":6,"l":2}},"ao":0,"w":33,"h":33,"ip":0,"op":1500,"st":0,"bm":0},{"ddd":0,"ind":4,"ty":0,"nm":"video","refId":"comp_14","sr":1,"ks":{"o":{"a":1,"k":[{"i":{"x":[0.833],"y":[1]},"o":{"x":[0.167],"y":[0]},"t":0,"s":[100]},{"i":{"x":[0.667],"y":[1]},"o":{"x":[0.333],"y":[0]},"t":12.5,"s":[0]},{"i":{"x":[0.667],"y":[1]},"o":{"x":[0.333],"y":[0]},"t":25,"s":[100]},{"t":37.5,"s":[0]}],"ix":11},"r":{"a":0,"k":60,"ix":10},"p":{"a":1,"k":[{"i":{"x":0.667,"y":1},"o":{"x":0.333,"y":0},"t":12.5,"s":[169.177,104.177,0],"to":[-0.917,-5.833,0],"ti":[4.228,14.513,0]},{"t":37.5,"s":[163.677,69.177,0]}],"ix":2,"l":2,"x":"var $bm_rt;\n$bm_rt = loopOut('pingpong');"},"a":{"a":0,"k":[36,36,0],"ix":1,"l":2},"s":{"a":0,"k":[100,100,100],"ix":6,"l":2,"x":"var $bm_rt;\n$bm_rt = loopOut('pingpong');"}},"ao":0,"w":72,"h":72,"ip":0,"op":1500,"st":0,"bm":0},{"ddd":0,"ind":5,"ty":0,"nm":"video","refId":"comp_15","sr":1,"ks":{"o":{"a":1,"k":[{"i":{"x":[0.833],"y":[1]},"o":{"x":[0.167],"y":[0]},"t":0,"s":[100]},{"i":{"x":[0.667],"y":[1]},"o":{"x":[0.333],"y":[0]},"t":12.5,"s":[0]},{"i":{"x":[0.667],"y":[1]},"o":{"x":[0.333],"y":[0]},"t":25,"s":[100]},{"t":37.5,"s":[0]}],"ix":11},"r":{"a":0,"k":15,"ix":10},"p":{"a":1,"k":[{"i":{"x":0.667,"y":1},"o":{"x":0.333,"y":0},"t":12.5,"s":[158.813,143.944,0],"to":[-0.375,-6.167,0],"ti":[0.375,6.167,0]},{"t":37.5,"s":[156.563,106.944,0]}],"ix":2,"l":2,"x":"var $bm_rt;\n$bm_rt = loopOut('pingpong');"},"a":{"a":0,"k":[22,22,0],"ix":1,"l":2},"s":{"a":0,"k":[100,100,100],"ix":6,"l":2}},"ao":0,"w":44,"h":44,"ip":0,"op":1500,"st":0,"bm":0},{"ddd":0,"ind":6,"ty":0,"nm":"video","refId":"comp_16","sr":1,"ks":{"o":{"a":1,"k":[{"i":{"x":[0.833],"y":[1]},"o":{"x":[0.167],"y":[0]},"t":0,"s":[100]},{"i":{"x":[0.667],"y":[1]},"o":{"x":[0.333],"y":[0]},"t":12.5,"s":[0]},{"i":{"x":[0.667],"y":[1]},"o":{"x":[0.333],"y":[0]},"t":25,"s":[100]},{"t":37.5,"s":[0]}],"ix":11},"r":{"a":0,"k":15,"ix":10},"p":{"a":1,"k":[{"i":{"x":0.667,"y":1},"o":{"x":0.333,"y":0},"t":12.5,"s":[197.133,143.355,0],"to":[0,-10.417,0],"ti":[0,10.417,0]},{"t":37.5,"s":[197.133,80.855,0]}],"ix":2,"l":2,"x":"var $bm_rt;\n$bm_rt = loopOut('pingpong');"},"a":{"a":0,"k":[30.5,30.5,0],"ix":1,"l":2},"s":{"a":0,"k":[100,100,100],"ix":6,"l":2}},"ao":0,"w":61,"h":61,"ip":0,"op":1500,"st":0,"bm":0},{"ddd":0,"ind":7,"ty":0,"nm":"video","refId":"comp_11","sr":1,"ks":{"o":{"a":1,"k":[{"i":{"x":[0.833],"y":[1]},"o":{"x":[0.167],"y":[0]},"t":0,"s":[100]},{"i":{"x":[0.667],"y":[1]},"o":{"x":[0.333],"y":[0]},"t":12.5,"s":[0]},{"i":{"x":[0.667],"y":[1]},"o":{"x":[0.333],"y":[0]},"t":25,"s":[100]},{"t":37.5,"s":[0]}],"ix":11},"r":{"a":0,"k":15,"ix":10},"p":{"a":1,"k":[{"i":{"x":0.667,"y":1},"o":{"x":0.333,"y":0},"t":12.5,"s":[208.934,99.169,0],"to":[1.167,-8.5,0],"ti":[-1.167,8.5,0]},{"t":37.5,"s":[215.934,48.169,0]}],"ix":2,"l":2,"x":"var $bm_rt;\n$bm_rt = loopOut('pingpong');"},"a":{"a":0,"k":[23,23,0],"ix":1,"l":2},"s":{"a":0,"k":[100,100,100],"ix":6,"l":2}},"ao":0,"w":46,"h":46,"ip":0,"op":150,"st":0,"bm":0},{"ddd":0,"ind":8,"ty":0,"nm":"video 4","refId":"comp_16","sr":1,"ks":{"o":{"a":1,"k":[{"i":{"x":[0.833],"y":[1]},"o":{"x":[0.167],"y":[0]},"t":0,"s":[100]},{"i":{"x":[0.667],"y":[0.5]},"o":{"x":[0.333],"y":[0]},"t":12.5,"s":[0]},{"i":{"x":[0.667],"y":[1]},"o":{"x":[0.333],"y":[-0.5]},"t":25,"s":[50]},{"t":37.5,"s":[0]}],"ix":11,"x":"var $bm_rt;\n$bm_rt = loopOut('pingpong');"},"r":{"a":0,"k":15,"ix":10},"p":{"a":1,"k":[{"i":{"x":0.667,"y":1},"o":{"x":0.333,"y":0},"t":12.5,"s":[186.633,165.355,0],"to":[0.75,-7,0],"ti":[-0.75,7,0]},{"t":37.5,"s":[191.133,123.355,0]}],"ix":2,"l":2,"x":"var $bm_rt;\n$bm_rt = loopOut('pingpong');"},"a":{"a":0,"k":[30.5,30.5,0],"ix":1,"l":2},"s":{"a":1,"k":[{"i":{"x":[0.667,0.667,0.667],"y":[1,1,1]},"o":{"x":[0.333,0.333,0.333],"y":[0,0,0]},"t":12.5,"s":[0,0,100]},{"t":37.5,"s":[88.805,88.805,100]}],"ix":6,"l":2,"x":"var $bm_rt;\n$bm_rt = loopOut('pingpong');"}},"ao":0,"w":61,"h":61,"ip":0,"op":1500,"st":0,"bm":0},{"ddd":0,"ind":9,"ty":0,"nm":"video 3","refId":"comp_16","sr":1,"ks":{"o":{"a":1,"k":[{"i":{"x":[0.833],"y":[1]},"o":{"x":[0.167],"y":[0]},"t":0,"s":[100]},{"i":{"x":[0.667],"y":[0.5]},"o":{"x":[0.333],"y":[0]},"t":12.5,"s":[0]},{"i":{"x":[0.667],"y":[1]},"o":{"x":[0.333],"y":[-0.5]},"t":25,"s":[50]},{"t":37.5,"s":[0]}],"ix":11,"x":"var $bm_rt;\n$bm_rt = loopOut('pingpong');"},"r":{"a":0,"k":15,"ix":10},"p":{"a":1,"k":[{"i":{"x":0.667,"y":1},"o":{"x":0.333,"y":0},"t":12.5,"s":[196.633,165.355,0],"to":[0.667,-3.083,0],"ti":[-0.175,6.844,0]},{"t":37.5,"s":[200.633,146.855,0]}],"ix":2,"l":2,"x":"var $bm_rt;\n$bm_rt = loopOut('pingpong');"},"a":{"a":0,"k":[30.5,30.5,0],"ix":1,"l":2},"s":{"a":1,"k":[{"i":{"x":[0.667,0.667,0.667],"y":[1,1,1]},"o":{"x":[0.333,0.333,0.333],"y":[0,0,0]},"t":12.5,"s":[0,0,100]},{"t":37.5,"s":[72.805,72.805,100]}],"ix":6,"l":2,"x":"var $bm_rt;\n$bm_rt = loopOut('pingpong');"}},"ao":0,"w":61,"h":61,"ip":0,"op":1500,"st":0,"bm":0},{"ddd":0,"ind":10,"ty":0,"nm":"video 2","refId":"comp_16","sr":1,"ks":{"o":{"a":1,"k":[{"i":{"x":[0.833],"y":[1]},"o":{"x":[0.167],"y":[0]},"t":0,"s":[100]},{"i":{"x":[0.667],"y":[0.5]},"o":{"x":[0.333],"y":[0]},"t":12.5,"s":[0]},{"i":{"x":[0.667],"y":[1]},"o":{"x":[0.333],"y":[-0.5]},"t":25,"s":[50]},{"t":37.5,"s":[0]}],"ix":11,"x":"var $bm_rt;\n$bm_rt = loopOut('pingpong');"},"r":{"a":0,"k":15,"ix":10},"p":{"a":1,"k":[{"i":{"x":0.667,"y":1},"o":{"x":0.333,"y":0},"t":12.5,"s":[161.633,164.855,0],"to":[0.417,-3.667,0],"ti":[-0.417,3.667,0]},{"t":37.5,"s":[164.133,142.855,0]}],"ix":2,"l":2,"x":"var $bm_rt;\n$bm_rt = loopOut('pingpong');"},"a":{"a":0,"k":[30.5,30.5,0],"ix":1,"l":2},"s":{"a":1,"k":[{"i":{"x":[0.667,0.667,0.667],"y":[1,1,1]},"o":{"x":[0.333,0.333,0.333],"y":[0,0,0]},"t":12.5,"s":[0,0,100]},{"t":37.5,"s":[100.717,100.717,100]}],"ix":6,"l":2,"x":"var $bm_rt;\n$bm_rt = loopOut('pingpong');"}},"ao":0,"w":61,"h":61,"ip":0,"op":1500,"st":0,"bm":0}]},{"id":"comp_9","layers":[{"ddd":0,"ind":1,"ty":0,"nm":"球","refId":"comp_10","sr":1,"ks":{"o":{"a":0,"k":100,"ix":11},"r":{"a":0,"k":0,"ix":10},"p":{"a":0,"k":[28,28,0],"ix":2,"l":2},"a":{"a":0,"k":[36,36,0],"ix":1,"l":2},"s":{"a":0,"k":[80.556,80.556,100],"ix":6,"l":2}},"ao":0,"w":72,"h":72,"ip":0,"op":150,"st":0,"bm":0}]},{"id":"comp_10","layers":[{"ddd":0,"ind":1,"ty":2,"nm":"球01.png","cl":"png","refId":"image_5","sr":1,"ks":{"o":{"a":0,"k":100,"ix":11},"r":{"a":0,"k":0,"ix":10},"p":{"a":0,"k":[36,36,0],"ix":2,"l":2},"a":{"a":0,"k":[150.5,150.5,0],"ix":1,"l":2},"s":{"a":0,"k":[19.601,19.601,100],"ix":6,"l":2}},"ao":0,"ip":0,"op":150,"st":0,"bm":0}]},{"id":"comp_11","layers":[{"ddd":0,"ind":1,"ty":0,"nm":"球","refId":"comp_10","sr":1,"ks":{"o":{"a":0,"k":100,"ix":11},"r":{"a":0,"k":0,"ix":10},"p":{"a":0,"k":[23,23,0],"ix":2,"l":2},"a":{"a":0,"k":[36,36,0],"ix":1,"l":2},"s":{"a":0,"k":[63.889,63.889,100],"ix":6,"l":2}},"ao":0,"w":72,"h":72,"ip":0,"op":150,"st":0,"bm":0}]},{"id":"comp_12","layers":[{"ddd":0,"ind":1,"ty":0,"nm":"盒子","refId":"comp_13","sr":1,"ks":{"o":{"a":0,"k":100,"ix":11},"r":{"a":0,"k":0,"ix":10},"p":{"a":0,"k":[16.5,16.5,0],"ix":2,"l":2},"a":{"a":0,"k":[33,33,0],"ix":1,"l":2},"s":{"a":0,"k":[45.455,45.455,100],"ix":6,"l":2}},"ao":0,"w":66,"h":66,"ip":0,"op":1500,"st":0,"bm":0}]},{"id":"comp_13","layers":[{"ddd":0,"ind":1,"ty":2,"nm":"video.png","cl":"png","refId":"image_6","sr":1,"ks":{"o":{"a":0,"k":100,"ix":11},"r":{"a":0,"k":0,"ix":10},"p":{"a":0,"k":[33,33,0],"ix":2,"l":2},"a":{"a":0,"k":[192,192,0],"ix":1,"l":2},"s":{"a":0,"k":[18.099,18.099,100],"ix":6,"l":2}},"ao":0,"ip":0,"op":1500,"st":0,"bm":0}]},{"id":"comp_14","layers":[{"ddd":0,"ind":2,"ty":0,"nm":"盒子","refId":"comp_13","sr":1,"ks":{"o":{"a":0,"k":100,"ix":11},"r":{"a":0,"k":0,"ix":10},"p":{"a":0,"k":[36,36,0],"ix":2,"l":2},"a":{"a":0,"k":[33,33,0],"ix":1,"l":2},"s":{"a":0,"k":[100,100,100],"ix":6,"l":2}},"ao":0,"w":66,"h":66,"ip":0,"op":1500,"st":0,"bm":0}]},{"id":"comp_15","layers":[{"ddd":0,"ind":1,"ty":0,"nm":"球","refId":"comp_10","sr":1,"ks":{"o":{"a":0,"k":100,"ix":11},"r":{"a":0,"k":0,"ix":10},"p":{"a":0,"k":[22,22,0],"ix":2,"l":2},"a":{"a":0,"k":[36,36,0],"ix":1,"l":2},"s":{"a":0,"k":[61.806,61.806,100],"ix":6,"l":2}},"ao":0,"w":72,"h":72,"ip":0,"op":150,"st":0,"bm":0}]},{"id":"comp_16","layers":[{"ddd":0,"ind":1,"ty":0,"nm":"球","refId":"comp_10","sr":1,"ks":{"o":{"a":0,"k":100,"ix":11},"r":{"a":0,"k":0,"ix":10},"p":{"a":0,"k":[30.5,30.5,0],"ix":2,"l":2},"a":{"a":0,"k":[36,36,0],"ix":1,"l":2},"s":{"a":0,"k":[86.111,86.111,100],"ix":6,"l":2}},"ao":0,"w":72,"h":72,"ip":0,"op":150,"st":0,"bm":0}]},{"id":"comp_17","layers":[{"ddd":0,"ind":1,"ty":0,"nm":"music","refId":"comp_18","sr":1,"ks":{"o":{"a":1,"k":[{"i":{"x":[0.667],"y":[1]},"o":{"x":[0.333],"y":[0]},"t":0,"s":[100]},{"t":12.5,"s":[0]}],"ix":11},"r":{"a":0,"k":-15,"ix":10},"p":{"a":1,"k":[{"i":{"x":0.338,"y":1},"o":{"x":0.333,"y":0},"t":0,"s":[-75.427,561.538,0],"to":[0,0,0],"ti":[-31.573,218.212,0]},{"t":12.5,"s":[188.073,245.038,0]}],"ix":2,"l":2},"a":{"a":0,"k":[7,7,0],"ix":1,"l":2},"s":{"a":1,"k":[{"i":{"x":[0.338,0.338,0.667],"y":[1,1,1]},"o":{"x":[0.333,0.333,0.333],"y":[0,0,0]},"t":0,"s":[320,320,100]},{"t":12.5,"s":[0,0,100]}],"ix":6,"l":2}},"ao":0,"w":14,"h":14,"ip":0,"op":1500,"st":0,"bm":0},{"ddd":0,"ind":2,"ty":0,"nm":"music","refId":"comp_19","sr":1,"ks":{"o":{"a":1,"k":[{"i":{"x":[0.667],"y":[1]},"o":{"x":[0.333],"y":[0]},"t":4.167,"s":[100]},{"t":12.5,"s":[0]}],"ix":11},"r":{"a":0,"k":15,"ix":10},"p":{"a":1,"k":[{"i":{"x":0.338,"y":1},"o":{"x":0.333,"y":0},"t":4.167,"s":[416.635,409.635,0],"to":[0,0,0],"ti":[50.75,114.917,0]},{"t":12.5,"s":[185.135,246.135,0]}],"ix":2,"l":2},"a":{"a":0,"k":[9.5,9.5,0],"ix":1,"l":2},"s":{"a":1,"k":[{"i":{"x":[0.667,0.667,0.667],"y":[1,1,1]},"o":{"x":[0.333,0.333,0.333],"y":[0,0,0]},"t":4.167,"s":[360,360,100]},{"t":12.5,"s":[0,0,100]}],"ix":6,"l":2}},"ao":0,"w":19,"h":19,"ip":0,"op":1500,"st":0,"bm":0},{"ddd":0,"ind":3,"ty":0,"nm":"ima","refId":"comp_20","sr":1,"ks":{"o":{"a":1,"k":[{"i":{"x":[0.667],"y":[1]},"o":{"x":[0.333],"y":[0]},"t":8.333,"s":[100]},{"t":20.8330078125,"s":[0]}],"ix":11},"r":{"a":0,"k":-15,"ix":10},"p":{"a":1,"k":[{"i":{"x":0.338,"y":1},"o":{"x":0.333,"y":0},"t":8.333,"s":[-56.567,445.28,0],"to":[0,0,0],"ti":[-77.833,144.333,0]},{"t":20.8330078125,"s":[150.433,249.28,0]}],"ix":2,"l":2},"a":{"a":0,"k":[17.5,17.5,0],"ix":1,"l":2},"s":{"a":1,"k":[{"i":{"x":[0.338,0.338,0.667],"y":[1,1,1]},"o":{"x":[0.333,0.333,0.333],"y":[0,0,0]},"t":8.333,"s":[160,160,100]},{"t":20.8330078125,"s":[0,0,100]}],"ix":6,"l":2}},"ao":0,"w":35,"h":35,"ip":0,"op":1500,"st":0,"bm":0},{"ddd":0,"ind":4,"ty":0,"nm":"video","refId":"comp_21","sr":1,"ks":{"o":{"a":1,"k":[{"i":{"x":[0.008],"y":[1]},"o":{"x":[0.333],"y":[0]},"t":12.5,"s":[0]},{"i":{"x":[0.008],"y":[1]},"o":{"x":[0.333],"y":[0]},"t":16.667,"s":[100]},{"t":20.8330078125,"s":[0]}],"ix":11},"r":{"a":0,"k":-15,"ix":10},"p":{"a":1,"k":[{"i":{"x":0.338,"y":1},"o":{"x":0.333,"y":0},"t":12.5,"s":[140.023,371.944,0],"to":[0,0,0],"ti":[-6.833,72.125,0]},{"t":20.8330078125,"s":[187.023,268.694,0]}],"ix":2,"l":2},"a":{"a":0,"k":[9,9,0],"ix":1,"l":2},"s":{"a":1,"k":[{"i":{"x":[0.338,0.338,0.667],"y":[1,1,1]},"o":{"x":[0.333,0.333,0.333],"y":[0,0,0]},"t":12.5,"s":[100,100,100]},{"t":20.8330078125,"s":[0,0,100]}],"ix":6,"l":2}},"ao":0,"w":18,"h":18,"ip":0,"op":1500,"st":0,"bm":0},{"ddd":0,"ind":5,"ty":0,"nm":"video","refId":"comp_22","sr":1,"ks":{"o":{"a":1,"k":[{"i":{"x":[0.667],"y":[1]},"o":{"x":[0.333],"y":[0]},"t":8.333,"s":[100]},{"t":25,"s":[0]}],"ix":11},"r":{"a":0,"k":15,"ix":10},"p":{"a":1,"k":[{"i":{"x":0.338,"y":1},"o":{"x":0.333,"y":0},"t":8.333,"s":[409.697,527.697,0],"to":[0,0,0],"ti":[18,168.25,0]},{"t":25,"s":[207.697,256.197,0]}],"ix":2,"l":2},"a":{"a":0,"k":[12,12,0],"ix":1,"l":2},"s":{"a":1,"k":[{"i":{"x":[0.338,0.338,0.667],"y":[1,1,1]},"o":{"x":[0.333,0.333,0.333],"y":[0,0,0]},"t":8.333,"s":[200,200,100]},{"t":25,"s":[0,0,100]}],"ix":6,"l":2}},"ao":0,"w":24,"h":24,"ip":0,"op":1500,"st":0,"bm":0},{"ddd":0,"ind":6,"ty":0,"nm":"file","refId":"comp_23","sr":1,"ks":{"o":{"a":1,"k":[{"i":{"x":[0.008],"y":[1]},"o":{"x":[0.333],"y":[0]},"t":4.167,"s":[0]},{"i":{"x":[0.008],"y":[1]},"o":{"x":[0.333],"y":[0]},"t":12.5,"s":[100]},{"t":20.8330078125,"s":[0]}],"ix":11},"r":{"a":0,"k":75,"ix":10},"p":{"a":1,"k":[{"i":{"x":0.338,"y":1},"o":{"x":0.333,"y":0},"t":4.167,"s":[275.697,530.697,0],"to":[0,0,0],"ti":[5.25,115.25,0]},{"t":20.8330078125,"s":[182.197,258.197,0]}],"ix":2,"l":2},"a":{"a":0,"k":[12,12,0],"ix":1,"l":2},"s":{"a":1,"k":[{"i":{"x":[0.338,0.338,0.667],"y":[1,1,1]},"o":{"x":[0.333,0.333,0.333],"y":[0,0,0]},"t":4.167,"s":[240,240,100]},{"t":20.8330078125,"s":[0,0,100]}],"ix":6,"l":2}},"ao":0,"w":24,"h":24,"ip":0,"op":1500,"st":0,"bm":0},{"ddd":0,"ind":7,"ty":0,"nm":"ima","refId":"comp_24","sr":1,"ks":{"o":{"a":1,"k":[{"i":{"x":[0.667],"y":[1]},"o":{"x":[0.333],"y":[0]},"t":12.5,"s":[100]},{"t":25,"s":[0]}],"ix":11},"r":{"a":0,"k":60,"ix":10},"p":{"a":1,"k":[{"i":{"x":0.338,"y":1},"o":{"x":0.333,"y":0},"t":12.5,"s":[-243.608,534.392,0],"to":[0,0,0],"ti":[-102.917,219.667,0]},{"t":25,"s":[131.892,239.392,0]}],"ix":2,"l":2},"a":{"a":0,"k":[12,12,0],"ix":1,"l":2},"s":{"a":1,"k":[{"i":{"x":[0.338,0.338,0.667],"y":[1,1,1]},"o":{"x":[0.333,0.333,0.333],"y":[0,0,0]},"t":12.5,"s":[560,560,100]},{"t":25,"s":[0,0,100]}],"ix":6,"l":2}},"ao":0,"w":24,"h":24,"ip":0,"op":1500,"st":0,"bm":0},{"ddd":0,"ind":8,"ty":0,"nm":"music","refId":"comp_25","sr":1,"ks":{"o":{"a":1,"k":[{"i":{"x":[0.667],"y":[1]},"o":{"x":[0.333],"y":[0]},"t":16.667,"s":[100]},{"t":25,"s":[0]}],"ix":11},"r":{"a":0,"k":15,"ix":10},"p":{"a":1,"k":[{"i":{"x":0.338,"y":1},"o":{"x":0.333,"y":0},"t":16.667,"s":[537.876,527.045,0],"to":[0,0,0],"ti":[82.124,222.955,0]},{"t":25,"s":[230.876,250.045,0]}],"ix":2,"l":2},"a":{"a":0,"k":[18,18,0],"ix":1,"l":2},"s":{"a":1,"k":[{"i":{"x":[0.338,0.338,0.667],"y":[1,1,1]},"o":{"x":[0.333,0.333,0.333],"y":[0,0,0]},"t":16.667,"s":[480,480,100]},{"t":25,"s":[0,0,100]}],"ix":6,"l":2}},"ao":0,"w":36,"h":36,"ip":0,"op":1500,"st":0,"bm":0},{"ddd":0,"ind":9,"ty":0,"nm":"icon_video","refId":"comp_26","sr":1,"ks":{"o":{"a":1,"k":[{"i":{"x":[0.667],"y":[1.25]},"o":{"x":[0.333],"y":[0]},"t":12.5,"s":[0]},{"i":{"x":[0.667],"y":[1]},"o":{"x":[0.333],"y":[0.25]},"t":16.667,"s":[100]},{"t":20.8330078125,"s":[0]}],"ix":11},"r":{"a":0,"k":0,"ix":10},"p":{"a":1,"k":[{"i":{"x":0.338,"y":1},"o":{"x":0.333,"y":0},"t":12.5,"s":[159,530,0],"to":[5.167,-21,0],"ti":[3.333,109,0]},{"t":20.8330078125,"s":[183,257,0]}],"ix":2,"l":2},"a":{"a":0,"k":[39,39,0],"ix":1,"l":2},"s":{"a":1,"k":[{"i":{"x":[0.338,0.338,0.667],"y":[1,1,1]},"o":{"x":[0.333,0.333,0.333],"y":[0,0,0]},"t":12.5,"s":[160,160,100]},{"t":20.8330078125,"s":[0,0,100]}],"ix":6,"l":2}},"ao":0,"w":78,"h":78,"ip":0,"op":1500,"st":0,"bm":0}]},{"id":"comp_18","layers":[{"ddd":0,"ind":1,"ty":4,"nm":"Union","sr":1,"ks":{"o":{"a":0,"k":100,"ix":11},"r":{"a":0,"k":0,"ix":10},"p":{"a":0,"k":[6.644,6.852,0],"ix":2,"l":2},"a":{"a":0,"k":[2.6,2.868,0],"ix":1,"l":2},"s":{"a":0,"k":[100,100,100],"ix":6,"l":2}},"ao":0,"shapes":[{"ty":"gr","it":[{"ind":0,"ty":"sh","ix":1,"ks":{"a":0,"k":{"i":[[0.059,0.221],[-0.499,0.134],[-0.152,-0.015],[0,0],[-0.126,0.031],[0,0],[-0.068,-0.053],[0,-0.086],[0,0],[0,0],[0.471,-0.126],[0.08,0.299],[-0.499,0.134],[-0.152,-0.015],[0,0],[0,0],[0,0],[0.474,-0.127],[0.121,0]],"o":[[-0.081,-0.3],[0.175,-0.047],[0,0],[0,-0.13],[0,0],[0.084,-0.021],[0.068,0.053],[0,0],[0,0],[0.031,0.287],[-0.499,0.133],[-0.08,-0.3],[0.175,-0.047],[0,0],[0,0],[0,0],[0.036,0.289],[-0.131,0.035],[-0.338,0]],"v":[[0.012,5.384],[0.771,4.599],[1.269,4.553],[1.269,1.122],[1.484,0.85],[4.851,0.008],[5.091,0.06],[5.198,0.281],[5.198,4.414],[5.197,4.414],[4.428,5.146],[3.379,4.846],[4.138,4.062],[4.636,4.015],[4.636,1.496],[1.83,2.056],[1.83,4.945],[1.061,5.683],[0.68,5.735]],"c":true},"ix":2},"nm":"路径 1","mn":"ADBE Vector Shape - Group","hd":false},{"ty":"op","nm":"位移路径 1","a":{"a":0,"k":-0.5,"ix":1},"lj":1,"ml":{"a":0,"k":4,"ix":3},"ix":3,"mn":"ADBE Vector Filter - Offset","hd":false},{"ty":"tr","p":{"a":0,"k":[0,0],"ix":2},"a":{"a":0,"k":[0,0],"ix":1},"s":{"a":0,"k":[100,100],"ix":3},"r":{"a":0,"k":0,"ix":6},"o":{"a":0,"k":100,"ix":7},"sk":{"a":0,"k":0,"ix":4},"sa":{"a":0,"k":0,"ix":5},"nm":"变换"}],"nm":"Union Stroke","np":3,"cix":2,"bm":0,"ix":1,"mn":"ADBE Vector Group","hd":false},{"ty":"gr","it":[{"ind":0,"ty":"sh","ix":1,"ks":{"a":0,"k":{"i":[[0.059,0.221],[-0.499,0.134],[-0.152,-0.015],[0,0],[-0.126,0.031],[0,0],[-0.068,-0.053],[0,-0.086],[0,0],[0,0],[0.471,-0.126],[0.08,0.299],[-0.499,0.134],[-0.152,-0.015],[0,0],[0,0],[0,0],[0.474,-0.127],[0.121,0]],"o":[[-0.081,-0.3],[0.175,-0.047],[0,0],[0,-0.13],[0,0],[0.084,-0.021],[0.068,0.053],[0,0],[0,0],[0.031,0.287],[-0.499,0.133],[-0.08,-0.3],[0.175,-0.047],[0,0],[0,0],[0,0],[0.036,0.289],[-0.131,0.035],[-0.338,0]],"v":[[0.012,5.384],[0.771,4.599],[1.269,4.553],[1.269,1.122],[1.484,0.85],[4.851,0.008],[5.091,0.06],[5.198,0.281],[5.198,4.414],[5.197,4.414],[4.428,5.146],[3.379,4.846],[4.138,4.062],[4.636,4.015],[4.636,1.496],[1.83,2.056],[1.83,4.945],[1.061,5.683],[0.68,5.735]],"c":true},"ix":2},"nm":"路径 1","mn":"ADBE Vector Shape - Group","hd":false},{"ty":"fl","c":{"a":0,"k":[1,1,1,1],"ix":4},"o":{"a":0,"k":100,"ix":5},"r":1,"bm":0,"nm":"填充 1","mn":"ADBE Vector Graphic - Fill","hd":false},{"ty":"tr","p":{"a":0,"k":[0,0],"ix":2},"a":{"a":0,"k":[0,0],"ix":1},"s":{"a":0,"k":[100,100],"ix":3},"r":{"a":0,"k":0,"ix":6},"o":{"a":0,"k":100,"ix":7},"sk":{"a":0,"k":0,"ix":4},"sa":{"a":0,"k":0,"ix":5},"nm":"变换"}],"nm":"Union Fill","np":2,"cix":2,"bm":0,"ix":2,"mn":"ADBE Vector Group","hd":false}],"ip":0,"op":1500,"st":0,"bm":0},{"ddd":0,"ind":2,"ty":0,"nm":"球","refId":"comp_10","sr":1,"ks":{"o":{"a":0,"k":100,"ix":11},"r":{"a":0,"k":0,"ix":10},"p":{"a":0,"k":[7,7,0],"ix":2,"l":2},"a":{"a":0,"k":[36,36,0],"ix":1,"l":2},"s":{"a":0,"k":[19.444,19.444,100],"ix":6,"l":2}},"ao":0,"w":72,"h":72,"ip":0,"op":150,"st":0,"bm":0}]},{"id":"comp_19","layers":[{"ddd":0,"ind":1,"ty":4,"nm":"Union","sr":1,"ks":{"o":{"a":0,"k":100,"ix":11},"r":{"a":0,"k":0,"ix":10},"p":{"a":0,"k":[9.105,9.39,0],"ix":2,"l":2},"a":{"a":0,"k":[3.563,3.93,0],"ix":1,"l":2},"s":{"a":0,"k":[100,100,100],"ix":6,"l":2}},"ao":0,"shapes":[{"ty":"gr","it":[{"ind":0,"ty":"sh","ix":1,"ks":{"a":0,"k":{"i":[[0.081,0.302],[-0.685,0.184],[-0.208,-0.02],[0,0],[-0.173,0.041],[0,0],[-0.093,-0.073],[0,-0.118],[0,0],[0,0],[0.645,-0.173],[0.11,0.41],[-0.684,0.184],[-0.209,-0.02],[0,0],[0,0],[0,0],[0.644,-0.173],[0.166,0]],"o":[[-0.111,-0.41],[0.239,-0.064],[0,0],[0,-0.178],[0,0],[0.114,-0.027],[0.093,0.073],[0,0],[0,0],[0.042,0.393],[-0.685,0.183],[-0.11,-0.41],[0.24,-0.064],[0,0],[0,0],[0,0],[0.04,0.393],[-0.18,0.048],[-0.463,0]],"v":[[0.016,7.378],[1.057,6.302],[1.739,6.239],[1.739,1.539],[2.034,1.164],[6.648,0.01],[6.976,0.082],[7.123,0.385],[7.123,6.048],[7.122,6.048],[6.069,7.052],[4.63,6.641],[5.67,5.566],[6.353,5.502],[6.353,2.049],[2.508,2.818],[2.508,6.788],[1.454,7.788],[0.931,7.859]],"c":true},"ix":2},"nm":"路径 1","mn":"ADBE Vector Shape - Group","hd":false},{"ty":"op","nm":"位移路径 1","a":{"a":0,"k":-0.5,"ix":1},"lj":1,"ml":{"a":0,"k":4,"ix":3},"ix":3,"mn":"ADBE Vector Filter - Offset","hd":false},{"ty":"tr","p":{"a":0,"k":[0,0],"ix":2},"a":{"a":0,"k":[0,0],"ix":1},"s":{"a":0,"k":[100,100],"ix":3},"r":{"a":0,"k":0,"ix":6},"o":{"a":0,"k":100,"ix":7},"sk":{"a":0,"k":0,"ix":4},"sa":{"a":0,"k":0,"ix":5},"nm":"变换"}],"nm":"Union Stroke","np":3,"cix":2,"bm":0,"ix":1,"mn":"ADBE Vector Group","hd":false},{"ty":"gr","it":[{"ind":0,"ty":"sh","ix":1,"ks":{"a":0,"k":{"i":[[0.081,0.302],[-0.685,0.184],[-0.208,-0.02],[0,0],[-0.173,0.041],[0,0],[-0.093,-0.073],[0,-0.118],[0,0],[0,0],[0.645,-0.173],[0.11,0.41],[-0.684,0.184],[-0.209,-0.02],[0,0],[0,0],[0,0],[0.644,-0.173],[0.166,0]],"o":[[-0.111,-0.41],[0.239,-0.064],[0,0],[0,-0.178],[0,0],[0.114,-0.027],[0.093,0.073],[0,0],[0,0],[0.042,0.393],[-0.685,0.183],[-0.11,-0.41],[0.24,-0.064],[0,0],[0,0],[0,0],[0.04,0.393],[-0.18,0.048],[-0.463,0]],"v":[[0.016,7.378],[1.057,6.302],[1.739,6.239],[1.739,1.539],[2.034,1.164],[6.648,0.01],[6.976,0.082],[7.123,0.385],[7.123,6.048],[7.122,6.048],[6.069,7.052],[4.63,6.641],[5.67,5.566],[6.353,5.502],[6.353,2.049],[2.508,2.818],[2.508,6.788],[1.454,7.788],[0.931,7.859]],"c":true},"ix":2},"nm":"路径 1","mn":"ADBE Vector Shape - Group","hd":false},{"ty":"fl","c":{"a":0,"k":[1,1,1,1],"ix":4},"o":{"a":0,"k":100,"ix":5},"r":1,"bm":0,"nm":"填充 1","mn":"ADBE Vector Graphic - Fill","hd":false},{"ty":"tr","p":{"a":0,"k":[0,0],"ix":2},"a":{"a":0,"k":[0,0],"ix":1},"s":{"a":0,"k":[100,100],"ix":3},"r":{"a":0,"k":0,"ix":6},"o":{"a":0,"k":100,"ix":7},"sk":{"a":0,"k":0,"ix":4},"sa":{"a":0,"k":0,"ix":5},"nm":"变换"}],"nm":"Union Fill","np":2,"cix":2,"bm":0,"ix":2,"mn":"ADBE Vector Group","hd":false}],"ip":0,"op":1500,"st":0,"bm":0},{"ddd":0,"ind":2,"ty":0,"nm":"球","refId":"comp_10","sr":1,"ks":{"o":{"a":0,"k":100,"ix":11},"r":{"a":0,"k":0,"ix":10},"p":{"a":0,"k":[9.5,9.5,0],"ix":2,"l":2},"a":{"a":0,"k":[36,36,0],"ix":1,"l":2},"s":{"a":0,"k":[26.389,26.389,100],"ix":6,"l":2}},"ao":0,"w":72,"h":72,"ip":0,"op":150,"st":0,"bm":0}]},{"id":"comp_20","layers":[{"ddd":0,"ind":1,"ty":4,"nm":"Union","sr":1,"ks":{"o":{"a":0,"k":100,"ix":11},"r":{"a":0,"k":0,"ix":10},"p":{"a":0,"k":[17,17,0],"ix":2,"l":2},"a":{"a":0,"k":[8.899,5.562,0],"ix":1,"l":2},"s":{"a":0,"k":[100,100,100],"ix":6,"l":2}},"ao":0,"shapes":[{"ty":"gr","it":[{"ind":0,"ty":"sh","ix":1,"ks":{"a":0,"k":{"i":[[0,0],[0,0],[0,0],[0,0],[0,0]],"o":[[0,0],[0,0],[0,0],[0,0],[0,0]],"v":[[0,11.124],[5.006,4.45],[8.899,7.946],[12.793,0],[17.798,11.124]],"c":true},"ix":2},"nm":"路径 1","mn":"ADBE Vector Shape - Group","hd":false},{"ind":1,"ty":"sh","ix":2,"ks":{"a":0,"k":{"i":[[0,0.922],[-0.922,0],[0,-0.922],[0.922,0]],"o":[[0,-0.922],[0.922,0],[0,0.922],[-0.922,0]],"v":[[3.337,1.669],[5.006,0],[6.674,1.669],[5.006,3.337]],"c":true},"ix":2},"nm":"路径 2","mn":"ADBE Vector Shape - Group","hd":false},{"ty":"op","nm":"位移路径 1","a":{"a":0,"k":-0.5,"ix":1},"lj":1,"ml":{"a":0,"k":4,"ix":3},"ix":4,"mn":"ADBE Vector Filter - Offset","hd":false},{"ty":"tr","p":{"a":0,"k":[0,0],"ix":2},"a":{"a":0,"k":[0,0],"ix":1},"s":{"a":0,"k":[100,100],"ix":3},"r":{"a":0,"k":0,"ix":6},"o":{"a":0,"k":100,"ix":7},"sk":{"a":0,"k":0,"ix":4},"sa":{"a":0,"k":0,"ix":5},"nm":"变换"}],"nm":"Union Stroke","np":4,"cix":2,"bm":0,"ix":1,"mn":"ADBE Vector Group","hd":false},{"ty":"gr","it":[{"ind":0,"ty":"sh","ix":1,"ks":{"a":0,"k":{"i":[[0,0],[0,0],[0,0],[0,0],[0,0]],"o":[[0,0],[0,0],[0,0],[0,0],[0,0]],"v":[[0,11.124],[5.006,4.45],[8.899,7.946],[12.793,0],[17.798,11.124]],"c":true},"ix":2},"nm":"路径 1","mn":"ADBE Vector Shape - Group","hd":false},{"ind":1,"ty":"sh","ix":2,"ks":{"a":0,"k":{"i":[[0,0.922],[-0.922,0],[0,-0.922],[0.922,0]],"o":[[0,-0.922],[0.922,0],[0,0.922],[-0.922,0]],"v":[[3.337,1.669],[5.006,0],[6.674,1.669],[5.006,3.337]],"c":true},"ix":2},"nm":"路径 2","mn":"ADBE Vector Shape - Group","hd":false},{"ty":"fl","c":{"a":0,"k":[1,1,1,1],"ix":4},"o":{"a":0,"k":100,"ix":5},"r":1,"bm":0,"nm":"填充 1","mn":"ADBE Vector Graphic - Fill","hd":false},{"ty":"tr","p":{"a":0,"k":[0,0],"ix":2},"a":{"a":0,"k":[0,0],"ix":1},"s":{"a":0,"k":[100,100],"ix":3},"r":{"a":0,"k":0,"ix":6},"o":{"a":0,"k":100,"ix":7},"sk":{"a":0,"k":0,"ix":4},"sa":{"a":0,"k":0,"ix":5},"nm":"变换"}],"nm":"Union Fill","np":3,"cix":2,"bm":0,"ix":2,"mn":"ADBE Vector Group","hd":false}],"ip":0,"op":1500,"st":0,"bm":0},{"ddd":0,"ind":2,"ty":0,"nm":"球","refId":"comp_10","sr":1,"ks":{"o":{"a":0,"k":100,"ix":11},"r":{"a":0,"k":0,"ix":10},"p":{"a":0,"k":[17.5,17.5,0],"ix":2,"l":2},"a":{"a":0,"k":[36,36,0],"ix":1,"l":2},"s":{"a":0,"k":[50,50,100],"ix":6,"l":2}},"ao":0,"w":72,"h":72,"ip":0,"op":150,"st":0,"bm":0}]},{"id":"comp_21","layers":[{"ddd":0,"ind":1,"ty":4,"nm":"Vector","sr":1,"ks":{"o":{"a":0,"k":100,"ix":11},"r":{"a":0,"k":0,"ix":10},"p":{"a":0,"k":[9.586,8.848,0],"ix":2,"l":2},"a":{"a":0,"k":[2.949,3.318,0],"ix":1,"l":2},"s":{"a":0,"k":[100,100,100],"ix":6,"l":2}},"ao":0,"shapes":[{"ty":"gr","it":[{"ind":0,"ty":"sh","ix":1,"ks":{"a":0,"k":{"i":[[0,0],[0,0],[0,0],[0,0],[0,0],[0,0]],"o":[[0,0],[0,0],[0,0],[0,0],[0,0],[0,0]],"v":[[0,3.318],[0,0],[2.949,1.659],[5.899,3.318],[2.949,4.977],[0,6.636]],"c":true},"ix":2},"nm":"路径 1","mn":"ADBE Vector Shape - Group","hd":false},{"ty":"op","nm":"位移路径 1","a":{"a":0,"k":-0.5,"ix":1},"lj":1,"ml":{"a":0,"k":4,"ix":3},"ix":3,"mn":"ADBE Vector Filter - Offset","hd":false},{"ty":"tr","p":{"a":0,"k":[0,0],"ix":2},"a":{"a":0,"k":[0,0],"ix":1},"s":{"a":0,"k":[100,100],"ix":3},"r":{"a":0,"k":0,"ix":6},"o":{"a":0,"k":100,"ix":7},"sk":{"a":0,"k":0,"ix":4},"sa":{"a":0,"k":0,"ix":5},"nm":"变换"}],"nm":"Vector Stroke","np":3,"cix":2,"bm":0,"ix":1,"mn":"ADBE Vector Group","hd":false},{"ty":"gr","it":[{"ind":0,"ty":"sh","ix":1,"ks":{"a":0,"k":{"i":[[0,0],[0,0],[0,0],[0,0],[0,0],[0,0]],"o":[[0,0],[0,0],[0,0],[0,0],[0,0],[0,0]],"v":[[0,3.318],[0,0],[2.949,1.659],[5.899,3.318],[2.949,4.977],[0,6.636]],"c":true},"ix":2},"nm":"路径 1","mn":"ADBE Vector Shape - Group","hd":false},{"ty":"fl","c":{"a":0,"k":[1,1,1,1],"ix":4},"o":{"a":0,"k":100,"ix":5},"r":1,"bm":0,"nm":"填充 1","mn":"ADBE Vector Graphic - Fill","hd":false},{"ty":"tr","p":{"a":0,"k":[0,0],"ix":2},"a":{"a":0,"k":[0,0],"ix":1},"s":{"a":0,"k":[100,100],"ix":3},"r":{"a":0,"k":0,"ix":6},"o":{"a":0,"k":100,"ix":7},"sk":{"a":0,"k":0,"ix":4},"sa":{"a":0,"k":0,"ix":5},"nm":"变换"}],"nm":"Vector Fill","np":2,"cix":2,"bm":0,"ix":2,"mn":"ADBE Vector Group","hd":false}],"ip":0,"op":1500,"st":0,"bm":0},{"ddd":0,"ind":2,"ty":0,"nm":"球","refId":"comp_10","sr":1,"ks":{"o":{"a":0,"k":100,"ix":11},"r":{"a":0,"k":0,"ix":10},"p":{"a":0,"k":[9,9,0],"ix":2,"l":2},"a":{"a":0,"k":[36,36,0],"ix":1,"l":2},"s":{"a":0,"k":[24.826,24.826,100],"ix":6,"l":2}},"ao":0,"w":72,"h":72,"ip":0,"op":150,"st":0,"bm":0}]},{"id":"comp_22","layers":[{"ddd":0,"ind":1,"ty":4,"nm":"Vector","sr":1,"ks":{"o":{"a":0,"k":100,"ix":11},"r":{"a":0,"k":0,"ix":10},"p":{"a":0,"k":[13,12,0],"ix":2,"l":2},"a":{"a":0,"k":[4,4.5,0],"ix":1,"l":2},"s":{"a":0,"k":[100,100,100],"ix":6,"l":2}},"ao":0,"shapes":[{"ty":"gr","it":[{"ind":0,"ty":"sh","ix":1,"ks":{"a":0,"k":{"i":[[0,0],[0,0],[0,0],[0,0],[0,0],[0,0]],"o":[[0,0],[0,0],[0,0],[0,0],[0,0],[0,0]],"v":[[0,4.5],[0,0],[4,2.25],[8,4.5],[4,6.75],[0,9]],"c":true},"ix":2},"nm":"路径 1","mn":"ADBE Vector Shape - Group","hd":false},{"ty":"op","nm":"位移路径 1","a":{"a":0,"k":-0.5,"ix":1},"lj":1,"ml":{"a":0,"k":4,"ix":3},"ix":3,"mn":"ADBE Vector Filter - Offset","hd":false},{"ty":"tr","p":{"a":0,"k":[0,0],"ix":2},"a":{"a":0,"k":[0,0],"ix":1},"s":{"a":0,"k":[100,100],"ix":3},"r":{"a":0,"k":0,"ix":6},"o":{"a":0,"k":100,"ix":7},"sk":{"a":0,"k":0,"ix":4},"sa":{"a":0,"k":0,"ix":5},"nm":"变换"}],"nm":"Vector Stroke","np":3,"cix":2,"bm":0,"ix":1,"mn":"ADBE Vector Group","hd":false},{"ty":"gr","it":[{"ind":0,"ty":"sh","ix":1,"ks":{"a":0,"k":{"i":[[0,0],[0,0],[0,0],[0,0],[0,0],[0,0]],"o":[[0,0],[0,0],[0,0],[0,0],[0,0],[0,0]],"v":[[0,4.5],[0,0],[4,2.25],[8,4.5],[4,6.75],[0,9]],"c":true},"ix":2},"nm":"路径 1","mn":"ADBE Vector Shape - Group","hd":false},{"ty":"fl","c":{"a":0,"k":[1,1,1,1],"ix":4},"o":{"a":0,"k":100,"ix":5},"r":1,"bm":0,"nm":"填充 1","mn":"ADBE Vector Graphic - Fill","hd":false},{"ty":"tr","p":{"a":0,"k":[0,0],"ix":2},"a":{"a":0,"k":[0,0],"ix":1},"s":{"a":0,"k":[100,100],"ix":3},"r":{"a":0,"k":0,"ix":6},"o":{"a":0,"k":100,"ix":7},"sk":{"a":0,"k":0,"ix":4},"sa":{"a":0,"k":0,"ix":5},"nm":"变换"}],"nm":"Vector Fill","np":2,"cix":2,"bm":0,"ix":2,"mn":"ADBE Vector Group","hd":false}],"ip":0,"op":1500,"st":0,"bm":0},{"ddd":0,"ind":2,"ty":0,"nm":"球","refId":"comp_10","sr":1,"ks":{"o":{"a":0,"k":100,"ix":11},"r":{"a":0,"k":0,"ix":10},"p":{"a":0,"k":[12,12,0],"ix":2,"l":2},"a":{"a":0,"k":[36,36,0],"ix":1,"l":2},"s":{"a":0,"k":[33.333,33.333,100],"ix":6,"l":2}},"ao":0,"w":72,"h":72,"ip":0,"op":150,"st":0,"bm":0}]},{"id":"comp_23","layers":[{"ddd":0,"ind":1,"ty":4,"nm":"文件","sr":1,"ks":{"o":{"a":0,"k":100,"ix":11},"r":{"a":0,"k":-5,"ix":10},"p":{"a":0,"k":[13.141,10.602,0],"ix":2,"l":2},"a":{"a":0,"k":[4.989,3.93,0],"ix":1,"l":2},"s":{"a":0,"k":[100,100,100],"ix":6,"l":2}},"ao":0,"shapes":[{"ty":"gr","it":[{"ind":0,"ty":"sh","ix":1,"ks":{"a":0,"k":{"i":[[0,0],[-0.119,-0.174],[0,0],[0,0],[0,0],[0,0],[0,0],[-0.186,0.099],[0,0],[0.119,0.174],[0,0],[0.186,-0.099],[0,0],[0,0]],"o":[[-0.186,0.099],[0,0],[0,0],[0,0],[0,0],[0,0],[0.119,0.174],[0,0],[0.186,-0.099],[0,0],[-0.119,-0.174],[0,0],[0,0],[0,0]],"v":[[0.184,2.149],[0.063,2.642],[0.905,3.87],[7.305,0.467],[7.79,1.175],[1.391,4.579],[3.515,7.677],[4.067,7.812],[9.793,4.767],[9.914,4.273],[7.11,0.183],[6.557,0.047],[3.694,1.57],[2.205,1.074]],"c":true},"ix":2},"nm":"路径 1","mn":"ADBE Vector Shape - Group","hd":false},{"ty":"op","nm":"位移路径 1","a":{"a":0,"k":-0.5,"ix":1},"lj":1,"ml":{"a":0,"k":4,"ix":3},"ix":3,"mn":"ADBE Vector Filter - Offset","hd":false},{"ty":"tr","p":{"a":0,"k":[0,0],"ix":2},"a":{"a":0,"k":[0,0],"ix":1},"s":{"a":0,"k":[100,100],"ix":3},"r":{"a":0,"k":0,"ix":6},"o":{"a":0,"k":100,"ix":7},"sk":{"a":0,"k":0,"ix":4},"sa":{"a":0,"k":0,"ix":5},"nm":"变换"}],"nm":"Subtract Stroke","np":3,"cix":2,"bm":0,"ix":1,"mn":"ADBE Vector Group","hd":false},{"ty":"gr","it":[{"ind":0,"ty":"sh","ix":1,"ks":{"a":0,"k":{"i":[[0,0],[-0.119,-0.174],[0,0],[0,0],[0,0],[0,0],[0,0],[-0.186,0.099],[0,0],[0.119,0.174],[0,0],[0.186,-0.099],[0,0],[0,0]],"o":[[-0.186,0.099],[0,0],[0,0],[0,0],[0,0],[0,0],[0.119,0.174],[0,0],[0.186,-0.099],[0,0],[-0.119,-0.174],[0,0],[0,0],[0,0]],"v":[[0.184,2.149],[0.063,2.642],[0.905,3.87],[7.305,0.467],[7.79,1.175],[1.391,4.579],[3.515,7.677],[4.067,7.812],[9.793,4.767],[9.914,4.273],[7.11,0.183],[6.557,0.047],[3.694,1.57],[2.205,1.074]],"c":true},"ix":2},"nm":"路径 1","mn":"ADBE Vector Shape - Group","hd":false},{"ty":"fl","c":{"a":0,"k":[1,1,1,1],"ix":4},"o":{"a":0,"k":100,"ix":5},"r":1,"bm":0,"nm":"填充 1","mn":"ADBE Vector Graphic - Fill","hd":false},{"ty":"tr","p":{"a":0,"k":[0,0],"ix":2},"a":{"a":0,"k":[0,0],"ix":1},"s":{"a":0,"k":[100,100],"ix":3},"r":{"a":0,"k":0,"ix":6},"o":{"a":0,"k":100,"ix":7},"sk":{"a":0,"k":0,"ix":4},"sa":{"a":0,"k":0,"ix":5},"nm":"变换"}],"nm":"Subtract Fill","np":2,"cix":2,"bm":0,"ix":2,"mn":"ADBE Vector Group","hd":false}],"ip":0,"op":1500,"st":0,"bm":0},{"ddd":0,"ind":2,"ty":0,"nm":"盒子","refId":"comp_13","sr":1,"ks":{"o":{"a":0,"k":100,"ix":11},"r":{"a":0,"k":0,"ix":10},"p":{"a":0,"k":[12,12,0],"ix":2,"l":2},"a":{"a":0,"k":[33,33,0],"ix":1,"l":2},"s":{"a":0,"k":[33.333,33.333,100],"ix":6,"l":2}},"ao":0,"w":66,"h":66,"ip":0,"op":1500,"st":0,"bm":0}]},{"id":"comp_24","layers":[{"ddd":0,"ind":1,"ty":4,"nm":"图片","sr":1,"ks":{"o":{"a":0,"k":100,"ix":11},"r":{"a":0,"k":0,"ix":10},"p":{"a":0,"k":[14.119,11.681,0],"ix":2,"l":2},"a":{"a":0,"k":[4.781,4.197,0],"ix":1,"l":2},"s":{"a":0,"k":[100,100,100],"ix":6,"l":2}},"ao":0,"shapes":[{"ty":"gr","it":[{"ind":0,"ty":"sh","ix":1,"ks":{"a":0,"k":{"i":[[0,0],[0,0],[0,0],[0,0],[0,0]],"o":[[0,0],[0,0],[0,0],[0,0],[0,0]],"v":[[1.79,4.066],[4.57,4.603],[4.111,0],[9.561,3.668],[1.378,8.393]],"c":true},"ix":2},"nm":"路径 1","mn":"ADBE Vector Shape - Group","hd":false},{"ind":1,"ty":"sh","ix":2,"ks":{"a":0,"k":{"i":[[0.173,0.275],[-0.424,0.245],[-0.261,-0.414],[0.424,-0.245],[0.156,0]],"o":[[-0.261,-0.414],[0.423,-0.245],[0.26,0.414],[-0.142,0.082],[-0.308,0]],"v":[[0.134,3.151],[0.429,1.958],[1.668,2.265],[1.373,3.458],[0.918,3.579]],"c":true},"ix":2},"nm":"路径 2","mn":"ADBE Vector Shape - Group","hd":false},{"ty":"op","nm":"位移路径 1","a":{"a":0,"k":-0.5,"ix":1},"lj":1,"ml":{"a":0,"k":4,"ix":3},"ix":4,"mn":"ADBE Vector Filter - Offset","hd":false},{"ty":"tr","p":{"a":0,"k":[0,0],"ix":2},"a":{"a":0,"k":[0,0],"ix":1},"s":{"a":0,"k":[100,100],"ix":3},"r":{"a":0,"k":0,"ix":6},"o":{"a":0,"k":100,"ix":7},"sk":{"a":0,"k":0,"ix":4},"sa":{"a":0,"k":0,"ix":5},"nm":"变换"}],"nm":"Union Stroke","np":4,"cix":2,"bm":0,"ix":1,"mn":"ADBE Vector Group","hd":false},{"ty":"gr","it":[{"ind":0,"ty":"sh","ix":1,"ks":{"a":0,"k":{"i":[[0,0],[0,0],[0,0],[0,0],[0,0]],"o":[[0,0],[0,0],[0,0],[0,0],[0,0]],"v":[[1.79,4.066],[4.57,4.603],[4.111,0],[9.561,3.668],[1.378,8.393]],"c":true},"ix":2},"nm":"路径 1","mn":"ADBE Vector Shape - Group","hd":false},{"ind":1,"ty":"sh","ix":2,"ks":{"a":0,"k":{"i":[[0.173,0.275],[-0.424,0.245],[-0.261,-0.414],[0.424,-0.245],[0.156,0]],"o":[[-0.261,-0.414],[0.423,-0.245],[0.26,0.414],[-0.142,0.082],[-0.308,0]],"v":[[0.134,3.151],[0.429,1.958],[1.668,2.265],[1.373,3.458],[0.918,3.579]],"c":true},"ix":2},"nm":"路径 2","mn":"ADBE Vector Shape - Group","hd":false},{"ty":"fl","c":{"a":0,"k":[1,1,1,1],"ix":4},"o":{"a":0,"k":100,"ix":5},"r":1,"bm":0,"nm":"填充 1","mn":"ADBE Vector Graphic - Fill","hd":false},{"ty":"tr","p":{"a":0,"k":[0,0],"ix":2},"a":{"a":0,"k":[0,0],"ix":1},"s":{"a":0,"k":[100,100],"ix":3},"r":{"a":0,"k":0,"ix":6},"o":{"a":0,"k":100,"ix":7},"sk":{"a":0,"k":0,"ix":4},"sa":{"a":0,"k":0,"ix":5},"nm":"变换"}],"nm":"Union Fill","np":3,"cix":2,"bm":0,"ix":2,"mn":"ADBE Vector Group","hd":false}],"ip":0,"op":1500,"st":0,"bm":0},{"ddd":0,"ind":2,"ty":0,"nm":"盒子","refId":"comp_13","sr":1,"ks":{"o":{"a":0,"k":100,"ix":11},"r":{"a":0,"k":0,"ix":10},"p":{"a":0,"k":[12,12,0],"ix":2,"l":2},"a":{"a":0,"k":[33,33,0],"ix":1,"l":2},"s":{"a":0,"k":[32.955,32.955,100],"ix":6,"l":2}},"ao":0,"w":66,"h":66,"ip":0,"op":1500,"st":0,"bm":0}]},{"id":"comp_25","layers":[{"ddd":0,"ind":1,"ty":4,"nm":"Union","sr":1,"ks":{"o":{"a":0,"k":100,"ix":11},"r":{"a":0,"k":0,"ix":10},"p":{"a":0,"k":[19.705,15.587,0],"ix":2,"l":2},"a":{"a":0,"k":[5.001,5.384,0],"ix":1,"l":2},"s":{"a":0,"k":[100,100,100],"ix":6,"l":2}},"ao":0,"shapes":[{"ty":"gr","it":[{"ind":0,"ty":"sh","ix":1,"ks":{"a":0,"k":{"i":[[0.196,0.189],[-0.718,0.45],[-0.272,0.055],[0,0],[-0.184,0.108],[0,0],[-0.166,-0.045],[-0.082,-0.128],[0,0],[0,0],[0.678,-0.424],[0.421,0.405],[-0.718,0.449],[-0.272,0.055],[0,0],[0,0],[0,0],[0.677,-0.424],[0.393,0]],"o":[[-0.422,-0.405],[0.251,-0.157],[0,0],[-0.124,-0.193],[0,0],[0.122,-0.072],[0.165,0.045],[0,0],[0,0],[0.327,0.41],[-0.718,0.45],[-0.422,-0.404],[0.251,-0.158],[0,0],[0,0],[0,0],[0.326,0.411],[-0.384,0.24],[-0.342,0]],"v":[[2.005,10.487],[2.542,8.94],[3.342,8.621],[0.071,3.521],[0.174,3.008],[5.074,0.068],[5.529,0.025],[5.92,0.3],[9.861,6.442],[9.86,6.443],[9.257,7.917],[7.194,7.998],[7.731,6.452],[8.531,6.133],[6.128,2.386],[1.911,4.628],[4.672,8.931],[4.067,10.406],[2.848,10.768]],"c":true},"ix":2},"nm":"路径 1","mn":"ADBE Vector Shape - Group","hd":false},{"ty":"op","nm":"位移路径 1","a":{"a":0,"k":-0.5,"ix":1},"lj":1,"ml":{"a":0,"k":4,"ix":3},"ix":3,"mn":"ADBE Vector Filter - Offset","hd":false},{"ty":"tr","p":{"a":0,"k":[0,0],"ix":2},"a":{"a":0,"k":[0,0],"ix":1},"s":{"a":0,"k":[100,100],"ix":3},"r":{"a":0,"k":0,"ix":6},"o":{"a":0,"k":100,"ix":7},"sk":{"a":0,"k":0,"ix":4},"sa":{"a":0,"k":0,"ix":5},"nm":"变换"}],"nm":"Union Stroke","np":3,"cix":2,"bm":0,"ix":1,"mn":"ADBE Vector Group","hd":false},{"ty":"gr","it":[{"ind":0,"ty":"sh","ix":1,"ks":{"a":0,"k":{"i":[[0.196,0.189],[-0.718,0.45],[-0.272,0.055],[0,0],[-0.184,0.108],[0,0],[-0.166,-0.045],[-0.082,-0.128],[0,0],[0,0],[0.678,-0.424],[0.421,0.405],[-0.718,0.449],[-0.272,0.055],[0,0],[0,0],[0,0],[0.677,-0.424],[0.393,0]],"o":[[-0.422,-0.405],[0.251,-0.157],[0,0],[-0.124,-0.193],[0,0],[0.122,-0.072],[0.165,0.045],[0,0],[0,0],[0.327,0.41],[-0.718,0.45],[-0.422,-0.404],[0.251,-0.158],[0,0],[0,0],[0,0],[0.326,0.411],[-0.384,0.24],[-0.342,0]],"v":[[2.005,10.487],[2.542,8.94],[3.342,8.621],[0.071,3.521],[0.174,3.008],[5.074,0.068],[5.529,0.025],[5.92,0.3],[9.861,6.442],[9.86,6.443],[9.257,7.917],[7.194,7.998],[7.731,6.452],[8.531,6.133],[6.128,2.386],[1.911,4.628],[4.672,8.931],[4.067,10.406],[2.848,10.768]],"c":true},"ix":2},"nm":"路径 1","mn":"ADBE Vector Shape - Group","hd":false},{"ty":"fl","c":{"a":0,"k":[1,1,1,1],"ix":4},"o":{"a":0,"k":100,"ix":5},"r":1,"bm":0,"nm":"填充 1","mn":"ADBE Vector Graphic - Fill","hd":false},{"ty":"tr","p":{"a":0,"k":[0,0],"ix":2},"a":{"a":0,"k":[0,0],"ix":1},"s":{"a":0,"k":[100,100],"ix":3},"r":{"a":0,"k":0,"ix":6},"o":{"a":0,"k":100,"ix":7},"sk":{"a":0,"k":0,"ix":4},"sa":{"a":0,"k":0,"ix":5},"nm":"变换"}],"nm":"Union Fill","np":2,"cix":2,"bm":0,"ix":2,"mn":"ADBE Vector Group","hd":false}],"ip":0,"op":1500,"st":0,"bm":0},{"ddd":0,"ind":2,"ty":0,"nm":"盒子","refId":"comp_13","sr":1,"ks":{"o":{"a":0,"k":100,"ix":11},"r":{"a":0,"k":0,"ix":10},"p":{"a":0,"k":[18,18,0],"ix":2,"l":2},"a":{"a":0,"k":[33,33,0],"ix":1,"l":2},"s":{"a":0,"k":[50.379,50.379,100],"ix":6,"l":2}},"ao":0,"w":66,"h":66,"ip":0,"op":1500,"st":0,"bm":0}]},{"id":"comp_26","layers":[{"ddd":0,"ind":1,"ty":4,"nm":"视频","sr":1,"ks":{"o":{"a":0,"k":100,"ix":11},"r":{"a":0,"k":0,"ix":10},"p":{"a":0,"k":[41.054,37.697,0],"ix":2,"l":2},"a":{"a":0,"k":[5.325,4.661,0],"ix":1,"l":2},"s":{"a":0,"k":[220,220,100],"ix":6,"l":2}},"ao":0,"shapes":[{"ty":"gr","it":[{"ind":0,"ty":"sh","ix":1,"ks":{"a":0,"k":{"i":[[0,0],[0,0],[0,0],[0,0],[0,0],[0,0]],"o":[[0,0],[0,0],[0,0],[0,0],[0,0],[0,0]],"v":[[2.683,4.661],[0,0],[5.325,0.024],[10.649,0.048],[8.008,4.685],[5.366,9.321]],"c":true},"ix":2},"nm":"路径 1","mn":"ADBE Vector Shape - Group","hd":false},{"ty":"op","nm":"位移路径 1","a":{"a":0,"k":-0.5,"ix":1},"lj":1,"ml":{"a":0,"k":4,"ix":3},"ix":3,"mn":"ADBE Vector Filter - Offset","hd":false},{"ty":"tr","p":{"a":0,"k":[0,0],"ix":2},"a":{"a":0,"k":[0,0],"ix":1},"s":{"a":0,"k":[100,100],"ix":3},"r":{"a":0,"k":0,"ix":6},"o":{"a":0,"k":100,"ix":7},"sk":{"a":0,"k":0,"ix":4},"sa":{"a":0,"k":0,"ix":5},"nm":"变换"}],"nm":"Vector Stroke","np":3,"cix":2,"bm":0,"ix":1,"mn":"ADBE Vector Group","hd":false},{"ty":"gr","it":[{"ind":0,"ty":"sh","ix":1,"ks":{"a":0,"k":{"i":[[0,0],[0,0],[0,0],[0,0],[0,0],[0,0]],"o":[[0,0],[0,0],[0,0],[0,0],[0,0],[0,0]],"v":[[2.683,4.661],[0,0],[5.325,0.024],[10.649,0.048],[8.008,4.685],[5.366,9.321]],"c":true},"ix":2},"nm":"路径 1","mn":"ADBE Vector Shape - Group","hd":false},{"ty":"fl","c":{"a":0,"k":[1,1,1,1],"ix":4},"o":{"a":0,"k":100,"ix":5},"r":1,"bm":0,"nm":"填充 1","mn":"ADBE Vector Graphic - Fill","hd":false},{"ty":"tr","p":{"a":0,"k":[0,0],"ix":2},"a":{"a":0,"k":[0,0],"ix":1},"s":{"a":0,"k":[100,100],"ix":3},"r":{"a":0,"k":0,"ix":6},"o":{"a":0,"k":100,"ix":7},"sk":{"a":0,"k":0,"ix":4},"sa":{"a":0,"k":0,"ix":5},"nm":"变换"}],"nm":"Vector Fill","np":2,"cix":2,"bm":0,"ix":2,"mn":"ADBE Vector Group","hd":false}],"ip":0,"op":1500,"st":0,"bm":0},{"ddd":0,"ind":2,"ty":0,"nm":"盒子","refId":"comp_13","sr":1,"ks":{"o":{"a":0,"k":100,"ix":11},"r":{"a":0,"k":0,"ix":10},"p":{"a":0,"k":[39,39,0],"ix":2,"l":2},"a":{"a":0,"k":[33,33,0],"ix":1,"l":2},"s":{"a":0,"k":[100,100,100],"ix":6,"l":2}},"ao":0,"w":66,"h":66,"ip":0,"op":1500,"st":0,"bm":0}]},{"id":"comp_27","layers":[{"ddd":0,"ind":2,"ty":0,"nm":"球","refId":"comp_28","sr":1,"ks":{"o":{"a":0,"k":100,"ix":11},"r":{"a":0,"k":0,"ix":10},"p":{"a":0,"k":[180,320,0],"ix":2,"l":2},"a":{"a":0,"k":[180,320,0],"ix":1,"l":2},"s":{"a":0,"k":[100,100,100],"ix":6,"l":2}},"ao":0,"w":360,"h":640,"ip":-0.41666666666667,"op":49.5833333333333,"st":-0.41666666666667,"bm":0},{"ddd":0,"ind":3,"ty":0,"nm":"光线","refId":"comp_29","sr":1,"ks":{"o":{"a":0,"k":50,"ix":11},"r":{"a":0,"k":0,"ix":10},"p":{"a":0,"k":[180,320,0],"ix":2,"l":2},"a":{"a":0,"k":[180,320,0],"ix":1,"l":2},"s":{"a":0,"k":[100,100,100],"ix":6,"l":2}},"ao":0,"w":360,"h":640,"ip":125,"op":150,"st":125,"bm":0},{"ddd":0,"ind":4,"ty":0,"nm":"光线","refId":"comp_29","sr":1,"ks":{"o":{"a":0,"k":50,"ix":11},"r":{"a":0,"k":0,"ix":10},"p":{"a":0,"k":[180,320,0],"ix":2,"l":2},"a":{"a":0,"k":[180,320,0],"ix":1,"l":2},"s":{"a":0,"k":[100,100,100],"ix":6,"l":2}},"ao":0,"w":360,"h":640,"ip":100,"op":125,"st":100,"bm":0},{"ddd":0,"ind":5,"ty":0,"nm":"光线","refId":"comp_29","sr":1,"ks":{"o":{"a":0,"k":50,"ix":11},"r":{"a":0,"k":0,"ix":10},"p":{"a":0,"k":[180,320,0],"ix":2,"l":2},"a":{"a":0,"k":[180,320,0],"ix":1,"l":2},"s":{"a":0,"k":[100,100,100],"ix":6,"l":2}},"ao":0,"w":360,"h":640,"ip":75,"op":100,"st":75,"bm":0},{"ddd":0,"ind":6,"ty":0,"nm":"光线","refId":"comp_29","sr":1,"ks":{"o":{"a":0,"k":50,"ix":11},"r":{"a":0,"k":0,"ix":10},"p":{"a":0,"k":[180,320,0],"ix":2,"l":2},"a":{"a":0,"k":[180,320,0],"ix":1,"l":2},"s":{"a":0,"k":[100,100,100],"ix":6,"l":2}},"ao":0,"w":360,"h":640,"ip":50,"op":75,"st":50,"bm":0},{"ddd":0,"ind":7,"ty":0,"nm":"光线","refId":"comp_29","sr":1,"ks":{"o":{"a":0,"k":50,"ix":11},"r":{"a":0,"k":0,"ix":10},"p":{"a":0,"k":[180,320,0],"ix":2,"l":2},"a":{"a":0,"k":[180,320,0],"ix":1,"l":2},"s":{"a":0,"k":[100,100,100],"ix":6,"l":2}},"ao":0,"w":360,"h":640,"ip":25,"op":50,"st":25,"bm":0},{"ddd":0,"ind":8,"ty":0,"nm":"光线","refId":"comp_29","sr":1,"ks":{"o":{"a":0,"k":50,"ix":11},"r":{"a":0,"k":0,"ix":10},"p":{"a":0,"k":[180,320,0],"ix":2,"l":2},"a":{"a":0,"k":[180,320,0],"ix":1,"l":2},"s":{"a":0,"k":[100,100,100],"ix":6,"l":2}},"ao":0,"w":360,"h":640,"ip":0,"op":25,"st":0,"bm":0}]},{"id":"comp_28","layers":[{"ddd":0,"ind":1,"ty":0,"nm":"球","refId":"comp_10","sr":1,"ks":{"o":{"a":1,"k":[{"i":{"x":[0.169],"y":[1]},"o":{"x":[0.333],"y":[0]},"t":6.25,"s":[100]},{"t":25,"s":[50]}],"ix":11},"r":{"a":0,"k":0,"ix":10},"p":{"a":1,"k":[{"i":{"x":0.169,"y":1},"o":{"x":0.333,"y":0},"t":6.25,"s":[-432,615,0],"to":[346.833,4.667,0],"ti":[-27.667,163.167,0]},{"t":25,"s":[189,225,0]}],"ix":2,"l":2},"a":{"a":0,"k":[36,36,0],"ix":1,"l":2},"s":{"a":1,"k":[{"i":{"x":[0.169,0.169,0.667],"y":[1,1,1]},"o":{"x":[0.333,0.333,0.333],"y":[0,0,0]},"t":6.25,"s":[480,480,100]},{"t":25,"s":[0,0,100]}],"ix":6,"l":2}},"ao":0,"w":72,"h":72,"ip":0,"op":150,"st":0,"bm":0},{"ddd":0,"ind":2,"ty":0,"nm":"球","refId":"comp_10","sr":1,"ks":{"o":{"a":1,"k":[{"i":{"x":[0.169],"y":[1]},"o":{"x":[0.333],"y":[0]},"t":3.125,"s":[100]},{"t":21.875,"s":[50]}],"ix":11},"r":{"a":0,"k":0,"ix":10},"p":{"a":1,"k":[{"i":{"x":0.169,"y":1},"o":{"x":0.333,"y":0},"t":3.125,"s":[462,367,0],"to":[-161.167,13.667,0],"ti":[23.333,92.167,0]},{"t":21.875,"s":[178,230,0]}],"ix":2,"l":2},"a":{"a":0,"k":[36,36,0],"ix":1,"l":2},"s":{"a":1,"k":[{"i":{"x":[0.169,0.169,0.667],"y":[1,1,1]},"o":{"x":[0.333,0.333,0.333],"y":[0,0,0]},"t":3.125,"s":[160,160,100]},{"t":21.875,"s":[0,0,100]}],"ix":6,"l":2}},"ao":0,"w":72,"h":72,"ip":0,"op":150,"st":0,"bm":0},{"ddd":0,"ind":3,"ty":0,"nm":"球","refId":"comp_10","sr":1,"ks":{"o":{"a":1,"k":[{"i":{"x":[0.169],"y":[1]},"o":{"x":[0.333],"y":[0]},"t":0,"s":[100]},{"t":18.75,"s":[50]}],"ix":11},"r":{"a":0,"k":0,"ix":10},"p":{"a":1,"k":[{"i":{"x":0.169,"y":1},"o":{"x":0.333,"y":0},"t":0,"s":[-116,539,0],"to":[156.833,-33.333,0],"ti":[-35.667,143.167,0]},{"t":18.75,"s":[187,287,0]}],"ix":2,"l":2},"a":{"a":0,"k":[36,36,0],"ix":1,"l":2},"s":{"a":1,"k":[{"i":{"x":[0.169,0.169,0.667],"y":[1,1,1]},"o":{"x":[0.333,0.333,0.333],"y":[0,0,0]},"t":0,"s":[240,240,100]},{"t":18.75,"s":[0,0,100]}],"ix":6,"l":2}},"ao":0,"w":72,"h":72,"ip":0,"op":150,"st":0,"bm":0},{"ddd":0,"ind":4,"ty":0,"nm":"球","refId":"comp_10","sr":1,"ks":{"o":{"a":1,"k":[{"i":{"x":[0.169],"y":[1]},"o":{"x":[0.333],"y":[0]},"t":12.5,"s":[100]},{"t":25,"s":[50]}],"ix":11},"r":{"a":0,"k":0,"ix":10},"p":{"a":1,"k":[{"i":{"x":0.169,"y":1},"o":{"x":0.333,"y":0},"t":12.5,"s":[612,537,0],"to":[-335.167,-25.333,0],"ti":[20.333,137.167,0]},{"t":25,"s":[175,199,0]}],"ix":2,"l":2},"a":{"a":0,"k":[36,36,0],"ix":1,"l":2},"s":{"a":1,"k":[{"i":{"x":[0.169,0.169,0.667],"y":[1,1,1]},"o":{"x":[0.333,0.333,0.333],"y":[0,0,0]},"t":12.5,"s":[360,360,100]},{"t":25,"s":[0,0,100]}],"ix":6,"l":2}},"ao":0,"w":72,"h":72,"ip":0,"op":150,"st":0,"bm":0},{"ddd":0,"ind":5,"ty":0,"nm":"球","refId":"comp_10","sr":1,"ks":{"o":{"a":1,"k":[{"i":{"x":[0.169],"y":[1]},"o":{"x":[0.333],"y":[0]},"t":3.125,"s":[100]},{"t":21.875,"s":[50]}],"ix":11},"r":{"a":0,"k":0,"ix":10},"p":{"a":1,"k":[{"i":{"x":0.169,"y":1},"o":{"x":0.333,"y":0},"t":3.125,"s":[-208,405,0],"to":[106.833,2.667,0],"ti":[-93.667,127.167,0]},{"t":21.875,"s":[185,221,0]}],"ix":2,"l":2},"a":{"a":0,"k":[36,36,0],"ix":1,"l":2},"s":{"a":1,"k":[{"i":{"x":[0.169,0.169,0.667],"y":[1,1,1]},"o":{"x":[0.333,0.333,0.333],"y":[0,0,0]},"t":3.125,"s":[360,360,100]},{"t":21.875,"s":[0,0,100]}],"ix":6,"l":2}},"ao":0,"w":72,"h":72,"ip":0,"op":150,"st":0,"bm":0},{"ddd":0,"ind":6,"ty":0,"nm":"球","refId":"comp_10","sr":1,"ks":{"o":{"a":1,"k":[{"i":{"x":[0.169],"y":[1]},"o":{"x":[0.333],"y":[0]},"t":6.25,"s":[100]},{"t":25,"s":[50]}],"ix":11},"r":{"a":0,"k":0,"ix":10},"p":{"a":1,"k":[{"i":{"x":0.169,"y":1},"o":{"x":0.333,"y":0},"t":6.25,"s":[536,479,0],"to":[-191.167,-9.333,0],"ti":[16.333,95.167,0]},{"t":25,"s":[185,209,0]}],"ix":2,"l":2},"a":{"a":0,"k":[36,36,0],"ix":1,"l":2},"s":{"a":1,"k":[{"i":{"x":[0.169,0.169,0.667],"y":[1,1,1]},"o":{"x":[0.333,0.333,0.333],"y":[0,0,0]},"t":6.25,"s":[240,240,100]},{"t":25,"s":[0,0,100]}],"ix":6,"l":2}},"ao":0,"w":72,"h":72,"ip":0,"op":150,"st":0,"bm":0}]},{"id":"comp_29","layers":[{"ddd":0,"ind":1,"ty":4,"nm":"形状图层 7","sr":1,"ks":{"o":{"a":0,"k":70,"ix":11},"r":{"a":0,"k":0,"ix":10},"p":{"a":0,"k":[246,315.5,0],"ix":2,"l":2},"a":{"a":0,"k":[-52,16,0],"ix":1,"l":2},"s":{"a":0,"k":[-100,100,100],"ix":6,"l":2}},"ao":0,"shapes":[{"ty":"gr","it":[{"ind":0,"ty":"sh","ix":1,"ks":{"a":0,"k":{"i":[[-22.543,26.463],[0,24.5]],"o":[[11.5,-13.5],[0,-27.005]],"v":[[-37.5,43],[-15,-24]],"c":false},"ix":2},"nm":"路径 1","mn":"ADBE Vector Shape - Group","hd":false},{"ty":"st","c":{"a":0,"k":[1,1,1,1],"ix":3},"o":{"a":0,"k":100,"ix":4},"w":{"a":0,"k":4,"ix":5},"lc":2,"lj":2,"bm":0,"nm":"描边 1","mn":"ADBE Vector Graphic - Stroke","hd":false},{"ty":"tr","p":{"a":0,"k":[0,0],"ix":2},"a":{"a":0,"k":[0,0],"ix":1},"s":{"a":0,"k":[100,100],"ix":3},"r":{"a":0,"k":0,"ix":6},"o":{"a":0,"k":100,"ix":7},"sk":{"a":0,"k":0,"ix":4},"sa":{"a":0,"k":0,"ix":5},"nm":"变换"}],"nm":"形状 1","np":3,"cix":2,"bm":0,"ix":1,"mn":"ADBE Vector Group","hd":false},{"ty":"tm","s":{"a":0,"k":0,"ix":1},"e":{"a":1,"k":[{"i":{"x":[0],"y":[1]},"o":{"x":[0.333],"y":[0]},"t":6.25,"s":[0]},{"i":{"x":[0],"y":[1]},"o":{"x":[0.333],"y":[0]},"t":12.5,"s":[100]},{"t":18.75,"s":[0]}],"ix":2},"o":{"a":1,"k":[{"i":{"x":[0],"y":[1]},"o":{"x":[0.333],"y":[0]},"t":6.25,"s":[0]},{"i":{"x":[0],"y":[1]},"o":{"x":[0.333],"y":[0]},"t":12.5,"s":[0]},{"t":18.75,"s":[360]}],"ix":3},"m":1,"ix":2,"nm":"修剪路径 1","mn":"ADBE Vector Filter - Trim","hd":false}],"ip":0,"op":150,"st":0,"bm":0},{"ddd":0,"ind":2,"ty":4,"nm":"形状图层 6","sr":1,"ks":{"o":{"a":0,"k":100,"ix":11},"r":{"a":0,"k":0,"ix":10},"p":{"a":0,"k":[88,292,0],"ix":2,"l":2},"a":{"a":0,"k":[-52,16,0],"ix":1,"l":2},"s":{"a":0,"k":[48.718,48.718,100],"ix":6,"l":2}},"ao":0,"shapes":[{"ty":"gr","it":[{"ind":0,"ty":"sh","ix":1,"ks":{"a":0,"k":{"i":[[-29.751,20.269],[-12.829,33.224]],"o":[[33.895,-23.092],[22.289,-57.723]],"v":[[-90,94],[-1.197,-23.382]],"c":false},"ix":2},"nm":"路径 1","mn":"ADBE Vector Shape - Group","hd":false},{"ty":"st","c":{"a":0,"k":[1,1,1,1],"ix":3},"o":{"a":0,"k":100,"ix":4},"w":{"a":0,"k":4,"ix":5},"lc":2,"lj":2,"bm":0,"nm":"描边 1","mn":"ADBE Vector Graphic - Stroke","hd":false},{"ty":"tr","p":{"a":0,"k":[0,0],"ix":2},"a":{"a":0,"k":[0,0],"ix":1},"s":{"a":0,"k":[100,100],"ix":3},"r":{"a":0,"k":0,"ix":6},"o":{"a":0,"k":100,"ix":7},"sk":{"a":0,"k":0,"ix":4},"sa":{"a":0,"k":0,"ix":5},"nm":"变换"}],"nm":"形状 1","np":3,"cix":2,"bm":0,"ix":1,"mn":"ADBE Vector Group","hd":false},{"ty":"tm","s":{"a":0,"k":0,"ix":1},"e":{"a":1,"k":[{"i":{"x":[0],"y":[1]},"o":{"x":[0.333],"y":[0]},"t":0,"s":[0]},{"i":{"x":[0],"y":[1]},"o":{"x":[0.333],"y":[0]},"t":8.333,"s":[100]},{"t":20.8333333333333,"s":[0]}],"ix":2},"o":{"a":1,"k":[{"i":{"x":[0],"y":[1]},"o":{"x":[0.333],"y":[0]},"t":0,"s":[0]},{"i":{"x":[0],"y":[1]},"o":{"x":[0.333],"y":[0]},"t":8.333,"s":[0]},{"t":20.8333333333333,"s":[360]}],"ix":3},"m":1,"ix":2,"nm":"修剪路径 1","mn":"ADBE Vector Filter - Trim","hd":false}],"ip":0,"op":150,"st":0,"bm":0},{"ddd":0,"ind":3,"ty":4,"nm":"形状图层 5","sr":1,"ks":{"o":{"a":0,"k":100,"ix":11},"r":{"a":0,"k":0,"ix":10},"p":{"a":0,"k":[262.75,343.75,0],"ix":2,"l":2},"a":{"a":0,"k":[-52,16,0],"ix":1,"l":2},"s":{"a":0,"k":[-100,43.59,100],"ix":6,"l":2}},"ao":0,"shapes":[{"ty":"gr","it":[{"ind":0,"ty":"sh","ix":1,"ks":{"a":0,"k":{"i":[[-13.5,14.912],[-7.5,38.647]],"o":[[9.814,-10.84],[7.265,-37.438]],"v":[[-94.5,92.279],[-54.25,-0.853]],"c":false},"ix":2},"nm":"路径 1","mn":"ADBE Vector Shape - Group","hd":false},{"ty":"st","c":{"a":0,"k":[1,1,1,1],"ix":3},"o":{"a":0,"k":100,"ix":4},"w":{"a":0,"k":4,"ix":5},"lc":2,"lj":2,"bm":0,"nm":"描边 1","mn":"ADBE Vector Graphic - Stroke","hd":false},{"ty":"tr","p":{"a":0,"k":[0,0],"ix":2},"a":{"a":0,"k":[0,0],"ix":1},"s":{"a":0,"k":[100,100],"ix":3},"r":{"a":0,"k":0,"ix":6},"o":{"a":0,"k":100,"ix":7},"sk":{"a":0,"k":0,"ix":4},"sa":{"a":0,"k":0,"ix":5},"nm":"变换"}],"nm":"形状 1","np":3,"cix":2,"bm":0,"ix":1,"mn":"ADBE Vector Group","hd":false},{"ty":"tm","s":{"a":0,"k":0,"ix":1},"e":{"a":1,"k":[{"i":{"x":[0],"y":[1]},"o":{"x":[0.333],"y":[0]},"t":4.167,"s":[0]},{"i":{"x":[0],"y":[1]},"o":{"x":[0.333],"y":[0]},"t":14.583,"s":[100]},{"t":25,"s":[0]}],"ix":2},"o":{"a":1,"k":[{"i":{"x":[0],"y":[1]},"o":{"x":[0.333],"y":[0]},"t":4.167,"s":[0]},{"i":{"x":[0],"y":[1]},"o":{"x":[0.333],"y":[0]},"t":14.583,"s":[0]},{"t":25,"s":[360]}],"ix":3},"m":1,"ix":2,"nm":"修剪路径 1","mn":"ADBE Vector Filter - Trim","hd":false}],"ip":0,"op":150,"st":0,"bm":0},{"ddd":0,"ind":4,"ty":4,"nm":"形状图层 4","sr":1,"ks":{"o":{"a":0,"k":36,"ix":11},"r":{"a":0,"k":0,"ix":10},"p":{"a":0,"k":[122,294.5,0],"ix":2,"l":2},"a":{"a":0,"k":[-52,16,0],"ix":1,"l":2},"s":{"a":0,"k":[87.5,100,100],"ix":6,"l":2}},"ao":0,"shapes":[{"ty":"gr","it":[{"ind":0,"ty":"sh","ix":1,"ks":{"a":0,"k":{"i":[[-11.182,9.551],[-4.25,40.75]],"o":[[12,-10.25],[9.136,-87.599]],"v":[[-60,60],[-19.75,-26]],"c":false},"ix":2},"nm":"路径 1","mn":"ADBE Vector Shape - Group","hd":false},{"ty":"st","c":{"a":0,"k":[1,1,1,1],"ix":3},"o":{"a":0,"k":100,"ix":4},"w":{"a":0,"k":4,"ix":5},"lc":2,"lj":2,"bm":0,"nm":"描边 1","mn":"ADBE Vector Graphic - Stroke","hd":false},{"ty":"tr","p":{"a":0,"k":[0,0],"ix":2},"a":{"a":0,"k":[0,0],"ix":1},"s":{"a":0,"k":[100,100],"ix":3},"r":{"a":0,"k":0,"ix":6},"o":{"a":0,"k":100,"ix":7},"sk":{"a":0,"k":0,"ix":4},"sa":{"a":0,"k":0,"ix":5},"nm":"变换"}],"nm":"形状 1","np":3,"cix":2,"bm":0,"ix":1,"mn":"ADBE Vector Group","hd":false},{"ty":"tm","s":{"a":0,"k":0,"ix":1},"e":{"a":1,"k":[{"i":{"x":[0],"y":[1]},"o":{"x":[0.333],"y":[0]},"t":6.25,"s":[0]},{"i":{"x":[0],"y":[1]},"o":{"x":[0.333],"y":[0]},"t":16.667,"s":[100]},{"t":25,"s":[0]}],"ix":2},"o":{"a":1,"k":[{"i":{"x":[0],"y":[1]},"o":{"x":[0.333],"y":[0]},"t":6.25,"s":[0]},{"i":{"x":[0],"y":[1]},"o":{"x":[0.333],"y":[0]},"t":16.667,"s":[0]},{"t":25,"s":[360]}],"ix":3},"m":1,"ix":2,"nm":"修剪路径 1","mn":"ADBE Vector Filter - Trim","hd":false}],"ip":0,"op":150,"st":0,"bm":0},{"ddd":0,"ind":5,"ty":4,"nm":"形状图层 3","sr":1,"ks":{"o":{"a":0,"k":75,"ix":11},"r":{"a":0,"k":0,"ix":10},"p":{"a":0,"k":[72.5,328.5,0],"ix":2,"l":2},"a":{"a":0,"k":[-52,16,0],"ix":1,"l":2},"s":{"a":0,"k":[66.667,64.035,100],"ix":6,"l":2}},"ao":0,"shapes":[{"ty":"gr","it":[{"ind":0,"ty":"sh","ix":1,"ks":{"a":0,"k":{"i":[[-32.199,16.1],[-10.5,30]],"o":[[11,-5.5],[29.095,-83.129]],"v":[[-77.5,73],[-20,14]],"c":false},"ix":2},"nm":"路径 1","mn":"ADBE Vector Shape - Group","hd":false},{"ty":"st","c":{"a":0,"k":[1,1,1,1],"ix":3},"o":{"a":0,"k":100,"ix":4},"w":{"a":0,"k":4,"ix":5},"lc":2,"lj":2,"bm":0,"nm":"描边 1","mn":"ADBE Vector Graphic - Stroke","hd":false},{"ty":"tr","p":{"a":0,"k":[0,0],"ix":2},"a":{"a":0,"k":[0,0],"ix":1},"s":{"a":0,"k":[100,100],"ix":3},"r":{"a":0,"k":0,"ix":6},"o":{"a":0,"k":100,"ix":7},"sk":{"a":0,"k":0,"ix":4},"sa":{"a":0,"k":0,"ix":5},"nm":"变换"}],"nm":"形状 1","np":3,"cix":2,"bm":0,"ix":1,"mn":"ADBE Vector Group","hd":false},{"ty":"tm","s":{"a":0,"k":0,"ix":1},"e":{"a":1,"k":[{"i":{"x":[0],"y":[1]},"o":{"x":[0.333],"y":[0]},"t":4.167,"s":[0]},{"i":{"x":[0],"y":[1]},"o":{"x":[0.333],"y":[0]},"t":12.708,"s":[100]},{"t":21.25,"s":[0]}],"ix":2},"o":{"a":1,"k":[{"i":{"x":[0],"y":[1]},"o":{"x":[0.333],"y":[0]},"t":4.167,"s":[0]},{"i":{"x":[0],"y":[1]},"o":{"x":[0.333],"y":[0]},"t":12.708,"s":[0]},{"t":21.25,"s":[360]}],"ix":3},"m":1,"ix":2,"nm":"修剪路径 1","mn":"ADBE Vector Filter - Trim","hd":false}],"ip":0,"op":150,"st":0,"bm":0},{"ddd":0,"ind":6,"ty":4,"nm":"形状图层 2","sr":1,"ks":{"o":{"a":0,"k":100,"ix":11},"r":{"a":0,"k":0,"ix":10},"p":{"a":0,"k":[256,252.5,0],"ix":2,"l":2},"a":{"a":0,"k":[-52,16,0],"ix":1,"l":2},"s":{"a":0,"k":[-39.744,39.744,100],"ix":6,"l":2}},"ao":0,"shapes":[{"ty":"gr","it":[{"ind":0,"ty":"sh","ix":1,"ks":{"a":0,"k":{"i":[[-24.402,26.468],[-3.5,57.5]],"o":[[26.677,-28.936],[5.351,-87.911]],"v":[[-75.532,122.306],[-13,-28]],"c":false},"ix":2},"nm":"路径 1","mn":"ADBE Vector Shape - Group","hd":false},{"ty":"st","c":{"a":0,"k":[1,1,1,1],"ix":3},"o":{"a":0,"k":100,"ix":4},"w":{"a":0,"k":4,"ix":5},"lc":2,"lj":2,"bm":0,"nm":"描边 1","mn":"ADBE Vector Graphic - Stroke","hd":false},{"ty":"tr","p":{"a":0,"k":[0,0],"ix":2},"a":{"a":0,"k":[0,0],"ix":1},"s":{"a":0,"k":[100,100],"ix":3},"r":{"a":0,"k":0,"ix":6},"o":{"a":0,"k":100,"ix":7},"sk":{"a":0,"k":0,"ix":4},"sa":{"a":0,"k":0,"ix":5},"nm":"变换"}],"nm":"形状 1","np":3,"cix":2,"bm":0,"ix":1,"mn":"ADBE Vector Group","hd":false},{"ty":"tm","s":{"a":0,"k":0,"ix":1},"e":{"a":1,"k":[{"i":{"x":[0],"y":[1]},"o":{"x":[0.333],"y":[0]},"t":4.167,"s":[0]},{"i":{"x":[0],"y":[1]},"o":{"x":[0.333],"y":[0]},"t":14.583,"s":[100]},{"t":25,"s":[0]}],"ix":2},"o":{"a":1,"k":[{"i":{"x":[0],"y":[1]},"o":{"x":[0.333],"y":[0]},"t":4.167,"s":[0]},{"i":{"x":[0],"y":[1]},"o":{"x":[0.333],"y":[0]},"t":14.583,"s":[0]},{"t":25,"s":[360]}],"ix":3},"m":1,"ix":2,"nm":"修剪路径 1","mn":"ADBE Vector Filter - Trim","hd":false}],"ip":0,"op":150,"st":0,"bm":0},{"ddd":0,"ind":7,"ty":4,"nm":"形状图层 1","sr":1,"ks":{"o":{"a":0,"k":100,"ix":11},"r":{"a":0,"k":0,"ix":10},"p":{"a":0,"k":[137,335,0],"ix":2,"l":2},"a":{"a":0,"k":[-52,16,0],"ix":1,"l":2},"s":{"a":0,"k":[100,100,100],"ix":6,"l":2}},"ao":0,"shapes":[{"ty":"gr","it":[{"ind":0,"ty":"sh","ix":1,"ks":{"a":0,"k":{"i":[[-24.685,26.204],[0,19.5]],"o":[[16.25,-17.25],[0,-16]],"v":[[-39.5,63],[-18.5,-1.5]],"c":false},"ix":2},"nm":"路径 1","mn":"ADBE Vector Shape - Group","hd":false},{"ty":"st","c":{"a":0,"k":[1,1,1,1],"ix":3},"o":{"a":0,"k":100,"ix":4},"w":{"a":0,"k":4,"ix":5},"lc":2,"lj":2,"bm":0,"nm":"描边 1","mn":"ADBE Vector Graphic - Stroke","hd":false},{"ty":"tr","p":{"a":0,"k":[0,0],"ix":2},"a":{"a":0,"k":[0,0],"ix":1},"s":{"a":0,"k":[76.829,100],"ix":3},"r":{"a":0,"k":0,"ix":6},"o":{"a":0,"k":100,"ix":7},"sk":{"a":0,"k":0,"ix":4},"sa":{"a":0,"k":0,"ix":5},"nm":"变换"}],"nm":"形状 1","np":3,"cix":2,"bm":0,"ix":1,"mn":"ADBE Vector Group","hd":false},{"ty":"tm","s":{"a":0,"k":0,"ix":1},"e":{"a":1,"k":[{"i":{"x":[0],"y":[1]},"o":{"x":[0.333],"y":[0]},"t":0,"s":[0]},{"i":{"x":[0],"y":[1]},"o":{"x":[0.333],"y":[0]},"t":12.5,"s":[100]},{"t":25,"s":[0]}],"ix":2},"o":{"a":1,"k":[{"i":{"x":[0],"y":[1]},"o":{"x":[0.333],"y":[0]},"t":0,"s":[0]},{"i":{"x":[0],"y":[1]},"o":{"x":[0.333],"y":[0]},"t":12.5,"s":[0]},{"t":25,"s":[360]}],"ix":3},"m":1,"ix":2,"nm":"修剪路径 1","mn":"ADBE Vector Filter - Trim","hd":false}],"ip":0,"op":150,"st":0,"bm":0}]},{"id":"comp_30","layers":[{"ddd":0,"ind":1,"ty":0,"nm":"预合成 1","refId":"comp_31","sr":1,"ks":{"o":{"a":0,"k":100,"ix":11},"r":{"a":0,"k":0,"ix":10},"p":{"a":0,"k":[180,320,0],"ix":2,"l":2},"a":{"a":0,"k":[180,320,0],"ix":1,"l":2},"s":{"a":0,"k":[100,100,100],"ix":6,"l":2}},"ao":0,"w":360,"h":640,"ip":0,"op":150,"st":0,"bm":0}]},{"id":"comp_31","layers":[{"ddd":0,"ind":5,"ty":2,"nm":"Rectangle 52","refId":"image_9","sr":1,"ks":{"o":{"a":1,"k":[{"i":{"x":[0.833],"y":[1]},"o":{"x":[0.167],"y":[0]},"t":0,"s":[0]},{"i":{"x":[0.667],"y":[1]},"o":{"x":[0.167],"y":[0]},"t":12.5,"s":[100]},{"i":{"x":[0],"y":[1]},"o":{"x":[0.333],"y":[0]},"t":37.5,"s":[100]},{"t":50,"s":[0]}],"ix":11},"r":{"a":0,"k":0,"ix":10},"p":{"a":0,"k":[179.915,384.23,0],"ix":2,"l":2},"a":{"a":0,"k":[509,464.318,0],"ix":1,"l":2},"s":{"a":1,"k":[{"i":{"x":[0.334,0.334,0.667],"y":[1,1,1]},"o":{"x":[0.333,0.333,0.333],"y":[0,0,0]},"t":0,"s":[33.25,0.103,100]},{"t":12.5,"s":[33.25,33.216,100]}],"ix":6,"l":2}},"ao":0,"ip":0,"op":1500,"st":0,"bm":0}]}],"layers":[{"ddd":0,"ind":1,"ty":0,"nm":"1080","refId":"comp_0","sr":1,"ks":{"o":{"a":0,"k":100,"ix":11},"r":{"a":0,"k":0,"ix":10},"p":{"a":0,"k":[540,960,0],"ix":2,"l":2},"a":{"a":0,"k":[180,320,0],"ix":1,"l":2},"s":{"a":0,"k":[300,300,100],"ix":6,"l":2}},"ao":0,"w":360,"h":640,"ip":0,"op":125,"st":0,"bm":0}],"markers":[]}