{"v":"5.7.1","fr":25,"ip":0,"op":51,"w":1080,"h":1080,"nm":"公共动效区_优化动效","ddd":0,"assets":[{"id":"image_0","w":572,"h":568,"u":"images/","p":"img_0.png","e":0},{"id":"image_1","w":502,"h":502,"u":"images/","p":"img_1.png","e":0},{"id":"image_2","w":1080,"h":1080,"u":"images/","p":"img_2.jpg","e":0},{"id":"image_3","w":399,"h":399,"u":"images/","p":"img_3.png","e":0},{"id":"image_4","w":1080,"h":1080,"u":"images/","p":"img_4.jpg","e":0},{"id":"image_5","w":641,"h":641,"u":"images/","p":"img_5.png","e":0},{"id":"comp_0","layers":[{"ddd":0,"ind":1,"ty":2,"nm":"C 拷贝 2","refId":"image_2","sr":1,"ks":{"o":{"a":0,"k":20,"ix":11},"r":{"a":0,"k":0,"ix":10},"p":{"a":0,"k":[540,540,0],"ix":2},"a":{"a":0,"k":[540,540,0],"ix":1},"s":{"a":0,"k":[100,100,100],"ix":6}},"ao":0,"hasMask":true,"masksProperties":[{"inv":false,"mode":"a","pt":{"a":0,"k":{"i":[[104.382,0],[0,104.347],[-104.382,0],[0,-104.347]],"o":[[-104.382,0],[0,-104.347],[104.382,0],[0,104.347]],"v":[[540.344,729.156],[351.344,540.219],[540.344,351.281],[729.344,540.219]],"c":true},"ix":1},"o":{"a":0,"k":100,"ix":3},"x":{"a":0,"k":0,"ix":4},"nm":"蒙版 1"},{"inv":false,"mode":"s","pt":{"a":0,"k":{"i":[[99.411,0],[0,-99.411],[-99.411,0],[0,99.411]],"o":[[-99.411,0],[0,99.411],[99.411,0],[0,-99.411]],"v":[[540.281,360.219],[360.281,540.219],[540.281,720.219],[720.281,540.219]],"c":true},"ix":1},"o":{"a":0,"k":100,"ix":3},"x":{"a":0,"k":0,"ix":4},"nm":"蒙版 2"}],"ip":0,"op":200,"st":0,"bm":0},{"ddd":0,"ind":2,"ty":2,"nm":"C 拷贝 4","refId":"image_3","sr":1,"ks":{"o":{"a":0,"k":49.02,"ix":11},"r":{"a":0,"k":0,"ix":10},"p":{"a":0,"k":[539.5,539.5,0],"ix":2},"a":{"a":0,"k":[199.5,199.5,0],"ix":1},"s":{"a":0,"k":[100,100,100],"ix":6}},"ao":0,"hasMask":true,"masksProperties":[{"inv":false,"mode":"n","pt":{"a":0,"k":{"i":[[-109.853,0],[0,-109.853],[109.853,0],[0,109.853]],"o":[[109.853,0],[0,109.853],[-109.853,0],[0,-109.853]],"v":[[199.813,0.844],[398.719,199.75],[199.813,398.656],[0.906,199.75]],"c":true},"ix":1},"o":{"a":0,"k":100,"ix":3},"x":{"a":0,"k":0,"ix":4},"nm":"蒙版 1"}],"ip":0,"op":200,"st":0,"bm":0},{"ddd":0,"ind":3,"ty":2,"nm":"C 拷贝 3","refId":"image_4","sr":1,"ks":{"o":{"a":0,"k":50.196,"ix":11},"r":{"a":0,"k":0,"ix":10},"p":{"a":0,"k":[540,540,0],"ix":2},"a":{"a":0,"k":[540,540,0],"ix":1},"s":{"a":0,"k":[100,100,100],"ix":6}},"ao":0,"hasMask":true,"masksProperties":[{"inv":false,"mode":"a","pt":{"a":0,"k":{"i":[[115.427,0],[0,115.428],[-115.428,0],[0,-115.427]],"o":[[-115.428,0],[0,-115.427],[115.427,0],[0,115.428]],"v":[[540.031,748.969],[331.031,539.969],[540.031,330.969],[749.031,539.969]],"c":true},"ix":1},"o":{"a":0,"k":100,"ix":3},"x":{"a":0,"k":0,"ix":4},"nm":"蒙版 1"},{"inv":false,"mode":"s","pt":{"a":0,"k":{"i":[[104.382,0],[0,-104.347],[-104.382,0],[0,104.347]],"o":[[-104.382,0],[0,104.347],[104.382,0],[0,-104.347]],"v":[[540.344,351.281],[351.344,540.219],[540.344,729.156],[729.344,540.219]],"c":true},"ix":1},"o":{"a":0,"k":100,"ix":3},"x":{"a":0,"k":0,"ix":4},"nm":"蒙版 2"}],"ip":0,"op":200,"st":0,"bm":0},{"ddd":0,"ind":4,"ty":2,"nm":"line","refId":"image_5","sr":1,"ks":{"o":{"a":0,"k":100,"ix":11},"r":{"a":0,"k":0,"ix":10},"p":{"a":0,"k":[539.5,540.5,0],"ix":2},"a":{"a":0,"k":[320.5,320.5,0],"ix":1},"s":{"a":0,"k":[100,100,100],"ix":6}},"ao":0,"ip":0,"op":200,"st":0,"bm":0}]}],"layers":[{"ddd":0,"ind":1,"ty":2,"nm":"gb","refId":"image_0","sr":1,"ks":{"o":{"a":0,"k":100,"ix":11},"r":{"a":1,"k":[{"i":{"x":[0.667],"y":[1]},"o":{"x":[0.333],"y":[0]},"t":0,"s":[100]},{"t":45,"s":[820]}],"ix":10},"p":{"a":0,"k":[540,539,0],"ix":2},"a":{"a":0,"k":[286,284,0],"ix":1},"s":{"a":0,"k":[100,100,100],"ix":6}},"ao":0,"ip":0,"op":200,"st":0,"bm":0},{"ddd":0,"ind":2,"ty":2,"nm":"piont 4","refId":"image_1","sr":1,"ks":{"o":{"a":1,"k":[{"i":{"x":[0.667],"y":[1]},"o":{"x":[0.333],"y":[0]},"t":24,"s":[100]},{"t":39,"s":[0]}],"ix":11},"r":{"a":0,"k":0,"ix":10},"p":{"a":0,"k":[540,540,0],"ix":2},"a":{"a":0,"k":[251,251,0],"ix":1},"s":{"a":1,"k":[{"i":{"x":[0.667,0.667,0.667],"y":[1,1,1]},"o":{"x":[0.333,0.333,0.333],"y":[0,0,0]},"t":24,"s":[100,100,100]},{"t":39,"s":[153,153,100]}],"ix":6}},"ao":0,"hasMask":true,"masksProperties":[{"inv":false,"mode":"n","pt":{"a":0,"k":{"i":[[-138.347,0],[0,-138.347],[138.347,0],[0,138.347]],"o":[[138.347,0],[0,138.347],[-138.347,0],[0,-138.347]],"v":[[250.875,0.312],[501.375,250.813],[250.875,501.313],[0.375,250.813]],"c":true},"ix":1},"o":{"a":0,"k":100,"ix":3},"x":{"a":0,"k":0,"ix":4},"nm":"蒙版 1"}],"ip":24,"op":40,"st":24,"bm":0},{"ddd":0,"ind":3,"ty":2,"nm":"piont 3","refId":"image_1","sr":1,"ks":{"o":{"a":1,"k":[{"i":{"x":[0.667],"y":[1]},"o":{"x":[0.333],"y":[0]},"t":12,"s":[100]},{"t":25,"s":[0]}],"ix":11},"r":{"a":0,"k":0,"ix":10},"p":{"a":0,"k":[540,540,0],"ix":2},"a":{"a":0,"k":[251,251,0],"ix":1},"s":{"a":1,"k":[{"i":{"x":[0.667,0.667,0.667],"y":[1,1,1]},"o":{"x":[0.333,0.333,0.333],"y":[0,0,0]},"t":12,"s":[100,100,100]},{"t":25,"s":[153,153,100]}],"ix":6}},"ao":0,"hasMask":true,"masksProperties":[{"inv":false,"mode":"n","pt":{"a":0,"k":{"i":[[-138.347,0],[0,-138.347],[138.347,0],[0,138.347]],"o":[[138.347,0],[0,138.347],[-138.347,0],[0,-138.347]],"v":[[250.875,0.312],[501.375,250.813],[250.875,501.313],[0.375,250.813]],"c":true},"ix":1},"o":{"a":0,"k":100,"ix":3},"x":{"a":0,"k":0,"ix":4},"nm":"蒙版 1"}],"ip":12,"op":26,"st":12,"bm":0},{"ddd":0,"ind":4,"ty":2,"nm":"piont 2","refId":"image_1","sr":1,"ks":{"o":{"a":1,"k":[{"i":{"x":[0.667],"y":[1]},"o":{"x":[0.333],"y":[0]},"t":0,"s":[100]},{"t":13,"s":[0]}],"ix":11},"r":{"a":0,"k":0,"ix":10},"p":{"a":0,"k":[540,540,0],"ix":2},"a":{"a":0,"k":[251,251,0],"ix":1},"s":{"a":1,"k":[{"i":{"x":[0.667,0.667,0.667],"y":[1,1,1]},"o":{"x":[0.333,0.333,0.333],"y":[0,0,0]},"t":0,"s":[100,100,100]},{"t":13,"s":[153,153,100]}],"ix":6}},"ao":0,"hasMask":true,"masksProperties":[{"inv":false,"mode":"n","pt":{"a":0,"k":{"i":[[-138.347,0],[0,-138.347],[138.347,0],[0,138.347]],"o":[[138.347,0],[0,138.347],[-138.347,0],[0,-138.347]],"v":[[250.875,0.312],[501.375,250.813],[250.875,501.313],[0.375,250.813]],"c":true},"ix":1},"o":{"a":0,"k":100,"ix":3},"x":{"a":0,"k":0,"ix":4},"nm":"蒙版 1"}],"ip":0,"op":14,"st":0,"bm":0},{"ddd":0,"ind":5,"ty":2,"nm":"piont","refId":"image_1","sr":1,"ks":{"o":{"a":0,"k":100,"ix":11},"r":{"a":0,"k":0,"ix":10},"p":{"a":0,"k":[540,540,0],"ix":2},"a":{"a":0,"k":[251,251,0],"ix":1},"s":{"a":0,"k":[100,100,100],"ix":6}},"ao":0,"hasMask":true,"masksProperties":[{"inv":false,"mode":"n","pt":{"a":0,"k":{"i":[[-138.347,0],[0,-138.347],[138.347,0],[0,138.347]],"o":[[138.347,0],[0,138.347],[-138.347,0],[0,-138.347]],"v":[[250.875,0.312],[501.375,250.813],[250.875,501.313],[0.375,250.813]],"c":true},"ix":1},"o":{"a":0,"k":100,"ix":3},"x":{"a":0,"k":0,"ix":4},"nm":"蒙版 1"}],"ip":0,"op":200,"st":0,"bm":0},{"ddd":0,"ind":6,"ty":0,"nm":"di","refId":"comp_0","sr":1,"ks":{"o":{"a":0,"k":100,"ix":11},"r":{"a":0,"k":0,"ix":10},"p":{"a":0,"k":[540,540,0],"ix":2},"a":{"a":0,"k":[540,540,0],"ix":1},"s":{"a":0,"k":[100,100,100],"ix":6}},"ao":0,"w":1080,"h":1080,"ip":0,"op":200,"st":0,"bm":0}],"markers":[]}