{"v":"5.7.6","fr":25,"ip":0,"op":125,"w":1080,"h":1920,"nm":"超级省电-lottie","ddd":0,"assets":[{"id":"image_0","w":79,"h":79,"u":"images/","p":"img_0.png","e":0},{"id":"image_1","w":379,"h":378,"u":"images/","p":"img_1.png","e":0},{"id":"image_2","w":341,"h":341,"u":"images/","p":"img_2.png","e":0},{"id":"image_3","w":655,"h":655,"u":"images/","p":"img_3.png","e":0},{"id":"image_4","w":360,"h":364,"u":"images/","p":"img_4.png","e":0},{"id":"image_5","w":839,"h":302,"u":"images/","p":"img_5.png","e":0},{"id":"comp_0","layers":[{"ddd":0,"ind":4,"ty":0,"nm":"闪电汇聚动效","refId":"comp_1","sr":1,"ks":{"o":{"a":0,"k":100,"ix":11},"r":{"a":0,"k":0,"ix":10},"p":{"a":0,"k":[180,320,0],"ix":2,"l":2},"a":{"a":0,"k":[180,320,0],"ix":1,"l":2},"s":{"a":0,"k":[100,100,100],"ix":6,"l":2}},"ao":0,"w":360,"h":640,"ip":50,"op":200,"st":50,"bm":0},{"ddd":0,"ind":5,"ty":0,"nm":"结束动画","refId":"comp_4","sr":1,"ks":{"o":{"a":0,"k":100,"ix":11},"r":{"a":0,"k":0,"ix":10},"p":{"a":0,"k":[180,320,0],"ix":2,"l":2},"a":{"a":0,"k":[180,223.5,0],"ix":1,"l":2},"s":{"a":0,"k":[100,100,100],"ix":6,"l":2}},"ao":0,"w":360,"h":447,"ip":75,"op":325,"st":75,"bm":0},{"ddd":0,"ind":6,"ty":0,"nm":"闪电","refId":"comp_5","sr":1,"ks":{"o":{"a":1,"k":[{"i":{"x":[0],"y":[1]},"o":{"x":[0.333],"y":[0]},"t":0,"s":[0]},{"i":{"x":[0],"y":[1]},"o":{"x":[0.333],"y":[0]},"t":12.5,"s":[100]},{"i":{"x":[0],"y":[1]},"o":{"x":[0.167],"y":[0]},"t":37.5,"s":[100]},{"t":50,"s":[0]}],"ix":11},"r":{"a":0,"k":0,"ix":10},"p":{"a":0,"k":[186,318,0],"ix":2,"l":2},"a":{"a":0,"k":[176.5,222.5,0],"ix":1,"l":2},"s":{"a":1,"k":[{"i":{"x":[0,0,0.667],"y":[1,1,1]},"o":{"x":[0.333,0.333,0.333],"y":[0,0,0]},"t":0,"s":[0,0,100]},{"i":{"x":[0,0,0.833],"y":[1,1,1]},"o":{"x":[0.333,0.333,0.333],"y":[0,0,0]},"t":12.5,"s":[100,100,100]},{"i":{"x":[0,0,0.833],"y":[1,1,1]},"o":{"x":[0.167,0.167,0.167],"y":[0,0,0]},"t":37.5,"s":[100,100,100]},{"t":50,"s":[20,20,100]}],"ix":6,"l":2}},"ao":0,"w":353,"h":445,"ip":0,"op":150,"st":0,"bm":0},{"ddd":0,"ind":7,"ty":0,"nm":"电池","refId":"comp_9","sr":1,"ks":{"o":{"a":0,"k":100,"ix":11},"r":{"a":0,"k":0,"ix":10},"p":{"a":0,"k":[180,320,0],"ix":2,"l":2},"a":{"a":0,"k":[180,320,0],"ix":1,"l":2},"s":{"a":0,"k":[100,100,100],"ix":6,"l":2}},"ao":0,"w":360,"h":640,"ip":0,"op":150,"st":0,"bm":0}]},{"id":"comp_1","layers":[{"ddd":0,"ind":1,"ty":0,"nm":"闪电元素","refId":"comp_2","sr":1,"ks":{"o":{"a":1,"k":[{"i":{"x":[0.169],"y":[1]},"o":{"x":[0.333],"y":[0]},"t":6.25,"s":[100]},{"t":25,"s":[50]}],"ix":11},"r":{"a":0,"k":0,"ix":10},"p":{"a":1,"k":[{"i":{"x":0.169,"y":1},"o":{"x":0.333,"y":0},"t":6.25,"s":[-526,171,0],"to":[314.833,-145.333,0],"ti":[-257.667,167.167,0]},{"t":25,"s":[189,313,0]}],"ix":2,"l":2},"a":{"a":0,"k":[36,36,0],"ix":1,"l":2},"s":{"a":1,"k":[{"i":{"x":[0.169,0.169,0.667],"y":[1,1,1]},"o":{"x":[0.333,0.333,0.333],"y":[0,0,0]},"t":6.25,"s":[480,480,100]},{"t":25,"s":[0,0,100]}],"ix":6,"l":2}},"ao":0,"w":72,"h":72,"ip":0,"op":150,"st":0,"bm":0},{"ddd":0,"ind":2,"ty":0,"nm":"闪电元素","refId":"comp_2","sr":1,"ks":{"o":{"a":1,"k":[{"i":{"x":[0.169],"y":[1]},"o":{"x":[0.333],"y":[0]},"t":3.125,"s":[100]},{"t":21.875,"s":[50]}],"ix":11},"r":{"a":0,"k":0,"ix":10},"p":{"a":1,"k":[{"i":{"x":0.169,"y":1},"o":{"x":0.333,"y":0},"t":3.125,"s":[466,349,0],"to":[-141.167,35.667,0],"ti":[137.333,-17.833,0]},{"t":21.875,"s":[174,310,0]}],"ix":2,"l":2},"a":{"a":0,"k":[36,36,0],"ix":1,"l":2},"s":{"a":1,"k":[{"i":{"x":[0.169,0.169,0.667],"y":[1,1,1]},"o":{"x":[0.333,0.333,0.333],"y":[0,0,0]},"t":3.125,"s":[160,160,100]},{"t":21.875,"s":[0,0,100]}],"ix":6,"l":2}},"ao":0,"w":72,"h":72,"ip":0,"op":150,"st":0,"bm":0},{"ddd":0,"ind":3,"ty":0,"nm":"闪电元素","refId":"comp_2","sr":1,"ks":{"o":{"a":1,"k":[{"i":{"x":[0.169],"y":[1]},"o":{"x":[0.333],"y":[0]},"t":0,"s":[100]},{"t":18.75,"s":[50]}],"ix":11},"r":{"a":0,"k":0,"ix":10},"p":{"a":1,"k":[{"i":{"x":0.169,"y":1},"o":{"x":0.333,"y":0},"t":0,"s":[-132,459,0],"to":[94.833,20.667,0],"ti":[-35.667,143.167,0]},{"t":18.75,"s":[181,303,0]}],"ix":2,"l":2},"a":{"a":0,"k":[36,36,0],"ix":1,"l":2},"s":{"a":1,"k":[{"i":{"x":[0.169,0.169,0.667],"y":[1,1,1]},"o":{"x":[0.333,0.333,0.333],"y":[0,0,0]},"t":0,"s":[240,240,100]},{"t":18.75,"s":[0,0,100]}],"ix":6,"l":2}},"ao":0,"w":72,"h":72,"ip":0,"op":150,"st":0,"bm":0},{"ddd":0,"ind":4,"ty":0,"nm":"闪电元素","refId":"comp_2","sr":1,"ks":{"o":{"a":1,"k":[{"i":{"x":[0.169],"y":[1]},"o":{"x":[0.333],"y":[0]},"t":9.583,"s":[100]},{"t":25,"s":[50]}],"ix":11},"r":{"a":0,"k":0,"ix":10},"p":{"a":1,"k":[{"i":{"x":0.169,"y":1},"o":{"x":0.333,"y":0},"t":9.583,"s":[664,577,0],"to":[-337.167,50.667,0],"ti":[158.333,-34.833,0]},{"t":25,"s":[185,281,0]}],"ix":2,"l":2},"a":{"a":0,"k":[36,36,0],"ix":1,"l":2},"s":{"a":1,"k":[{"i":{"x":[0.169,0.169,0.667],"y":[1,1,1]},"o":{"x":[0.333,0.333,0.333],"y":[0,0,0]},"t":9.583,"s":[360,360,100]},{"t":25,"s":[0,0,100]}],"ix":6,"l":2}},"ao":0,"w":72,"h":72,"ip":0,"op":150,"st":0,"bm":0},{"ddd":0,"ind":5,"ty":0,"nm":"闪电元素","refId":"comp_2","sr":1,"ks":{"o":{"a":1,"k":[{"i":{"x":[0.169],"y":[1]},"o":{"x":[0.333],"y":[0]},"t":3.125,"s":[100]},{"t":21.875,"s":[50]}],"ix":11},"r":{"a":0,"k":0,"ix":10},"p":{"a":1,"k":[{"i":{"x":0.169,"y":1},"o":{"x":0.333,"y":0},"t":3.125,"s":[-200,-189,0],"to":[-25.167,102.667,0],"ti":[-239.667,19.167,0]},{"t":21.875,"s":[189,317,0]}],"ix":2,"l":2},"a":{"a":0,"k":[36,36,0],"ix":1,"l":2},"s":{"a":1,"k":[{"i":{"x":[0.169,0.169,0.667],"y":[1,1,1]},"o":{"x":[0.333,0.333,0.333],"y":[0,0,0]},"t":3.125,"s":[360,360,100]},{"t":21.875,"s":[0,0,100]}],"ix":6,"l":2}},"ao":0,"w":72,"h":72,"ip":0,"op":150,"st":0,"bm":0},{"ddd":0,"ind":6,"ty":0,"nm":"闪电元素","refId":"comp_2","sr":1,"ks":{"o":{"a":1,"k":[{"i":{"x":[0.169],"y":[1]},"o":{"x":[0.333],"y":[0]},"t":3.333,"s":[100]},{"t":22.0833333333333,"s":[50]}],"ix":11},"r":{"a":0,"k":0,"ix":10},"p":{"a":1,"k":[{"i":{"x":0.169,"y":1},"o":{"x":0.333,"y":0},"t":3.333,"s":[508,23,0],"to":[-49.167,132.667,0],"ti":[154.333,11.167,0]},{"t":22.0833333333333,"s":[181,297,0]}],"ix":2,"l":2},"a":{"a":0,"k":[36,36,0],"ix":1,"l":2},"s":{"a":1,"k":[{"i":{"x":[0.169,0.169,0.667],"y":[1,1,1]},"o":{"x":[0.333,0.333,0.333],"y":[0,0,0]},"t":3.333,"s":[240,240,100]},{"t":22.0833333333333,"s":[0,0,100]}],"ix":6,"l":2}},"ao":0,"w":72,"h":72,"ip":0,"op":150,"st":0,"bm":0}]},{"id":"comp_2","layers":[{"ddd":0,"ind":1,"ty":0,"nm":"水泡","refId":"comp_3","sr":1,"ks":{"o":{"a":0,"k":100,"ix":11},"r":{"a":0,"k":0,"ix":10},"p":{"a":0,"k":[36,36,0],"ix":2,"l":2},"a":{"a":0,"k":[36,36,0],"ix":1,"l":2},"s":{"a":0,"k":[100,100,100],"ix":6,"l":2}},"ao":0,"w":72,"h":72,"ip":0,"op":25,"st":0,"bm":0},{"ddd":0,"ind":2,"ty":4,"nm":"闪电02","sr":1,"ks":{"o":{"a":0,"k":100,"ix":11},"r":{"a":0,"k":0,"ix":10},"p":{"a":0,"k":[34.651,33.659,0],"ix":2,"l":2},"a":{"a":0,"k":[8.151,10.659,0],"ix":1,"l":2},"s":{"a":0,"k":[213.924,213.924,100],"ix":6,"l":2}},"ao":0,"shapes":[{"ty":"gr","it":[{"ind":0,"ty":"sh","ix":1,"ks":{"a":0,"k":{"i":[[0,0],[0,0],[0,0],[0,0],[0,0],[0,0],[0,0]],"o":[[0,0],[0,0],[0,0],[0,0],[0,0],[0,0],[0,0]],"v":[[3.752,0],[0,13.794],[4.389,13.167],[3.216,21.317],[16.302,9.085],[10.659,9.405],[15.048,0]],"c":true},"ix":2},"nm":"路径 1","mn":"ADBE Vector Shape - Group","hd":false},{"ty":"op","nm":"位移路径 1","a":{"a":0,"k":-0.5,"ix":1},"lj":1,"ml":{"a":0,"k":4,"ix":3},"ix":3,"mn":"ADBE Vector Filter - Offset","hd":false},{"ty":"tr","p":{"a":0,"k":[0,0],"ix":2},"a":{"a":0,"k":[0,0],"ix":1},"s":{"a":0,"k":[100,100],"ix":3},"r":{"a":0,"k":0,"ix":6},"o":{"a":0,"k":100,"ix":7},"sk":{"a":0,"k":0,"ix":4},"sa":{"a":0,"k":0,"ix":5},"nm":"变换"}],"nm":"闪电02 Stroke","np":3,"cix":2,"bm":0,"ix":1,"mn":"ADBE Vector Group","hd":false},{"ty":"gr","it":[{"ind":0,"ty":"sh","ix":1,"ks":{"a":0,"k":{"i":[[0,0],[0,0],[0,0],[0,0],[0,0],[0,0],[0,0]],"o":[[0,0],[0,0],[0,0],[0,0],[0,0],[0,0],[0,0]],"v":[[3.752,0],[0,13.794],[4.389,13.167],[3.216,21.317],[16.302,9.085],[10.659,9.405],[15.048,0]],"c":true},"ix":2},"nm":"路径 1","mn":"ADBE Vector Shape - Group","hd":false},{"ty":"fl","c":{"a":0,"k":[0.870588235294,1,0.953827981388,1],"ix":4},"o":{"a":0,"k":100,"ix":5},"r":1,"bm":0,"nm":"填充 1","mn":"ADBE Vector Graphic - Fill","hd":false},{"ty":"tr","p":{"a":0,"k":[0,0],"ix":2},"a":{"a":0,"k":[0,0],"ix":1},"s":{"a":0,"k":[100,100],"ix":3},"r":{"a":0,"k":0,"ix":6},"o":{"a":0,"k":100,"ix":7},"sk":{"a":0,"k":0,"ix":4},"sa":{"a":0,"k":0,"ix":5},"nm":"变换"}],"nm":"闪电02 Fill","np":2,"cix":2,"bm":0,"ix":2,"mn":"ADBE Vector Group","hd":false}],"ip":0,"op":1500,"st":0,"bm":0},{"ddd":0,"ind":3,"ty":4,"nm":"闪电01","sr":1,"ks":{"o":{"a":0,"k":100,"ix":11},"r":{"a":0,"k":0,"ix":10},"p":{"a":0,"k":[35.278,35.913,0],"ix":2,"l":2},"a":{"a":0,"k":[8.778,11.913,0],"ix":1,"l":2},"s":{"a":0,"k":[210.926,210.926,100],"ix":6,"l":2}},"ao":0,"shapes":[{"ty":"gr","it":[{"ind":0,"ty":"sh","ix":1,"ks":{"a":0,"k":{"i":[[0,0],[0,0],[0,0],[0,0],[0,0],[0,0],[0,0],[0,0],[0,0],[0,0],[0,0]],"o":[[0,0],[0,0],[0,0],[0,0],[0,0],[0,0],[0,0],[0,0],[0,0],[0,0],[0,0]],"v":[[3.762,0],[15.048,0],[16.328,2.508],[12.54,10.032],[16.328,9.106],[17.556,11.286],[5.016,23.825],[3.197,21.289],[5.016,15.048],[1.254,15.675],[0,13.794]],"c":true},"ix":2},"nm":"路径 1","mn":"ADBE Vector Shape - Group","hd":false},{"ty":"op","nm":"位移路径 1","a":{"a":0,"k":-0.5,"ix":1},"lj":1,"ml":{"a":0,"k":4,"ix":3},"ix":3,"mn":"ADBE Vector Filter - Offset","hd":false},{"ty":"tr","p":{"a":0,"k":[0,0],"ix":2},"a":{"a":0,"k":[0,0],"ix":1},"s":{"a":0,"k":[100,100],"ix":3},"r":{"a":0,"k":0,"ix":6},"o":{"a":0,"k":100,"ix":7},"sk":{"a":0,"k":0,"ix":4},"sa":{"a":0,"k":0,"ix":5},"nm":"变换"}],"nm":"闪电01 Stroke","np":3,"cix":2,"bm":0,"ix":1,"mn":"ADBE Vector Group","hd":false},{"ty":"gr","it":[{"ind":0,"ty":"sh","ix":1,"ks":{"a":0,"k":{"i":[[0,0],[0,0],[0,0],[0,0],[0,0],[0,0],[0,0],[0,0],[0,0],[0,0],[0,0]],"o":[[0,0],[0,0],[0,0],[0,0],[0,0],[0,0],[0,0],[0,0],[0,0],[0,0],[0,0]],"v":[[3.762,0],[15.048,0],[16.328,2.508],[12.54,10.032],[16.328,9.106],[17.556,11.286],[5.016,23.825],[3.197,21.289],[5.016,15.048],[1.254,15.675],[0,13.794]],"c":true},"ix":2},"nm":"路径 1","mn":"ADBE Vector Shape - Group","hd":false},{"ty":"fl","c":{"a":0,"k":[0,1,0.645161348231,1],"ix":4},"o":{"a":0,"k":100,"ix":5},"r":1,"bm":0,"nm":"填充 1","mn":"ADBE Vector Graphic - Fill","hd":false},{"ty":"tr","p":{"a":0,"k":[0,0],"ix":2},"a":{"a":0,"k":[0,0],"ix":1},"s":{"a":0,"k":[100,100],"ix":3},"r":{"a":0,"k":0,"ix":6},"o":{"a":0,"k":100,"ix":7},"sk":{"a":0,"k":0,"ix":4},"sa":{"a":0,"k":0,"ix":5},"nm":"变换"}],"nm":"闪电01 Fill","np":2,"cix":2,"bm":0,"ix":2,"mn":"ADBE Vector Group","hd":false}],"ip":0,"op":1500,"st":0,"bm":0}]},{"id":"comp_3","layers":[{"ddd":0,"ind":1,"ty":2,"nm":"image_bubble.png","cl":"png","refId":"image_0","sr":1,"ks":{"o":{"a":0,"k":100,"ix":11},"r":{"a":0,"k":0,"ix":10},"p":{"a":0,"k":[36,36,0],"ix":2,"l":2},"a":{"a":0,"k":[39.5,39.5,0],"ix":1,"l":2},"s":{"a":0,"k":[80.38,80.38,100],"ix":6,"l":2}},"ao":0,"ip":0,"op":25,"st":0,"bm":0}]},{"id":"comp_4","layers":[{"ddd":0,"ind":1,"ty":4,"nm":"形状图层 9","sr":1,"ks":{"o":{"a":1,"k":[{"i":{"x":[0.085],"y":[1]},"o":{"x":[0.333],"y":[0]},"t":35.294,"s":[0]},{"i":{"x":[0.085],"y":[1]},"o":{"x":[0.333],"y":[0]},"t":42.648,"s":[100]},{"t":50,"s":[0]}],"ix":11},"r":{"a":0,"k":0,"ix":10},"p":{"a":0,"k":[139,129,0],"ix":2,"l":2},"a":{"a":0,"k":[85,-97.5,0],"ix":1,"l":2},"s":{"a":1,"k":[{"i":{"x":[0.085,0.085,0.667],"y":[1,1,1]},"o":{"x":[0.333,0.333,0.333],"y":[0,0,0]},"t":35.294,"s":[0,0,100]},{"i":{"x":[0.085,0.085,0.667],"y":[1,1,1]},"o":{"x":[0.333,0.333,0.333],"y":[0,0,0]},"t":42.648,"s":[25.709,25.709,100]},{"t":50,"s":[0,0,100]}],"ix":6,"l":2}},"ao":0,"shapes":[{"ty":"gr","it":[{"ind":0,"ty":"sh","ix":1,"ks":{"a":0,"k":{"i":[[7.5,17.5],[0,0],[-9.875,-18.875],[0,0]],"o":[[-6.25,18.75],[0,0],[8.125,-18.875],[0,0]],"v":[[84.5,-123.5],[58.5,-93.5],[85.875,-67.125],[113.5,-95]],"c":true},"ix":2},"nm":"路径 1","mn":"ADBE Vector Shape - Group","hd":false},{"ty":"fl","c":{"a":0,"k":[1,1,1,1],"ix":4},"o":{"a":0,"k":100,"ix":5},"r":1,"bm":0,"nm":"填充 1","mn":"ADBE Vector Graphic - Fill","hd":false},{"ty":"tr","p":{"a":0,"k":[0,0],"ix":2},"a":{"a":0,"k":[0,0],"ix":1},"s":{"a":0,"k":[100,100],"ix":3},"r":{"a":0,"k":0,"ix":6},"o":{"a":0,"k":100,"ix":7},"sk":{"a":0,"k":0,"ix":4},"sa":{"a":0,"k":0,"ix":5},"nm":"变换"}],"nm":"形状 1","np":3,"cix":2,"bm":0,"ix":1,"mn":"ADBE Vector Group","hd":false}],"ip":0,"op":250,"st":0,"bm":0},{"ddd":0,"ind":2,"ty":4,"nm":"形状图层 10","sr":1,"ks":{"o":{"a":1,"k":[{"i":{"x":[0.085],"y":[1]},"o":{"x":[0.333],"y":[0]},"t":27.941,"s":[0]},{"i":{"x":[0.085],"y":[1]},"o":{"x":[0.333],"y":[0]},"t":35.294,"s":[100]},{"t":42.6481119791667,"s":[0]}],"ix":11},"r":{"a":0,"k":0,"ix":10},"p":{"a":0,"k":[268,207,0],"ix":2,"l":2},"a":{"a":0,"k":[85,-97.5,0],"ix":1,"l":2},"s":{"a":1,"k":[{"i":{"x":[0.085,0.085,0.667],"y":[1,1,1]},"o":{"x":[0.333,0.333,0.333],"y":[0,0,0]},"t":27.941,"s":[0,0,100]},{"i":{"x":[0.085,0.085,0.667],"y":[1,1,1]},"o":{"x":[0.333,0.333,0.333],"y":[0,0,0]},"t":35.294,"s":[25.709,25.709,100]},{"t":42.6481119791667,"s":[0,0,100]}],"ix":6,"l":2}},"ao":0,"shapes":[{"ty":"gr","it":[{"ind":0,"ty":"sh","ix":1,"ks":{"a":0,"k":{"i":[[7.5,17.5],[0,0],[-9.875,-18.875],[0,0]],"o":[[-6.25,18.75],[0,0],[8.125,-18.875],[0,0]],"v":[[84.5,-123.5],[58.5,-93.5],[85.875,-67.125],[113.5,-95]],"c":true},"ix":2},"nm":"路径 1","mn":"ADBE Vector Shape - Group","hd":false},{"ty":"fl","c":{"a":0,"k":[1,1,1,1],"ix":4},"o":{"a":0,"k":100,"ix":5},"r":1,"bm":0,"nm":"填充 1","mn":"ADBE Vector Graphic - Fill","hd":false},{"ty":"tr","p":{"a":0,"k":[0,0],"ix":2},"a":{"a":0,"k":[0,0],"ix":1},"s":{"a":0,"k":[100,100],"ix":3},"r":{"a":0,"k":0,"ix":6},"o":{"a":0,"k":100,"ix":7},"sk":{"a":0,"k":0,"ix":4},"sa":{"a":0,"k":0,"ix":5},"nm":"变换"}],"nm":"形状 1","np":3,"cix":2,"bm":0,"ix":1,"mn":"ADBE Vector Group","hd":false}],"ip":0,"op":250,"st":0,"bm":0},{"ddd":0,"ind":3,"ty":4,"nm":"形状图层 8","sr":1,"ks":{"o":{"a":1,"k":[{"i":{"x":[0.085],"y":[1]},"o":{"x":[0.333],"y":[0]},"t":23.04,"s":[0]},{"i":{"x":[0.085],"y":[1]},"o":{"x":[0.333],"y":[0]},"t":30.392,"s":[100]},{"t":37.74658203125,"s":[0]}],"ix":11},"r":{"a":0,"k":0,"ix":10},"p":{"a":0,"k":[88,272,0],"ix":2,"l":2},"a":{"a":0,"k":[85,-97.5,0],"ix":1,"l":2},"s":{"a":1,"k":[{"i":{"x":[0.085,0.085,0.667],"y":[1,1,1]},"o":{"x":[0.333,0.333,0.333],"y":[0,0,0]},"t":23.04,"s":[0,0,100]},{"i":{"x":[0.085,0.085,0.667],"y":[1,1,1]},"o":{"x":[0.333,0.333,0.333],"y":[0,0,0]},"t":30.392,"s":[25.709,25.709,100]},{"t":37.74658203125,"s":[0,0,100]}],"ix":6,"l":2}},"ao":0,"shapes":[{"ty":"gr","it":[{"ind":0,"ty":"sh","ix":1,"ks":{"a":0,"k":{"i":[[7.5,17.5],[0,0],[-9.875,-18.875],[0,0]],"o":[[-6.25,18.75],[0,0],[8.125,-18.875],[0,0]],"v":[[84.5,-123.5],[58.5,-93.5],[85.875,-67.125],[113.5,-95]],"c":true},"ix":2},"nm":"路径 1","mn":"ADBE Vector Shape - Group","hd":false},{"ty":"fl","c":{"a":0,"k":[1,1,1,1],"ix":4},"o":{"a":0,"k":100,"ix":5},"r":1,"bm":0,"nm":"填充 1","mn":"ADBE Vector Graphic - Fill","hd":false},{"ty":"tr","p":{"a":0,"k":[0,0],"ix":2},"a":{"a":0,"k":[0,0],"ix":1},"s":{"a":0,"k":[100,100],"ix":3},"r":{"a":0,"k":0,"ix":6},"o":{"a":0,"k":100,"ix":7},"sk":{"a":0,"k":0,"ix":4},"sa":{"a":0,"k":0,"ix":5},"nm":"变换"}],"nm":"形状 1","np":3,"cix":2,"bm":0,"ix":1,"mn":"ADBE Vector Group","hd":false}],"ip":0,"op":250,"st":0,"bm":0},{"ddd":0,"ind":4,"ty":4,"nm":"形状图层 7","sr":1,"ks":{"o":{"a":1,"k":[{"i":{"x":[0.085],"y":[1]},"o":{"x":[0.333],"y":[0]},"t":15.685,"s":[0]},{"i":{"x":[0.085],"y":[1]},"o":{"x":[0.333],"y":[0]},"t":23.04,"s":[100]},{"t":30.3922526041667,"s":[0]}],"ix":11},"r":{"a":0,"k":0,"ix":10},"p":{"a":0,"k":[75,142,0],"ix":2,"l":2},"a":{"a":0,"k":[85,-97.5,0],"ix":1,"l":2},"s":{"a":1,"k":[{"i":{"x":[0.085,0.085,0.667],"y":[1,1,1]},"o":{"x":[0.333,0.333,0.333],"y":[0,0,0]},"t":15.685,"s":[0,0,100]},{"i":{"x":[0.085,0.085,0.667],"y":[1,1,1]},"o":{"x":[0.333,0.333,0.333],"y":[0,0,0]},"t":23.04,"s":[25.709,25.709,100]},{"t":30.3922526041667,"s":[0,0,100]}],"ix":6,"l":2}},"ao":0,"shapes":[{"ty":"gr","it":[{"ind":0,"ty":"sh","ix":1,"ks":{"a":0,"k":{"i":[[7.5,17.5],[0,0],[-9.875,-18.875],[0,0]],"o":[[-6.25,18.75],[0,0],[8.125,-18.875],[0,0]],"v":[[84.5,-123.5],[58.5,-93.5],[85.875,-67.125],[113.5,-95]],"c":true},"ix":2},"nm":"路径 1","mn":"ADBE Vector Shape - Group","hd":false},{"ty":"fl","c":{"a":0,"k":[1,1,1,1],"ix":4},"o":{"a":0,"k":100,"ix":5},"r":1,"bm":0,"nm":"填充 1","mn":"ADBE Vector Graphic - Fill","hd":false},{"ty":"tr","p":{"a":0,"k":[0,0],"ix":2},"a":{"a":0,"k":[0,0],"ix":1},"s":{"a":0,"k":[100,100],"ix":3},"r":{"a":0,"k":0,"ix":6},"o":{"a":0,"k":100,"ix":7},"sk":{"a":0,"k":0,"ix":4},"sa":{"a":0,"k":0,"ix":5},"nm":"变换"}],"nm":"形状 1","np":3,"cix":2,"bm":0,"ix":1,"mn":"ADBE Vector Group","hd":false}],"ip":0,"op":250,"st":0,"bm":0},{"ddd":0,"ind":5,"ty":4,"nm":"形状图层 6","sr":1,"ks":{"o":{"a":1,"k":[{"i":{"x":[0.085],"y":[1]},"o":{"x":[0.333],"y":[0]},"t":23.04,"s":[0]},{"i":{"x":[0.085],"y":[1]},"o":{"x":[0.333],"y":[0]},"t":30.392,"s":[100]},{"t":37.74658203125,"s":[0]}],"ix":11},"r":{"a":0,"k":0,"ix":10},"p":{"a":0,"k":[234,307,0],"ix":2,"l":2},"a":{"a":0,"k":[85,-97.5,0],"ix":1,"l":2},"s":{"a":1,"k":[{"i":{"x":[0.085,0.085,0.667],"y":[1,1,1]},"o":{"x":[0.333,0.333,0.333],"y":[0,0,0]},"t":23.04,"s":[0,0,100]},{"i":{"x":[0.085,0.085,0.667],"y":[1,1,1]},"o":{"x":[0.333,0.333,0.333],"y":[0,0,0]},"t":30.392,"s":[52.632,52.632,100]},{"t":37.74658203125,"s":[0,0,100]}],"ix":6,"l":2}},"ao":0,"shapes":[{"ty":"gr","it":[{"ind":0,"ty":"sh","ix":1,"ks":{"a":0,"k":{"i":[[7.5,17.5],[0,0],[-9.875,-18.875],[0,0]],"o":[[-6.25,18.75],[0,0],[8.125,-18.875],[0,0]],"v":[[84.5,-123.5],[58.5,-93.5],[85.875,-67.125],[113.5,-95]],"c":true},"ix":2},"nm":"路径 1","mn":"ADBE Vector Shape - Group","hd":false},{"ty":"fl","c":{"a":0,"k":[1,1,1,1],"ix":4},"o":{"a":0,"k":100,"ix":5},"r":1,"bm":0,"nm":"填充 1","mn":"ADBE Vector Graphic - Fill","hd":false},{"ty":"tr","p":{"a":0,"k":[0,0],"ix":2},"a":{"a":0,"k":[0,0],"ix":1},"s":{"a":0,"k":[100,100],"ix":3},"r":{"a":0,"k":0,"ix":6},"o":{"a":0,"k":100,"ix":7},"sk":{"a":0,"k":0,"ix":4},"sa":{"a":0,"k":0,"ix":5},"nm":"变换"}],"nm":"形状 1","np":3,"cix":2,"bm":0,"ix":1,"mn":"ADBE Vector Group","hd":false}],"ip":0,"op":250,"st":0,"bm":0},{"ddd":0,"ind":6,"ty":4,"nm":"形状图层 5","sr":1,"ks":{"o":{"a":1,"k":[{"i":{"x":[0.085],"y":[1]},"o":{"x":[0.333],"y":[0]},"t":15.685,"s":[0]},{"i":{"x":[0.085],"y":[1]},"o":{"x":[0.333],"y":[0]},"t":23.04,"s":[100]},{"t":30.3922526041667,"s":[0]}],"ix":11},"r":{"a":0,"k":0,"ix":10},"p":{"a":0,"k":[102,328,0],"ix":2,"l":2},"a":{"a":0,"k":[85,-97.5,0],"ix":1,"l":2},"s":{"a":1,"k":[{"i":{"x":[0.085,0.085,0.667],"y":[1,1,1]},"o":{"x":[0.333,0.333,0.333],"y":[0,0,0]},"t":15.685,"s":[0,0,100]},{"i":{"x":[0.085,0.085,0.667],"y":[1,1,1]},"o":{"x":[0.333,0.333,0.333],"y":[0,0,0]},"t":23.04,"s":[52.632,52.632,100]},{"t":30.3922526041667,"s":[0,0,100]}],"ix":6,"l":2}},"ao":0,"shapes":[{"ty":"gr","it":[{"ind":0,"ty":"sh","ix":1,"ks":{"a":0,"k":{"i":[[7.5,17.5],[0,0],[-9.875,-18.875],[0,0]],"o":[[-6.25,18.75],[0,0],[8.125,-18.875],[0,0]],"v":[[84.5,-123.5],[58.5,-93.5],[85.875,-67.125],[113.5,-95]],"c":true},"ix":2},"nm":"路径 1","mn":"ADBE Vector Shape - Group","hd":false},{"ty":"fl","c":{"a":0,"k":[1,1,1,1],"ix":4},"o":{"a":0,"k":100,"ix":5},"r":1,"bm":0,"nm":"填充 1","mn":"ADBE Vector Graphic - Fill","hd":false},{"ty":"tr","p":{"a":0,"k":[0,0],"ix":2},"a":{"a":0,"k":[0,0],"ix":1},"s":{"a":0,"k":[100,100],"ix":3},"r":{"a":0,"k":0,"ix":6},"o":{"a":0,"k":100,"ix":7},"sk":{"a":0,"k":0,"ix":4},"sa":{"a":0,"k":0,"ix":5},"nm":"变换"}],"nm":"形状 1","np":3,"cix":2,"bm":0,"ix":1,"mn":"ADBE Vector Group","hd":false}],"ip":0,"op":250,"st":0,"bm":0},{"ddd":0,"ind":7,"ty":4,"nm":"形状图层 4","sr":1,"ks":{"o":{"a":1,"k":[{"i":{"x":[0.085],"y":[1]},"o":{"x":[0.333],"y":[0]},"t":8.333,"s":[0]},{"i":{"x":[0.085],"y":[1]},"o":{"x":[0.333],"y":[0]},"t":15.685,"s":[100]},{"t":23.03955078125,"s":[0]}],"ix":11},"r":{"a":0,"k":0,"ix":10},"p":{"a":0,"k":[265,126,0],"ix":2,"l":2},"a":{"a":0,"k":[85,-97.5,0],"ix":1,"l":2},"s":{"a":1,"k":[{"i":{"x":[0.085,0.085,0.667],"y":[1,1,1]},"o":{"x":[0.333,0.333,0.333],"y":[0,0,0]},"t":8.333,"s":[0,0,100]},{"i":{"x":[0.085,0.085,0.667],"y":[1,1,1]},"o":{"x":[0.333,0.333,0.333],"y":[0,0,0]},"t":15.685,"s":[35.088,35.088,100]},{"t":23.03955078125,"s":[0,0,100]}],"ix":6,"l":2}},"ao":0,"shapes":[{"ty":"gr","it":[{"ind":0,"ty":"sh","ix":1,"ks":{"a":0,"k":{"i":[[7.5,17.5],[0,0],[-9.875,-18.875],[0,0]],"o":[[-6.25,18.75],[0,0],[8.125,-18.875],[0,0]],"v":[[84.5,-123.5],[58.5,-93.5],[85.875,-67.125],[113.5,-95]],"c":true},"ix":2},"nm":"路径 1","mn":"ADBE Vector Shape - Group","hd":false},{"ty":"fl","c":{"a":0,"k":[1,1,1,1],"ix":4},"o":{"a":0,"k":100,"ix":5},"r":1,"bm":0,"nm":"填充 1","mn":"ADBE Vector Graphic - Fill","hd":false},{"ty":"tr","p":{"a":0,"k":[0,0],"ix":2},"a":{"a":0,"k":[0,0],"ix":1},"s":{"a":0,"k":[100,100],"ix":3},"r":{"a":0,"k":0,"ix":6},"o":{"a":0,"k":100,"ix":7},"sk":{"a":0,"k":0,"ix":4},"sa":{"a":0,"k":0,"ix":5},"nm":"变换"}],"nm":"形状 1","np":3,"cix":2,"bm":0,"ix":1,"mn":"ADBE Vector Group","hd":false}],"ip":0,"op":250,"st":0,"bm":0},{"ddd":0,"ind":8,"ty":4,"nm":"形状图层 3","sr":1,"ks":{"o":{"a":0,"k":100,"ix":11},"r":{"a":0,"k":0,"ix":10},"p":{"a":0,"k":[173.5,222.5,0],"ix":2,"l":2},"a":{"a":0,"k":[0,0,0],"ix":1,"l":2},"s":{"a":0,"k":[70.283,70.283,100],"ix":6,"l":2}},"ao":0,"shapes":[{"ty":"gr","it":[{"ind":0,"ty":"sh","ix":1,"ks":{"a":0,"k":{"i":[[0,0],[0,0],[0,0]],"o":[[0,0],[0,0],[0,0]],"v":[[-68.992,-40.406],[4.5,26.5],[53,-25.75]],"c":false},"ix":2},"nm":"路径 1","mn":"ADBE Vector Shape - Group","hd":false},{"ty":"st","c":{"a":0,"k":[1,1,1,1],"ix":3},"o":{"a":0,"k":100,"ix":4},"w":{"a":0,"k":10,"ix":5},"lc":2,"lj":2,"bm":0,"nm":"描边 1","mn":"ADBE Vector Graphic - Stroke","hd":false},{"ty":"tr","p":{"a":0,"k":[0,0],"ix":2},"a":{"a":0,"k":[0,0],"ix":1},"s":{"a":0,"k":[100,100],"ix":3},"r":{"a":0,"k":0,"ix":6},"o":{"a":0,"k":100,"ix":7},"sk":{"a":0,"k":0,"ix":4},"sa":{"a":0,"k":0,"ix":5},"nm":"变换"}],"nm":"形状 1","np":3,"cix":2,"bm":0,"ix":1,"mn":"ADBE Vector Group","hd":false},{"ty":"tm","s":{"a":1,"k":[{"i":{"x":[0],"y":[1]},"o":{"x":[0.333],"y":[0]},"t":16.667,"s":[0]},{"t":29.1666666666667,"s":[36]}],"ix":1},"e":{"a":1,"k":[{"i":{"x":[0],"y":[1]},"o":{"x":[0.333],"y":[0]},"t":16.667,"s":[0]},{"t":29.1666666666667,"s":[100]}],"ix":2},"o":{"a":0,"k":0,"ix":3},"m":1,"ix":2,"nm":"修剪路径 1","mn":"ADBE Vector Filter - Trim","hd":false}],"ip":0,"op":250,"st":0,"bm":0},{"ddd":0,"ind":9,"ty":4,"nm":"形状图层 2","sr":1,"ks":{"o":{"a":0,"k":100,"ix":11},"r":{"a":0,"k":0,"ix":10},"p":{"a":0,"k":[180.579,223.479,0],"ix":2,"l":2},"a":{"a":0,"k":[4.5,-10,0],"ix":1,"l":2},"s":{"a":0,"k":[82.884,82.884,100],"ix":6,"l":2}},"ao":0,"shapes":[{"ty":"gr","it":[{"d":1,"ty":"el","s":{"a":0,"k":[150.744,150.744],"ix":2},"p":{"a":0,"k":[0,0],"ix":3},"nm":"椭圆路径 1","mn":"ADBE Vector Shape - Ellipse","hd":false},{"ty":"st","c":{"a":0,"k":[1,1,1,1],"ix":3},"o":{"a":0,"k":100,"ix":4},"w":{"a":0,"k":8,"ix":5},"lc":2,"lj":2,"bm":0,"nm":"描边 1","mn":"ADBE Vector Graphic - Stroke","hd":false},{"ty":"tr","p":{"a":0,"k":[3.802,-10.579],"ix":2},"a":{"a":0,"k":[0,0],"ix":1},"s":{"a":0,"k":[100,100],"ix":3},"r":{"a":0,"k":0,"ix":6},"o":{"a":0,"k":100,"ix":7},"sk":{"a":0,"k":0,"ix":4},"sa":{"a":0,"k":0,"ix":5},"nm":"变换"}],"nm":"椭圆 1","np":3,"cix":2,"bm":0,"ix":1,"mn":"ADBE Vector Group","hd":false},{"ty":"tm","s":{"a":0,"k":0,"ix":1},"e":{"a":1,"k":[{"i":{"x":[0.001],"y":[1]},"o":{"x":[0.333],"y":[0]},"t":4.167,"s":[0]},{"t":16.6666666666667,"s":[100]}],"ix":2},"o":{"a":0,"k":-54,"ix":3},"m":1,"ix":2,"nm":"修剪路径 1","mn":"ADBE Vector Filter - Trim","hd":false}],"ip":0,"op":250,"st":0,"bm":0}]},{"id":"comp_5","layers":[{"ddd":0,"ind":1,"ty":0,"nm":"power_fill","refId":"comp_6","sr":1,"ks":{"o":{"a":0,"k":100,"ix":11},"r":{"a":1,"k":[{"i":{"x":[0.667],"y":[1]},"o":{"x":[0.333],"y":[0]},"t":0,"s":[-34]},{"i":{"x":[0.667],"y":[1]},"o":{"x":[0.167],"y":[0]},"t":25,"s":[-45]},{"i":{"x":[0.667],"y":[1]},"o":{"x":[0.333],"y":[0]},"t":50,"s":[-34]},{"i":{"x":[0.667],"y":[1]},"o":{"x":[0.167],"y":[0]},"t":75,"s":[-45]},{"i":{"x":[0.667],"y":[1]},"o":{"x":[0.333],"y":[0]},"t":100,"s":[-34]},{"i":{"x":[0.667],"y":[1]},"o":{"x":[0.167],"y":[0]},"t":125,"s":[-45]},{"t":149,"s":[-34]}],"ix":10},"p":{"a":1,"k":[{"i":{"x":0.667,"y":1},"o":{"x":0.333,"y":0},"t":0,"s":[74.349,137.171,0],"to":[0,1.667,0],"ti":[0,0,0]},{"i":{"x":0.667,"y":1},"o":{"x":0.167,"y":0},"t":25,"s":[74.349,147.171,0],"to":[0,0,0],"ti":[0,0,0]},{"i":{"x":0.667,"y":1},"o":{"x":0.333,"y":0},"t":50,"s":[74.349,137.171,0],"to":[0,0,0],"ti":[0,0,0]},{"i":{"x":0.667,"y":1},"o":{"x":0.167,"y":0},"t":75,"s":[74.349,147.171,0],"to":[0,0,0],"ti":[0,0,0]},{"i":{"x":0.667,"y":1},"o":{"x":0.333,"y":0},"t":100,"s":[74.349,137.171,0],"to":[0,0,0],"ti":[0,0,0]},{"i":{"x":0.667,"y":1},"o":{"x":0.167,"y":0},"t":125,"s":[74.349,147.171,0],"to":[0,0,0],"ti":[0,1.667,0]},{"t":149,"s":[74.349,137.171,0]}],"ix":2,"l":2},"a":{"a":0,"k":[9,12,0],"ix":1,"l":2},"s":{"a":0,"k":[100,100,100],"ix":6,"l":2}},"ao":0,"w":18,"h":24,"ip":0,"op":1500,"st":0,"bm":0},{"ddd":0,"ind":2,"ty":0,"nm":"power_fill","refId":"comp_7","sr":1,"ks":{"o":{"a":0,"k":100,"ix":11},"r":{"a":1,"k":[{"i":{"x":[0.667],"y":[1]},"o":{"x":[0.333],"y":[0]},"t":0,"s":[34]},{"i":{"x":[0.667],"y":[1]},"o":{"x":[0.167],"y":[0]},"t":25,"s":[45]},{"i":{"x":[0.667],"y":[1]},"o":{"x":[0.333],"y":[0]},"t":50,"s":[34]},{"i":{"x":[0.667],"y":[1]},"o":{"x":[0.167],"y":[0]},"t":75,"s":[45]},{"i":{"x":[0.667],"y":[1]},"o":{"x":[0.333],"y":[0]},"t":100,"s":[34]},{"i":{"x":[0.667],"y":[1]},"o":{"x":[0.167],"y":[0]},"t":125,"s":[45]},{"t":149,"s":[34]}],"ix":10},"p":{"a":1,"k":[{"i":{"x":0.667,"y":1},"o":{"x":0.333,"y":0},"t":0,"s":[278.535,126.849,0],"to":[0,1.667,0],"ti":[0,0,0]},{"i":{"x":0.667,"y":1},"o":{"x":0.167,"y":0},"t":25,"s":[278.535,136.849,0],"to":[0,0,0],"ti":[0,0,0]},{"i":{"x":0.667,"y":1},"o":{"x":0.333,"y":0},"t":50,"s":[278.535,126.849,0],"to":[0,0,0],"ti":[0,0,0]},{"i":{"x":0.667,"y":1},"o":{"x":0.167,"y":0},"t":75,"s":[278.535,136.849,0],"to":[0,0,0],"ti":[0,0,0]},{"i":{"x":0.667,"y":1},"o":{"x":0.333,"y":0},"t":100,"s":[278.535,126.849,0],"to":[0,0,0],"ti":[0,0,0]},{"i":{"x":0.667,"y":1},"o":{"x":0.167,"y":0},"t":125,"s":[278.535,136.849,0],"to":[0,0,0],"ti":[0,1.667,0]},{"t":149,"s":[278.535,126.849,0]}],"ix":2,"l":2},"a":{"a":0,"k":[9,12,0],"ix":1,"l":2},"s":{"a":0,"k":[100,100,100],"ix":6,"l":2}},"ao":0,"w":18,"h":24,"ip":0,"op":1500,"st":0,"bm":0},{"ddd":0,"ind":3,"ty":0,"nm":"power_fill","refId":"comp_8","sr":1,"ks":{"o":{"a":0,"k":100,"ix":11},"r":{"a":1,"k":[{"i":{"x":[0.667],"y":[1]},"o":{"x":[0.333],"y":[0]},"t":0,"s":[7]},{"i":{"x":[0.667],"y":[1]},"o":{"x":[0.167],"y":[0]},"t":25,"s":[15]},{"i":{"x":[0.667],"y":[1]},"o":{"x":[0.333],"y":[0]},"t":50,"s":[7]},{"i":{"x":[0.667],"y":[1]},"o":{"x":[0.167],"y":[0]},"t":75,"s":[15]},{"i":{"x":[0.667],"y":[1]},"o":{"x":[0.333],"y":[0]},"t":100,"s":[7]},{"i":{"x":[0.667],"y":[1]},"o":{"x":[0.167],"y":[0]},"t":125,"s":[15]},{"t":149,"s":[7]}],"ix":10},"p":{"a":1,"k":[{"i":{"x":0.667,"y":1},"o":{"x":0.333,"y":0},"t":0,"s":[251.284,314.629,0],"to":[0,-1.667,0],"ti":[0,0,0]},{"i":{"x":0.667,"y":1},"o":{"x":0.167,"y":0},"t":25,"s":[251.284,304.629,0],"to":[0,0,0],"ti":[0,0,0]},{"i":{"x":0.667,"y":1},"o":{"x":0.333,"y":0},"t":50,"s":[251.284,314.629,0],"to":[0,0,0],"ti":[0,0,0]},{"i":{"x":0.667,"y":1},"o":{"x":0.167,"y":0},"t":75,"s":[251.284,304.629,0],"to":[0,0,0],"ti":[0,0,0]},{"i":{"x":0.667,"y":1},"o":{"x":0.333,"y":0},"t":100,"s":[251.284,314.629,0],"to":[0,0,0],"ti":[0,0,0]},{"i":{"x":0.667,"y":1},"o":{"x":0.167,"y":0},"t":125,"s":[251.284,304.629,0],"to":[0,0,0],"ti":[0,-1.667,0]},{"t":149,"s":[251.284,314.629,0]}],"ix":2,"l":2},"a":{"a":0,"k":[12,16,0],"ix":1,"l":2},"s":{"a":0,"k":[100,100,100],"ix":6,"l":2}},"ao":0,"w":24,"h":32,"ip":0,"op":1500,"st":0,"bm":0}]},{"id":"comp_6","layers":[{"ddd":0,"ind":1,"ty":4,"nm":"闪电02","sr":1,"ks":{"o":{"a":0,"k":100,"ix":11},"r":{"a":0,"k":0,"ix":10},"p":{"a":0,"k":[8.151,10.659,0],"ix":2,"l":2},"a":{"a":0,"k":[8.151,10.659,0],"ix":1,"l":2},"s":{"a":0,"k":[100,100,100],"ix":6,"l":2}},"ao":0,"shapes":[{"ty":"gr","it":[{"ind":0,"ty":"sh","ix":1,"ks":{"a":0,"k":{"i":[[0,0],[0,0],[0,0],[0,0],[0,0],[0,0],[0,0]],"o":[[0,0],[0,0],[0,0],[0,0],[0,0],[0,0],[0,0]],"v":[[3.752,0],[0,13.794],[4.389,13.167],[3.216,21.317],[16.302,9.085],[10.659,9.405],[15.048,0]],"c":true},"ix":2},"nm":"路径 1","mn":"ADBE Vector Shape - Group","hd":false},{"ty":"op","nm":"位移路径 1","a":{"a":0,"k":-0.5,"ix":1},"lj":1,"ml":{"a":0,"k":4,"ix":3},"ix":3,"mn":"ADBE Vector Filter - Offset","hd":false},{"ty":"tr","p":{"a":0,"k":[0,0],"ix":2},"a":{"a":0,"k":[0,0],"ix":1},"s":{"a":0,"k":[100,100],"ix":3},"r":{"a":0,"k":0,"ix":6},"o":{"a":0,"k":100,"ix":7},"sk":{"a":0,"k":0,"ix":4},"sa":{"a":0,"k":0,"ix":5},"nm":"变换"}],"nm":"闪电02 Stroke","np":3,"cix":2,"bm":0,"ix":1,"mn":"ADBE Vector Group","hd":false},{"ty":"gr","it":[{"ind":0,"ty":"sh","ix":1,"ks":{"a":0,"k":{"i":[[0,0],[0,0],[0,0],[0,0],[0,0],[0,0],[0,0]],"o":[[0,0],[0,0],[0,0],[0,0],[0,0],[0,0],[0,0]],"v":[[3.752,0],[0,13.794],[4.389,13.167],[3.216,21.317],[16.302,9.085],[10.659,9.405],[15.048,0]],"c":true},"ix":2},"nm":"路径 1","mn":"ADBE Vector Shape - Group","hd":false},{"ty":"fl","c":{"a":0,"k":[0.545098039216,1,0.837698304419,1],"ix":4},"o":{"a":0,"k":100,"ix":5},"r":1,"bm":0,"nm":"填充 1","mn":"ADBE Vector Graphic - Fill","hd":false},{"ty":"tr","p":{"a":0,"k":[0,0],"ix":2},"a":{"a":0,"k":[0,0],"ix":1},"s":{"a":0,"k":[100,100],"ix":3},"r":{"a":0,"k":0,"ix":6},"o":{"a":0,"k":100,"ix":7},"sk":{"a":0,"k":0,"ix":4},"sa":{"a":0,"k":0,"ix":5},"nm":"变换"}],"nm":"闪电02 Fill","np":2,"cix":2,"bm":0,"ix":2,"mn":"ADBE Vector Group","hd":false}],"ip":0,"op":1500,"st":0,"bm":0},{"ddd":0,"ind":2,"ty":4,"nm":"闪电01","sr":1,"ks":{"o":{"a":0,"k":100,"ix":11},"r":{"a":0,"k":0,"ix":10},"p":{"a":0,"k":[8.778,11.913,0],"ix":2,"l":2},"a":{"a":0,"k":[8.778,11.913,0],"ix":1,"l":2},"s":{"a":0,"k":[100,100,100],"ix":6,"l":2}},"ao":0,"shapes":[{"ty":"gr","it":[{"ind":0,"ty":"sh","ix":1,"ks":{"a":0,"k":{"i":[[0,0],[0,0],[0,0],[0,0],[0,0],[0,0],[0,0],[0,0],[0,0],[0,0],[0,0]],"o":[[0,0],[0,0],[0,0],[0,0],[0,0],[0,0],[0,0],[0,0],[0,0],[0,0],[0,0]],"v":[[3.762,0],[15.048,0],[16.328,2.508],[12.54,10.032],[16.328,9.106],[17.556,11.286],[5.016,23.825],[3.197,21.289],[5.016,15.048],[1.254,15.675],[0,13.794]],"c":true},"ix":2},"nm":"路径 1","mn":"ADBE Vector Shape - Group","hd":false},{"ty":"op","nm":"位移路径 1","a":{"a":0,"k":-0.5,"ix":1},"lj":1,"ml":{"a":0,"k":4,"ix":3},"ix":3,"mn":"ADBE Vector Filter - Offset","hd":false},{"ty":"tr","p":{"a":0,"k":[0,0],"ix":2},"a":{"a":0,"k":[0,0],"ix":1},"s":{"a":0,"k":[100,100],"ix":3},"r":{"a":0,"k":0,"ix":6},"o":{"a":0,"k":100,"ix":7},"sk":{"a":0,"k":0,"ix":4},"sa":{"a":0,"k":0,"ix":5},"nm":"变换"}],"nm":"闪电01 Stroke","np":3,"cix":2,"bm":0,"ix":1,"mn":"ADBE Vector Group","hd":false},{"ty":"gr","it":[{"ind":0,"ty":"sh","ix":1,"ks":{"a":0,"k":{"i":[[0,0],[0,0],[0,0],[0,0],[0,0],[0,0],[0,0],[0,0],[0,0],[0,0],[0,0]],"o":[[0,0],[0,0],[0,0],[0,0],[0,0],[0,0],[0,0],[0,0],[0,0],[0,0],[0,0]],"v":[[3.762,0],[15.048,0],[16.328,2.508],[12.54,10.032],[16.328,9.106],[17.556,11.286],[5.016,23.825],[3.197,21.289],[5.016,15.048],[1.254,15.675],[0,13.794]],"c":true},"ix":2},"nm":"路径 1","mn":"ADBE Vector Shape - Group","hd":false},{"ty":"fl","c":{"a":0,"k":[0.086274509804,0.81568627451,0.556862745098,1],"ix":4},"o":{"a":0,"k":100,"ix":5},"r":1,"bm":0,"nm":"填充 1","mn":"ADBE Vector Graphic - Fill","hd":false},{"ty":"tr","p":{"a":0,"k":[0,0],"ix":2},"a":{"a":0,"k":[0,0],"ix":1},"s":{"a":0,"k":[100,100],"ix":3},"r":{"a":0,"k":0,"ix":6},"o":{"a":0,"k":100,"ix":7},"sk":{"a":0,"k":0,"ix":4},"sa":{"a":0,"k":0,"ix":5},"nm":"变换"}],"nm":"闪电01 Fill","np":2,"cix":2,"bm":0,"ix":2,"mn":"ADBE Vector Group","hd":false}],"ip":0,"op":1500,"st":0,"bm":0}]},{"id":"comp_7","layers":[{"ddd":0,"ind":1,"ty":4,"nm":"闪电02","sr":1,"ks":{"o":{"a":0,"k":100,"ix":11},"r":{"a":0,"k":0,"ix":10},"p":{"a":0,"k":[8.003,10.466,0],"ix":2,"l":2},"a":{"a":0,"k":[8.003,10.466,0],"ix":1,"l":2},"s":{"a":0,"k":[100,100,100],"ix":6,"l":2}},"ao":0,"shapes":[{"ty":"gr","it":[{"ind":0,"ty":"sh","ix":1,"ks":{"a":0,"k":{"i":[[0,0],[0,0],[0,0],[0,0],[0,0],[0,0],[0,0]],"o":[[0,0],[0,0],[0,0],[0,0],[0,0],[0,0],[0,0]],"v":[[3.684,0],[0,13.544],[4.309,12.928],[3.157,20.932],[16.006,8.92],[10.466,9.235],[14.775,0]],"c":true},"ix":2},"nm":"路径 1","mn":"ADBE Vector Shape - Group","hd":false},{"ty":"op","nm":"位移路径 1","a":{"a":0,"k":-0.5,"ix":1},"lj":1,"ml":{"a":0,"k":4,"ix":3},"ix":3,"mn":"ADBE Vector Filter - Offset","hd":false},{"ty":"tr","p":{"a":0,"k":[0,0],"ix":2},"a":{"a":0,"k":[0,0],"ix":1},"s":{"a":0,"k":[100,100],"ix":3},"r":{"a":0,"k":0,"ix":6},"o":{"a":0,"k":100,"ix":7},"sk":{"a":0,"k":0,"ix":4},"sa":{"a":0,"k":0,"ix":5},"nm":"变换"}],"nm":"闪电02 Stroke","np":3,"cix":2,"bm":0,"ix":1,"mn":"ADBE Vector Group","hd":false},{"ty":"gr","it":[{"ind":0,"ty":"sh","ix":1,"ks":{"a":0,"k":{"i":[[0,0],[0,0],[0,0],[0,0],[0,0],[0,0],[0,0]],"o":[[0,0],[0,0],[0,0],[0,0],[0,0],[0,0],[0,0]],"v":[[3.684,0],[0,13.544],[4.309,12.928],[3.157,20.932],[16.006,8.92],[10.466,9.235],[14.775,0]],"c":true},"ix":2},"nm":"路径 1","mn":"ADBE Vector Shape - Group","hd":false},{"ty":"fl","c":{"a":0,"k":[0.545098039216,1,0.839215686275,1],"ix":4},"o":{"a":0,"k":100,"ix":5},"r":1,"bm":0,"nm":"填充 1","mn":"ADBE Vector Graphic - Fill","hd":false},{"ty":"tr","p":{"a":0,"k":[0,0],"ix":2},"a":{"a":0,"k":[0,0],"ix":1},"s":{"a":0,"k":[100,100],"ix":3},"r":{"a":0,"k":0,"ix":6},"o":{"a":0,"k":100,"ix":7},"sk":{"a":0,"k":0,"ix":4},"sa":{"a":0,"k":0,"ix":5},"nm":"变换"}],"nm":"闪电02 Fill","np":2,"cix":2,"bm":0,"ix":2,"mn":"ADBE Vector Group","hd":false}],"ip":0,"op":1500,"st":0,"bm":0},{"ddd":0,"ind":2,"ty":4,"nm":"闪电01","sr":1,"ks":{"o":{"a":0,"k":100,"ix":11},"r":{"a":0,"k":0,"ix":10},"p":{"a":0,"k":[8.619,11.697,0],"ix":2,"l":2},"a":{"a":0,"k":[8.619,11.697,0],"ix":1,"l":2},"s":{"a":0,"k":[100,100,100],"ix":6,"l":2}},"ao":0,"shapes":[{"ty":"gr","it":[{"ind":0,"ty":"sh","ix":1,"ks":{"a":0,"k":{"i":[[0,0],[0,0],[0,0],[0,0],[0,0],[0,0],[0,0],[0,0],[0,0],[0,0],[0,0]],"o":[[0,0],[0,0],[0,0],[0,0],[0,0],[0,0],[0,0],[0,0],[0,0],[0,0],[0,0]],"v":[[3.694,0],[14.775,0],[16.032,2.463],[12.313,9.85],[16.032,8.941],[17.238,11.081],[4.925,23.394],[3.139,20.904],[4.925,14.775],[1.231,15.391],[0,13.544]],"c":true},"ix":2},"nm":"路径 1","mn":"ADBE Vector Shape - Group","hd":false},{"ty":"op","nm":"位移路径 1","a":{"a":0,"k":-0.5,"ix":1},"lj":1,"ml":{"a":0,"k":4,"ix":3},"ix":3,"mn":"ADBE Vector Filter - Offset","hd":false},{"ty":"tr","p":{"a":0,"k":[0,0],"ix":2},"a":{"a":0,"k":[0,0],"ix":1},"s":{"a":0,"k":[100,100],"ix":3},"r":{"a":0,"k":0,"ix":6},"o":{"a":0,"k":100,"ix":7},"sk":{"a":0,"k":0,"ix":4},"sa":{"a":0,"k":0,"ix":5},"nm":"变换"}],"nm":"闪电01 Stroke","np":3,"cix":2,"bm":0,"ix":1,"mn":"ADBE Vector Group","hd":false},{"ty":"gr","it":[{"ind":0,"ty":"sh","ix":1,"ks":{"a":0,"k":{"i":[[0,0],[0,0],[0,0],[0,0],[0,0],[0,0],[0,0],[0,0],[0,0],[0,0],[0,0]],"o":[[0,0],[0,0],[0,0],[0,0],[0,0],[0,0],[0,0],[0,0],[0,0],[0,0],[0,0]],"v":[[3.694,0],[14.775,0],[16.032,2.463],[12.313,9.85],[16.032,8.941],[17.238,11.081],[4.925,23.394],[3.139,20.904],[4.925,14.775],[1.231,15.391],[0,13.544]],"c":true},"ix":2},"nm":"路径 1","mn":"ADBE Vector Shape - Group","hd":false},{"ty":"fl","c":{"a":0,"k":[0.086274509804,0.81568627451,0.556862745098,1],"ix":4},"o":{"a":0,"k":100,"ix":5},"r":1,"bm":0,"nm":"填充 1","mn":"ADBE Vector Graphic - Fill","hd":false},{"ty":"tr","p":{"a":0,"k":[0,0],"ix":2},"a":{"a":0,"k":[0,0],"ix":1},"s":{"a":0,"k":[100,100],"ix":3},"r":{"a":0,"k":0,"ix":6},"o":{"a":0,"k":100,"ix":7},"sk":{"a":0,"k":0,"ix":4},"sa":{"a":0,"k":0,"ix":5},"nm":"变换"}],"nm":"闪电01 Fill","np":2,"cix":2,"bm":0,"ix":2,"mn":"ADBE Vector Group","hd":false}],"ip":0,"op":1500,"st":0,"bm":0}]},{"id":"comp_8","layers":[{"ddd":0,"ind":1,"ty":4,"nm":"闪电02","sr":1,"ks":{"o":{"a":0,"k":100,"ix":11},"r":{"a":0,"k":0,"ix":10},"p":{"a":0,"k":[10.868,14.212,0],"ix":2,"l":2},"a":{"a":0,"k":[10.868,14.212,0],"ix":1,"l":2},"s":{"a":0,"k":[100,100,100],"ix":6,"l":2}},"ao":0,"shapes":[{"ty":"gr","it":[{"ind":0,"ty":"sh","ix":1,"ks":{"a":0,"k":{"i":[[0,0],[0,0],[0,0],[0,0],[0,0],[0,0],[0,0]],"o":[[0,0],[0,0],[0,0],[0,0],[0,0],[0,0],[0,0]],"v":[[5.002,0],[0,18.392],[5.852,17.556],[4.288,28.423],[21.735,12.113],[14.212,12.54],[20.063,0]],"c":true},"ix":2},"nm":"路径 1","mn":"ADBE Vector Shape - Group","hd":false},{"ty":"op","nm":"位移路径 1","a":{"a":0,"k":-0.5,"ix":1},"lj":1,"ml":{"a":0,"k":4,"ix":3},"ix":3,"mn":"ADBE Vector Filter - Offset","hd":false},{"ty":"tr","p":{"a":0,"k":[0,0],"ix":2},"a":{"a":0,"k":[0,0],"ix":1},"s":{"a":0,"k":[100,100],"ix":3},"r":{"a":0,"k":0,"ix":6},"o":{"a":0,"k":100,"ix":7},"sk":{"a":0,"k":0,"ix":4},"sa":{"a":0,"k":0,"ix":5},"nm":"变换"}],"nm":"闪电02 Stroke","np":3,"cix":2,"bm":0,"ix":1,"mn":"ADBE Vector Group","hd":false},{"ty":"gr","it":[{"ind":0,"ty":"sh","ix":1,"ks":{"a":0,"k":{"i":[[0,0],[0,0],[0,0],[0,0],[0,0],[0,0],[0,0]],"o":[[0,0],[0,0],[0,0],[0,0],[0,0],[0,0],[0,0]],"v":[[5.002,0],[0,18.392],[5.852,17.556],[4.288,28.423],[21.735,12.113],[14.212,12.54],[20.063,0]],"c":true},"ix":2},"nm":"路径 1","mn":"ADBE Vector Shape - Group","hd":false},{"ty":"fl","c":{"a":0,"k":[0.807843137255,1,0.932082471661,1],"ix":4},"o":{"a":0,"k":100,"ix":5},"r":1,"bm":0,"nm":"填充 1","mn":"ADBE Vector Graphic - Fill","hd":false},{"ty":"tr","p":{"a":0,"k":[0,0],"ix":2},"a":{"a":0,"k":[0,0],"ix":1},"s":{"a":0,"k":[100,100],"ix":3},"r":{"a":0,"k":0,"ix":6},"o":{"a":0,"k":100,"ix":7},"sk":{"a":0,"k":0,"ix":4},"sa":{"a":0,"k":0,"ix":5},"nm":"变换"}],"nm":"闪电02 Fill","np":2,"cix":2,"bm":0,"ix":2,"mn":"ADBE Vector Group","hd":false}],"ip":0,"op":1500,"st":0,"bm":0},{"ddd":0,"ind":2,"ty":4,"nm":"闪电01","sr":1,"ks":{"o":{"a":0,"k":100,"ix":11},"r":{"a":0,"k":0,"ix":10},"p":{"a":0,"k":[11.704,15.884,0],"ix":2,"l":2},"a":{"a":0,"k":[11.704,15.884,0],"ix":1,"l":2},"s":{"a":0,"k":[100,100,100],"ix":6,"l":2}},"ao":0,"shapes":[{"ty":"gr","it":[{"ind":0,"ty":"sh","ix":1,"ks":{"a":0,"k":{"i":[[0,0],[0,0],[0,0],[0,0],[0,0],[0,0],[0,0],[0,0],[0,0],[0,0],[0,0]],"o":[[0,0],[0,0],[0,0],[0,0],[0,0],[0,0],[0,0],[0,0],[0,0],[0,0],[0,0]],"v":[[5.016,0],[20.063,0],[21.771,3.344],[16.72,13.376],[21.771,12.141],[23.407,15.048],[6.688,31.767],[4.262,28.385],[6.688,20.063],[1.672,20.899],[0,18.392]],"c":true},"ix":2},"nm":"路径 1","mn":"ADBE Vector Shape - Group","hd":false},{"ty":"op","nm":"位移路径 1","a":{"a":0,"k":-0.5,"ix":1},"lj":1,"ml":{"a":0,"k":4,"ix":3},"ix":3,"mn":"ADBE Vector Filter - Offset","hd":false},{"ty":"tr","p":{"a":0,"k":[0,0],"ix":2},"a":{"a":0,"k":[0,0],"ix":1},"s":{"a":0,"k":[100,100],"ix":3},"r":{"a":0,"k":0,"ix":6},"o":{"a":0,"k":100,"ix":7},"sk":{"a":0,"k":0,"ix":4},"sa":{"a":0,"k":0,"ix":5},"nm":"变换"}],"nm":"闪电01 Stroke","np":3,"cix":2,"bm":0,"ix":1,"mn":"ADBE Vector Group","hd":false},{"ty":"gr","it":[{"ind":0,"ty":"sh","ix":1,"ks":{"a":0,"k":{"i":[[0,0],[0,0],[0,0],[0,0],[0,0],[0,0],[0,0],[0,0],[0,0],[0,0],[0,0]],"o":[[0,0],[0,0],[0,0],[0,0],[0,0],[0,0],[0,0],[0,0],[0,0],[0,0],[0,0]],"v":[[5.016,0],[20.063,0],[21.771,3.344],[16.72,13.376],[21.771,12.141],[23.407,15.048],[6.688,31.767],[4.262,28.385],[6.688,20.063],[1.672,20.899],[0,18.392]],"c":true},"ix":2},"nm":"路径 1","mn":"ADBE Vector Shape - Group","hd":false},{"ty":"fl","c":{"a":0,"k":[0.086274509804,0.81568627451,0.556862745098,1],"ix":4},"o":{"a":0,"k":100,"ix":5},"r":1,"bm":0,"nm":"填充 1","mn":"ADBE Vector Graphic - Fill","hd":false},{"ty":"tr","p":{"a":0,"k":[0,0],"ix":2},"a":{"a":0,"k":[0,0],"ix":1},"s":{"a":0,"k":[100,100],"ix":3},"r":{"a":0,"k":0,"ix":6},"o":{"a":0,"k":100,"ix":7},"sk":{"a":0,"k":0,"ix":4},"sa":{"a":0,"k":0,"ix":5},"nm":"变换"}],"nm":"闪电01 Fill","np":2,"cix":2,"bm":0,"ix":2,"mn":"ADBE Vector Group","hd":false}],"ip":0,"op":1500,"st":0,"bm":0}]},{"id":"comp_9","layers":[{"ddd":0,"ind":1,"ty":0,"nm":"电池动效-无液体","refId":"comp_10","sr":1,"ks":{"o":{"a":0,"k":100,"ix":11},"r":{"a":1,"k":[{"i":{"x":[0.201],"y":[1]},"o":{"x":[0.333],"y":[0]},"t":0,"s":[-24]},{"t":12.5,"s":[0]}],"ix":10},"p":{"a":0,"k":[180,320,0],"ix":2,"l":2},"a":{"a":0,"k":[180,320,0],"ix":1,"l":2},"s":{"a":1,"k":[{"i":{"x":[0.201,0.201,0.667],"y":[1,1,1]},"o":{"x":[0.333,0.333,0.333],"y":[0,0,0]},"t":0,"s":[0,0,100]},{"t":12.5,"s":[75,75,100]}],"ix":6,"l":2}},"ao":0,"w":360,"h":640,"ip":0,"op":12.5,"st":0,"bm":0},{"ddd":0,"ind":2,"ty":0,"nm":"电池动效","refId":"comp_16","sr":1,"ks":{"o":{"a":1,"k":[{"i":{"x":[0.334],"y":[1]},"o":{"x":[0.333],"y":[0]},"t":75.417,"s":[100]},{"t":87.9166666666667,"s":[0]}],"ix":11},"r":{"a":0,"k":4,"ix":10},"p":{"a":0,"k":[180,300,0],"ix":2,"l":2},"a":{"a":0,"k":[180,320,0],"ix":1,"l":2},"s":{"a":1,"k":[{"i":{"x":[0.334,0.334,0.667],"y":[1,1,1]},"o":{"x":[0.333,0.333,0.333],"y":[0,0,0]},"t":75.417,"s":[100,100,100]},{"t":87.9166666666667,"s":[0,0,100]}],"ix":6,"l":2}},"ao":0,"w":360,"h":640,"ip":75.4166666666667,"op":87.9166666666667,"st":37.9166666666667,"bm":0},{"ddd":0,"ind":3,"ty":0,"nm":"电池动效","refId":"comp_16","sr":1,"ks":{"o":{"a":0,"k":100,"ix":11},"r":{"a":1,"k":[{"i":{"x":[0.667],"y":[1]},"o":{"x":[0.333],"y":[0]},"t":50.417,"s":[4]},{"i":{"x":[0.833],"y":[1]},"o":{"x":[0.167],"y":[0]},"t":62.917,"s":[0]},{"t":74.9996744791667,"s":[4]}],"ix":10},"p":{"a":1,"k":[{"i":{"x":0.667,"y":1},"o":{"x":0.333,"y":0},"t":50.417,"s":[180,300,0],"to":[0,3.333,0],"ti":[0,0,0]},{"i":{"x":0.833,"y":1},"o":{"x":0.167,"y":0},"t":62.917,"s":[180,320,0],"to":[0,0,0],"ti":[0,3.333,0]},{"t":74.9996744791667,"s":[180,300,0]}],"ix":2,"l":2},"a":{"a":0,"k":[180,320,0],"ix":1,"l":2},"s":{"a":0,"k":[100,100,100],"ix":6,"l":2}},"ao":0,"w":360,"h":640,"ip":50.4166666666667,"op":75.4166666666667,"st":37.9166666666667,"bm":0},{"ddd":0,"ind":4,"ty":0,"nm":"电池动效","refId":"comp_16","sr":1,"ks":{"o":{"a":0,"k":100,"ix":11},"r":{"a":1,"k":[{"i":{"x":[0.667],"y":[1]},"o":{"x":[0.333],"y":[0]},"t":37.917,"s":[0]},{"t":50.4166666666667,"s":[4]}],"ix":10,"x":"var $bm_rt;\n$bm_rt = loopOut('pingpong');"},"p":{"a":1,"k":[{"i":{"x":0.667,"y":1},"o":{"x":0.333,"y":0},"t":37.917,"s":[180,320,0],"to":[0,-3.333,0],"ti":[0,3.333,0]},{"t":50.4166666666667,"s":[180,300,0]}],"ix":2,"l":2,"x":"var $bm_rt;\n$bm_rt = loopOut('pingpong');"},"a":{"a":0,"k":[180,320,0],"ix":1,"l":2},"s":{"a":1,"k":[{"i":{"x":[0.334,0.334,0.667],"y":[1,1,1]},"o":{"x":[0.333,0.333,0.333],"y":[0,0,0]},"t":37.917,"s":[75,75,100]},{"t":50.4166666666667,"s":[100,100,100]}],"ix":6,"l":2}},"ao":0,"w":360,"h":640,"ip":37.9166666666667,"op":50.4166666666667,"st":37.9166666666667,"bm":0},{"ddd":0,"ind":5,"ty":0,"nm":"电池动效-无液体","refId":"comp_10","sr":1,"ks":{"o":{"a":0,"k":100,"ix":11},"r":{"a":1,"k":[{"i":{"x":[0.667],"y":[1]},"o":{"x":[0.333],"y":[0]},"t":12.5,"s":[0]},{"i":{"x":[0.667],"y":[1]},"o":{"x":[0.167],"y":[0]},"t":25,"s":[4]},{"t":37.5,"s":[0]}],"ix":10},"p":{"a":1,"k":[{"i":{"x":0.667,"y":1},"o":{"x":0.333,"y":0},"t":12.5,"s":[180,320,0],"to":[0,-3.333,0],"ti":[0,0,0]},{"i":{"x":0.667,"y":1},"o":{"x":0.167,"y":0},"t":25,"s":[180,300,0],"to":[0,0,0],"ti":[0,-3.333,0]},{"t":37.5,"s":[180,320,0]}],"ix":2,"l":2},"a":{"a":0,"k":[180,320,0],"ix":1,"l":2},"s":{"a":0,"k":[75,75,100],"ix":6,"l":2}},"ao":0,"w":360,"h":640,"ip":12.5,"op":37.9166666666667,"st":12.5,"bm":0},{"ddd":0,"ind":6,"ty":2,"nm":"image_battery_shadow.png","cl":"png","refId":"image_5","sr":1,"ks":{"o":{"a":1,"k":[{"i":{"x":[0.667],"y":[1]},"o":{"x":[0.167],"y":[0]},"t":0,"s":[0]},{"i":{"x":[0.667],"y":[0.74]},"o":{"x":[0.333],"y":[0]},"t":12,"s":[100]},{"i":{"x":[0.667],"y":[1]},"o":{"x":[0.333],"y":[-0.24]},"t":25,"s":[50]},{"i":{"x":[0.667],"y":[1]},"o":{"x":[0.333],"y":[0]},"t":37,"s":[100]},{"i":{"x":[0.659],"y":[1.22]},"o":{"x":[0.297],"y":[0]},"t":50,"s":[50]},{"i":{"x":[0.667],"y":[1]},"o":{"x":[0.425],"y":[0.274]},"t":62.5,"s":[100]},{"i":{"x":[0.833],"y":[1]},"o":{"x":[0.297],"y":[0]},"t":75,"s":[50]},{"i":{"x":[0.833],"y":[1]},"o":{"x":[0.167],"y":[0]},"t":85,"s":[0]},{"t":125,"s":[0]}],"ix":11,"x":"var $bm_rt;\n$bm_rt = loopOut('pingpong');"},"r":{"a":0,"k":0,"ix":10},"p":{"a":0,"k":[195,439,0],"ix":2,"l":2},"a":{"a":0,"k":[419.5,151,0],"ix":1,"l":2},"s":{"a":1,"k":[{"i":{"x":[0.833,0.833,0.833],"y":[1,1,1]},"o":{"x":[0.297,0.297,0.297],"y":[0,0,0]},"t":12,"s":[26.088,34.367,100]},{"i":{"x":[0.66,0.66,0.66],"y":[1,1,1]},"o":{"x":[0.297,0.297,0.297],"y":[0,0,0]},"t":37,"s":[26.088,34.367,100]},{"i":{"x":[0.66,0.66,0.66],"y":[1,1,1]},"o":{"x":[0.425,0.425,0.425],"y":[0,0,0]},"t":50,"s":[40.151,52.893,100]},{"i":{"x":[0.833,0.833,0.833],"y":[1,1,1]},"o":{"x":[0.425,0.425,0.425],"y":[0,0,0]},"t":75,"s":[40.151,52.893,100]},{"t":85,"s":[0,0,100]}],"ix":6,"l":2,"x":"var $bm_rt;\n$bm_rt = loopOut('pingpong');"}},"ao":0,"ip":0,"op":150,"st":0,"bm":0}]},{"id":"comp_10","layers":[{"ddd":0,"ind":1,"ty":0,"nm":"顶部","refId":"comp_11","sr":1,"ks":{"o":{"a":0,"k":100,"ix":11},"r":{"a":0,"k":0,"ix":10},"p":{"a":0,"k":[180,320,0],"ix":2,"l":2},"a":{"a":0,"k":[180,320,0],"ix":1,"l":2},"s":{"a":0,"k":[100,100,100],"ix":6,"l":2}},"ao":0,"w":360,"h":640,"ip":0,"op":150,"st":0,"bm":0},{"ddd":0,"ind":2,"ty":0,"nm":"底部-前遮罩","refId":"comp_12","sr":1,"ks":{"o":{"a":0,"k":100,"ix":11},"r":{"a":0,"k":0,"ix":10},"p":{"a":0,"k":[180,320,0],"ix":2,"l":2},"a":{"a":0,"k":[180,320,0],"ix":1,"l":2},"s":{"a":0,"k":[100,100,100],"ix":6,"l":2}},"ao":0,"w":360,"h":640,"ip":0,"op":150,"st":0,"bm":0},{"ddd":0,"ind":3,"ty":0,"nm":"中间","refId":"comp_13","sr":1,"ks":{"o":{"a":0,"k":100,"ix":11},"r":{"a":0,"k":0,"ix":10},"p":{"a":0,"k":[180,320,0],"ix":2,"l":2},"a":{"a":0,"k":[180,320,0],"ix":1,"l":2},"s":{"a":0,"k":[100,100,100],"ix":6,"l":2}},"ao":0,"w":360,"h":640,"ip":0,"op":150,"st":0,"bm":0},{"ddd":0,"ind":4,"ty":0,"nm":"底部","refId":"comp_15","sr":1,"ks":{"o":{"a":0,"k":100,"ix":11},"r":{"a":0,"k":0,"ix":10},"p":{"a":0,"k":[180,320,0],"ix":2,"l":2},"a":{"a":0,"k":[180,320,0],"ix":1,"l":2},"s":{"a":0,"k":[100,100,100],"ix":6,"l":2}},"ao":0,"w":360,"h":640,"ip":0,"op":150,"st":0,"bm":0}]},{"id":"comp_11","layers":[{"ddd":0,"ind":1,"ty":2,"nm":"image_top_cover.png","cl":"png","refId":"image_1","sr":1,"ks":{"o":{"a":0,"k":100,"ix":11},"r":{"a":0,"k":0,"ix":10},"p":{"a":0,"k":[237,257.5,0],"ix":2,"l":2},"a":{"a":0,"k":[189.5,189,0],"ix":1,"l":2},"s":{"a":0,"k":[33.333,33.333,100],"ix":6,"l":2}},"ao":0,"ip":0,"op":150,"st":0,"bm":0}]},{"id":"comp_12","layers":[{"ddd":0,"ind":1,"ty":2,"nm":"image_bottom_front.png","cl":"png","refId":"image_2","sr":1,"ks":{"o":{"a":0,"k":100,"ix":11},"r":{"a":0,"k":0,"ix":10},"p":{"a":0,"k":[117.5,377.25,0],"ix":2,"l":2},"a":{"a":0,"k":[170.5,170.5,0],"ix":1,"l":2},"s":{"a":0,"k":[33.138,33.138,100],"ix":6,"l":2}},"ao":0,"ip":0,"op":150,"st":0,"bm":0}]},{"id":"comp_13","layers":[{"ddd":0,"ind":1,"ty":4,"nm":"破烂口03","sr":1,"ks":{"o":{"a":0,"k":100,"ix":11},"r":{"a":0,"k":42.67,"ix":10},"p":{"a":0,"k":[148.607,289.005,0],"ix":2,"l":2},"a":{"a":0,"k":[5.801,6.285,0],"ix":1,"l":2},"s":{"a":0,"k":[100,100,100],"ix":6,"l":2}},"ao":0,"shapes":[{"ty":"gr","it":[{"ind":0,"ty":"sh","ix":1,"ks":{"a":0,"k":{"i":[[0,0],[0,0],[0,0],[0,0],[0,0],[0,0],[0,0],[0,0],[0,0],[0,0],[0,0],[0,0]],"o":[[0,0],[0,0],[0,0],[0,0],[0,0],[0,0],[0,0],[0,0],[0,0],[0,0],[0,0],[0,0]],"v":[[6.401,4.866],[10.802,1.216],[10.002,4.866],[11.603,7.298],[9.202,8.515],[8.002,12.569],[4.001,9.326],[0,11.353],[2,6.487],[0,3.244],[2,2.433],[4.801,0]],"c":true},"ix":2},"nm":"路径 1","mn":"ADBE Vector Shape - Group","hd":false},{"ty":"st","c":{"a":0,"k":[1,1,1,1],"ix":3},"o":{"a":0,"k":100,"ix":4},"w":{"a":0,"k":1,"ix":5},"lc":1,"lj":1,"ml":4,"bm":0,"nm":"描边 1","mn":"ADBE Vector Graphic - Stroke","hd":false},{"ty":"op","nm":"位移路径 1","a":{"a":0,"k":-0.5,"ix":1},"lj":1,"ml":{"a":0,"k":4,"ix":3},"ix":3,"mn":"ADBE Vector Filter - Offset","hd":false},{"ty":"tr","p":{"a":0,"k":[0,0],"ix":2},"a":{"a":0,"k":[0,0],"ix":1},"s":{"a":0,"k":[100,100],"ix":3},"r":{"a":0,"k":0,"ix":6},"o":{"a":0,"k":100,"ix":7},"sk":{"a":0,"k":0,"ix":4},"sa":{"a":0,"k":0,"ix":5},"nm":"变换"}],"nm":"破烂口03 Stroke","np":3,"cix":2,"bm":0,"ix":1,"mn":"ADBE Vector Group","hd":false},{"ty":"gr","it":[{"ind":0,"ty":"sh","ix":1,"ks":{"a":0,"k":{"i":[[0,0],[0,0],[0,0],[0,0],[0,0],[0,0],[0,0],[0,0],[0,0],[0,0],[0,0],[0,0]],"o":[[0,0],[0,0],[0,0],[0,0],[0,0],[0,0],[0,0],[0,0],[0,0],[0,0],[0,0],[0,0]],"v":[[6.401,4.866],[10.802,1.216],[10.002,4.866],[11.603,7.298],[9.202,8.515],[8.002,12.569],[4.001,9.326],[0,11.353],[2,6.487],[0,3.244],[2,2.433],[4.801,0]],"c":true},"ix":2},"nm":"路径 1","mn":"ADBE Vector Shape - Group","hd":false},{"ty":"fl","c":{"a":0,"k":[1,1,1,1],"ix":4},"o":{"a":0,"k":0,"ix":5},"r":1,"bm":0,"nm":"填充 1","mn":"ADBE Vector Graphic - Fill","hd":false},{"ty":"tr","p":{"a":0,"k":[0,0],"ix":2},"a":{"a":0,"k":[0,0],"ix":1},"s":{"a":0,"k":[100,100],"ix":3},"r":{"a":0,"k":0,"ix":6},"o":{"a":0,"k":100,"ix":7},"sk":{"a":0,"k":0,"ix":4},"sa":{"a":0,"k":0,"ix":5},"nm":"变换"}],"nm":"破烂口03 Fill","np":2,"cix":2,"bm":0,"ix":2,"mn":"ADBE Vector Group","hd":false}],"ip":0,"op":150,"st":0,"bm":0},{"ddd":0,"ind":2,"ty":4,"nm":"破烂口02","sr":1,"ks":{"o":{"a":0,"k":100,"ix":11},"r":{"a":0,"k":-37.511,"ix":10},"p":{"a":0,"k":[134.587,365.272,0],"ix":2,"l":2},"a":{"a":0,"k":[5.441,7.208,0],"ix":1,"l":2},"s":{"a":0,"k":[100,100,100],"ix":6,"l":2}},"ao":0,"shapes":[{"ty":"gr","it":[{"ind":0,"ty":"sh","ix":1,"ks":{"a":0,"k":{"i":[[0,0],[0,0],[0,0],[0,0],[0,0],[0,0],[0,0],[0,0],[0,0],[0,0],[0,0],[0,0]],"o":[[0,0],[0,0],[0,0],[0,0],[0,0],[0,0],[0,0],[0,0],[0,0],[0,0],[0,0],[0,0]],"v":[[7.173,0],[10.132,4.536],[9.381,7.712],[10.882,9.829],[8.631,10.887],[7.505,14.416],[3.752,11.593],[0,13.357],[1.876,9.123],[0,6.3],[1.876,5.595],[3.094,1.911]],"c":true},"ix":2},"nm":"路径 1","mn":"ADBE Vector Shape - Group","hd":false},{"ty":"st","c":{"a":0,"k":[1,1,1,1],"ix":3},"o":{"a":0,"k":100,"ix":4},"w":{"a":0,"k":1,"ix":5},"lc":1,"lj":1,"ml":4,"bm":0,"nm":"描边 1","mn":"ADBE Vector Graphic - Stroke","hd":false},{"ty":"op","nm":"位移路径 1","a":{"a":0,"k":-0.5,"ix":1},"lj":1,"ml":{"a":0,"k":4,"ix":3},"ix":3,"mn":"ADBE Vector Filter - Offset","hd":false},{"ty":"tr","p":{"a":0,"k":[0,0],"ix":2},"a":{"a":0,"k":[0,0],"ix":1},"s":{"a":0,"k":[100,100],"ix":3},"r":{"a":0,"k":0,"ix":6},"o":{"a":0,"k":100,"ix":7},"sk":{"a":0,"k":0,"ix":4},"sa":{"a":0,"k":0,"ix":5},"nm":"变换"}],"nm":"破烂口02 Stroke","np":3,"cix":2,"bm":0,"ix":1,"mn":"ADBE Vector Group","hd":false},{"ty":"gr","it":[{"ind":0,"ty":"sh","ix":1,"ks":{"a":0,"k":{"i":[[0,0],[0,0],[0,0],[0,0],[0,0],[0,0],[0,0],[0,0],[0,0],[0,0],[0,0],[0,0]],"o":[[0,0],[0,0],[0,0],[0,0],[0,0],[0,0],[0,0],[0,0],[0,0],[0,0],[0,0],[0,0]],"v":[[7.173,0],[10.132,4.536],[9.381,7.712],[10.882,9.829],[8.631,10.887],[7.505,14.416],[3.752,11.593],[0,13.357],[1.876,9.123],[0,6.3],[1.876,5.595],[3.094,1.911]],"c":true},"ix":2},"nm":"路径 1","mn":"ADBE Vector Shape - Group","hd":false},{"ty":"fl","c":{"a":0,"k":[1,1,1,1],"ix":4},"o":{"a":0,"k":0,"ix":5},"r":1,"bm":0,"nm":"填充 1","mn":"ADBE Vector Graphic - Fill","hd":false},{"ty":"tr","p":{"a":0,"k":[0,0],"ix":2},"a":{"a":0,"k":[0,0],"ix":1},"s":{"a":0,"k":[100,100],"ix":3},"r":{"a":0,"k":0,"ix":6},"o":{"a":0,"k":100,"ix":7},"sk":{"a":0,"k":0,"ix":4},"sa":{"a":0,"k":0,"ix":5},"nm":"变换"}],"nm":"破烂口02 Fill","np":2,"cix":2,"bm":0,"ix":2,"mn":"ADBE Vector Group","hd":false}],"ip":0,"op":150,"st":0,"bm":0},{"ddd":0,"ind":3,"ty":4,"nm":"破烂口04","sr":1,"ks":{"o":{"a":0,"k":100,"ix":11},"r":{"a":0,"k":0,"ix":10},"p":{"a":0,"k":[220.895,315.709,0],"ix":2,"l":2},"a":{"a":0,"k":[8.27,8.959,0],"ix":1,"l":2},"s":{"a":0,"k":[100,100,100],"ix":6,"l":2}},"ao":0,"shapes":[{"ty":"gr","it":[{"ind":0,"ty":"sh","ix":1,"ks":{"a":0,"k":{"i":[[0,0],[0,0],[0,0],[0,0],[0,0],[0,0],[0,0],[0,0],[0,0],[0,0],[0,0],[0,0]],"o":[[0,0],[0,0],[0,0],[0,0],[0,0],[0,0],[0,0],[0,0],[0,0],[0,0],[0,0],[0,0]],"v":[[9.125,6.936],[15.399,1.734],[14.258,6.936],[16.539,10.404],[13.117,12.138],[11.406,17.917],[5.703,13.294],[0,16.183],[2.852,9.248],[0,4.624],[3.863,3.983],[6.844,0]],"c":true},"ix":2},"nm":"路径 1","mn":"ADBE Vector Shape - Group","hd":false},{"ty":"st","c":{"a":0,"k":[1,1,1,1],"ix":3},"o":{"a":0,"k":100,"ix":4},"w":{"a":0,"k":1,"ix":5},"lc":1,"lj":1,"ml":4,"bm":0,"nm":"描边 1","mn":"ADBE Vector Graphic - Stroke","hd":false},{"ty":"op","nm":"位移路径 1","a":{"a":0,"k":-0.5,"ix":1},"lj":1,"ml":{"a":0,"k":4,"ix":3},"ix":3,"mn":"ADBE Vector Filter - Offset","hd":false},{"ty":"tr","p":{"a":0,"k":[0,0],"ix":2},"a":{"a":0,"k":[0,0],"ix":1},"s":{"a":0,"k":[100,100],"ix":3},"r":{"a":0,"k":0,"ix":6},"o":{"a":0,"k":100,"ix":7},"sk":{"a":0,"k":0,"ix":4},"sa":{"a":0,"k":0,"ix":5},"nm":"变换"}],"nm":"破烂口01 Stroke","np":3,"cix":2,"bm":0,"ix":1,"mn":"ADBE Vector Group","hd":false}],"ip":0,"op":150,"st":0,"bm":0},{"ddd":0,"ind":4,"ty":0,"nm":"玻璃瓶身","refId":"comp_14","sr":1,"ks":{"o":{"a":0,"k":100,"ix":11},"r":{"a":0,"k":0,"ix":10},"p":{"a":0,"k":[180,320,0],"ix":2,"l":2},"a":{"a":0,"k":[180,320,0],"ix":1,"l":2},"s":{"a":0,"k":[100,100,100],"ix":6,"l":2}},"ao":0,"w":360,"h":640,"ip":0,"op":150,"st":0,"bm":0}]},{"id":"comp_14","layers":[{"ddd":0,"ind":1,"ty":2,"nm":"body_glass.png","cl":"png","refId":"image_3","sr":1,"ks":{"o":{"a":0,"k":100,"ix":11},"r":{"a":0,"k":0,"ix":10},"p":{"a":0,"k":[172.5,322,0],"ix":2,"l":2},"a":{"a":0,"k":[327.5,327.5,0],"ix":1,"l":2},"s":{"a":0,"k":[33.282,33.282,100],"ix":6,"l":2}},"ao":0,"ip":0,"op":150,"st":0,"bm":0}]},{"id":"comp_15","layers":[{"ddd":0,"ind":1,"ty":2,"nm":"image_bottom_back.png","cl":"png","refId":"image_4","sr":1,"ks":{"o":{"a":0,"k":100,"ix":11},"r":{"a":0,"k":0,"ix":10},"p":{"a":0,"k":[126.5,368,0],"ix":2,"l":2},"a":{"a":0,"k":[180,182,0],"ix":1,"l":2},"s":{"a":0,"k":[33.39,33.39,100],"ix":6,"l":2}},"ao":0,"ip":0,"op":150,"st":0,"bm":0}]},{"id":"comp_16","layers":[{"ddd":0,"ind":1,"ty":0,"nm":"顶部","refId":"comp_11","sr":1,"ks":{"o":{"a":0,"k":100,"ix":11},"r":{"a":0,"k":0,"ix":10},"p":{"a":0,"k":[180,320,0],"ix":2,"l":2},"a":{"a":0,"k":[180,320,0],"ix":1,"l":2},"s":{"a":0,"k":[100,100,100],"ix":6,"l":2}},"ao":0,"w":360,"h":640,"ip":0,"op":150,"st":0,"bm":0},{"ddd":0,"ind":2,"ty":0,"nm":"底部-前遮罩","refId":"comp_12","sr":1,"ks":{"o":{"a":0,"k":100,"ix":11},"r":{"a":0,"k":0,"ix":10},"p":{"a":0,"k":[180,320,0],"ix":2,"l":2},"a":{"a":0,"k":[180,320,0],"ix":1,"l":2},"s":{"a":0,"k":[100,100,100],"ix":6,"l":2}},"ao":0,"w":360,"h":640,"ip":0,"op":150,"st":0,"bm":0},{"ddd":0,"ind":3,"ty":0,"nm":"中间","refId":"comp_13","sr":1,"ks":{"o":{"a":0,"k":100,"ix":11},"r":{"a":0,"k":0,"ix":10},"p":{"a":0,"k":[180,320,0],"ix":2,"l":2},"a":{"a":0,"k":[180,320,0],"ix":1,"l":2},"s":{"a":0,"k":[100,100,100],"ix":6,"l":2}},"ao":0,"w":360,"h":640,"ip":0,"op":150,"st":0,"bm":0},{"ddd":0,"ind":4,"ty":0,"nm":"液体合成","refId":"comp_17","sr":1,"ks":{"o":{"a":0,"k":100,"ix":11},"r":{"a":0,"k":0,"ix":10},"p":{"a":0,"k":[180,320,0],"ix":2,"l":2},"a":{"a":0,"k":[180,320,0],"ix":1,"l":2},"s":{"a":0,"k":[100,100,100],"ix":6,"l":2}},"ao":0,"w":360,"h":640,"ip":0,"op":150,"st":0,"bm":0},{"ddd":0,"ind":5,"ty":0,"nm":"底部","refId":"comp_15","sr":1,"ks":{"o":{"a":0,"k":100,"ix":11},"r":{"a":0,"k":0,"ix":10},"p":{"a":0,"k":[180,320,0],"ix":2,"l":2},"a":{"a":0,"k":[180,320,0],"ix":1,"l":2},"s":{"a":0,"k":[100,100,100],"ix":6,"l":2}},"ao":0,"w":360,"h":640,"ip":0,"op":150,"st":0,"bm":0}]},{"id":"comp_17","layers":[{"ddd":0,"ind":1,"ty":0,"nm":"水泡","refId":"comp_18","sr":1,"ks":{"o":{"a":0,"k":100,"ix":11},"r":{"a":0,"k":0,"ix":10},"p":{"a":0,"k":[180,320,0],"ix":2,"l":2},"a":{"a":0,"k":[180,320,0],"ix":1,"l":2},"s":{"a":0,"k":[100,100,100],"ix":6,"l":2}},"ao":0,"w":360,"h":640,"ip":112.5,"op":137.5,"st":112.5,"bm":0},{"ddd":0,"ind":2,"ty":0,"nm":"水泡","refId":"comp_18","sr":1,"ks":{"o":{"a":0,"k":100,"ix":11},"r":{"a":0,"k":0,"ix":10},"p":{"a":0,"k":[180,320,0],"ix":2,"l":2},"a":{"a":0,"k":[180,320,0],"ix":1,"l":2},"s":{"a":0,"k":[100,100,100],"ix":6,"l":2}},"ao":0,"w":360,"h":640,"ip":87.5,"op":112.5,"st":87.5,"bm":0},{"ddd":0,"ind":3,"ty":0,"nm":"水泡","refId":"comp_18","sr":1,"ks":{"o":{"a":0,"k":100,"ix":11},"r":{"a":0,"k":0,"ix":10},"p":{"a":0,"k":[180,320,0],"ix":2,"l":2},"a":{"a":0,"k":[180,320,0],"ix":1,"l":2},"s":{"a":0,"k":[100,100,100],"ix":6,"l":2}},"ao":0,"w":360,"h":640,"ip":62.5,"op":87.5,"st":62.5,"bm":0},{"ddd":0,"ind":4,"ty":0,"nm":"水泡","refId":"comp_18","sr":1,"ks":{"o":{"a":0,"k":100,"ix":11},"r":{"a":0,"k":0,"ix":10},"p":{"a":0,"k":[180,320,0],"ix":2,"l":2},"a":{"a":0,"k":[180,320,0],"ix":1,"l":2},"s":{"a":0,"k":[100,100,100],"ix":6,"l":2}},"ao":0,"w":360,"h":640,"ip":37.5,"op":62.5,"st":37.5,"bm":0},{"ddd":0,"ind":5,"ty":0,"nm":"水泡","refId":"comp_18","sr":1,"ks":{"o":{"a":0,"k":100,"ix":11},"r":{"a":0,"k":0,"ix":10},"p":{"a":0,"k":[180,320,0],"ix":2,"l":2},"a":{"a":0,"k":[180,320,0],"ix":1,"l":2},"s":{"a":0,"k":[100,100,100],"ix":6,"l":2}},"ao":0,"w":360,"h":640,"ip":12.5,"op":37.5,"st":12.5,"bm":0},{"ddd":0,"ind":6,"ty":0,"nm":"中间闪电","refId":"comp_19","sr":1,"ks":{"o":{"a":1,"k":[{"i":{"x":[0.334],"y":[1]},"o":{"x":[0.333],"y":[0]},"t":0,"s":[0]},{"t":12.5,"s":[100]}],"ix":11},"r":{"a":1,"k":[{"i":{"x":[0.667],"y":[1]},"o":{"x":[0.333],"y":[0]},"t":12.5,"s":[0]},{"i":{"x":[0.667],"y":[1]},"o":{"x":[0.333],"y":[0]},"t":25,"s":[12]},{"t":37.5,"s":[0]}],"ix":10},"p":{"a":0,"k":[180,320,0],"ix":2,"l":2},"a":{"a":0,"k":[83.5,75,0],"ix":1,"l":2},"s":{"a":1,"k":[{"i":{"x":[0.667,0.667,0.667],"y":[1,1,1]},"o":{"x":[0.333,0.333,0.333],"y":[0,0,0]},"t":12.5,"s":[100,100,100]},{"i":{"x":[0.667,0.667,0.667],"y":[1,1,1]},"o":{"x":[0.333,0.333,0.333],"y":[0,0,0]},"t":25,"s":[120,120,100]},{"t":37.5,"s":[100,100,100]}],"ix":6,"l":2}},"ao":0,"w":167,"h":150,"ip":0,"op":150,"st":0,"bm":0},{"ddd":0,"ind":7,"ty":4,"nm":"玻璃瓶身 2","td":1,"sr":1,"ks":{"o":{"a":0,"k":100,"ix":11},"r":{"a":0,"k":45,"ix":10},"p":{"a":0,"k":[172.409,322.909,0],"ix":2,"l":2},"a":{"a":0,"k":[55.487,98.533,0],"ix":1,"l":2},"s":{"a":0,"k":[100,100,100],"ix":6,"l":2}},"ao":0,"shapes":[{"ty":"gr","it":[{"ind":0,"ty":"sh","ix":1,"ks":{"a":0,"k":{"i":[[-30.645,0],[0,13.427],[0,0],[0,0],[30.427,0],[0.35,13.295],[0,0],[0,0]],"o":[[30.645,0],[0,0],[0,0],[-0.35,13.295],[-30.427,0],[0,0],[0,0],[0,13.427]],"v":[[55.487,24.311],[110.975,0],[110.975,173.041],[110.971,173.041],[55.487,197.066],[0.004,173.041],[0,173.041],[0,0]],"c":true},"ix":2},"nm":"路径 1","mn":"ADBE Vector Shape - Group","hd":false},{"ty":"fl","c":{"a":0,"k":[1,1,1,1],"ix":4},"o":{"a":0,"k":100,"ix":5},"r":1,"bm":0,"nm":"填充 1","mn":"ADBE Vector Graphic - Fill","hd":false},{"ty":"tr","p":{"a":0,"k":[0,0],"ix":2},"a":{"a":0,"k":[0,0],"ix":1},"s":{"a":0,"k":[100,100],"ix":3},"r":{"a":0,"k":0,"ix":6},"o":{"a":0,"k":100,"ix":7},"sk":{"a":0,"k":0,"ix":4},"sa":{"a":0,"k":0,"ix":5},"nm":"变换"}],"nm":"玻璃瓶身 Fill","np":2,"cix":2,"bm":0,"ix":1,"mn":"ADBE Vector Group","hd":false}],"ip":0,"op":150,"st":0,"bm":0},{"ddd":0,"ind":8,"ty":0,"nm":"液体动效","tt":1,"refId":"comp_20","sr":1,"ks":{"o":{"a":0,"k":100,"ix":11},"r":{"a":0,"k":0,"ix":10},"p":{"a":1,"k":[{"i":{"x":0.334,"y":1},"o":{"x":0.333,"y":0},"t":0,"s":[180,412,0],"to":[0,-15.333,0],"ti":[0,15.333,0]},{"t":12.5,"s":[180,320,0]}],"ix":2,"l":2},"a":{"a":0,"k":[180,320,0],"ix":1,"l":2},"s":{"a":0,"k":[100,100,100],"ix":6,"l":2}},"ao":0,"w":360,"h":640,"ip":0,"op":150,"st":0,"bm":0}]},{"id":"comp_18","layers":[{"ddd":0,"ind":1,"ty":0,"nm":"闪电元素","refId":"comp_2","sr":1,"ks":{"o":{"a":1,"k":[{"i":{"x":[0.332],"y":[1]},"o":{"x":[0.333],"y":[0]},"t":9.583,"s":[0]},{"i":{"x":[0.332],"y":[1]},"o":{"x":[0.333],"y":[0]},"t":15.833,"s":[100]},{"t":22.0830078125,"s":[0]}],"ix":11},"r":{"a":0,"k":0,"ix":10},"p":{"a":1,"k":[{"i":{"x":0.499,"y":1},"o":{"x":0.333,"y":0},"t":9.583,"s":[113.75,393,0],"to":[13.5,-19.542,0],"ti":[-12.5,22.042,0]},{"t":22.0830078125,"s":[100.75,350,0]}],"ix":2,"l":2},"a":{"a":0,"k":[36,36,0],"ix":1,"l":2},"s":{"a":1,"k":[{"i":{"x":[0.332,0.332,0.667],"y":[1,1,1]},"o":{"x":[0.333,0.333,0.333],"y":[0,0,0]},"t":9.583,"s":[0,0,100]},{"i":{"x":[0.332,0.332,0.667],"y":[1,1,1]},"o":{"x":[0.333,0.333,0.333],"y":[0,0,0]},"t":15.833,"s":[11.667,11.667,100]},{"t":22.0830078125,"s":[0,0,100]}],"ix":6,"l":2}},"ao":0,"w":72,"h":72,"ip":0,"op":150,"st":0,"bm":0},{"ddd":0,"ind":2,"ty":0,"nm":"闪电元素","refId":"comp_2","sr":1,"ks":{"o":{"a":1,"k":[{"i":{"x":[0.332],"y":[1]},"o":{"x":[0.333],"y":[0]},"t":0,"s":[0]},{"i":{"x":[0.332],"y":[1]},"o":{"x":[0.333],"y":[0]},"t":7.917,"s":[100]},{"t":15.8330078125,"s":[0]}],"ix":11},"r":{"a":0,"k":0,"ix":10},"p":{"a":1,"k":[{"i":{"x":0.499,"y":1},"o":{"x":0.333,"y":0},"t":0,"s":[127,407.5,0],"to":[19,-17.042,0],"ti":[-16.5,8.292,0]},{"t":15.8330078125,"s":[146.25,347.25,0]}],"ix":2,"l":2},"a":{"a":0,"k":[36,36,0],"ix":1,"l":2},"s":{"a":1,"k":[{"i":{"x":[0.332,0.332,0.667],"y":[1,1,1]},"o":{"x":[0.333,0.333,0.333],"y":[0,0,0]},"t":0,"s":[0,0,100]},{"i":{"x":[0.332,0.332,0.667],"y":[1,1,1]},"o":{"x":[0.333,0.333,0.333],"y":[0,0,0]},"t":7.917,"s":[13.75,13.75,100]},{"t":15.8330078125,"s":[0,0,100]}],"ix":6,"l":2}},"ao":0,"w":72,"h":72,"ip":0,"op":150,"st":0,"bm":0},{"ddd":0,"ind":3,"ty":0,"nm":"闪电元素","refId":"comp_2","sr":1,"ks":{"o":{"a":1,"k":[{"i":{"x":[0.332],"y":[1]},"o":{"x":[0.333],"y":[0]},"t":6.25,"s":[0]},{"i":{"x":[0.332],"y":[1]},"o":{"x":[0.333],"y":[0]},"t":12.5,"s":[100]},{"t":18.75,"s":[0]}],"ix":11},"r":{"a":0,"k":0,"ix":10},"p":{"a":1,"k":[{"i":{"x":0.499,"y":1},"o":{"x":0.333,"y":0},"t":6.25,"s":[146.75,416,0],"to":[20.25,-25.042,0],"ti":[-15.25,18.542,0]},{"t":18.75,"s":[146.25,347.25,0]}],"ix":2,"l":2},"a":{"a":0,"k":[36,36,0],"ix":1,"l":2},"s":{"a":1,"k":[{"i":{"x":[0.332,0.332,0.667],"y":[1,1,1]},"o":{"x":[0.333,0.333,0.333],"y":[0,0,0]},"t":6.25,"s":[0,0,100]},{"i":{"x":[0.332,0.332,0.667],"y":[1,1,1]},"o":{"x":[0.333,0.333,0.333],"y":[0,0,0]},"t":12.5,"s":[31.806,31.806,100]},{"t":18.75,"s":[0,0,100]}],"ix":6,"l":2}},"ao":0,"w":72,"h":72,"ip":0,"op":150,"st":0,"bm":0},{"ddd":0,"ind":4,"ty":0,"nm":"闪电元素","refId":"comp_2","sr":1,"ks":{"o":{"a":1,"k":[{"i":{"x":[0.332],"y":[1]},"o":{"x":[0.333],"y":[0]},"t":3.333,"s":[0]},{"i":{"x":[0.332],"y":[1]},"o":{"x":[0.333],"y":[0]},"t":14.167,"s":[100]},{"t":25,"s":[0]}],"ix":11},"r":{"a":0,"k":0,"ix":10},"p":{"a":1,"k":[{"i":{"x":0.499,"y":1},"o":{"x":0.333,"y":0},"t":3.333,"s":[120.25,391.25,0],"to":[16.25,-14.542,0],"ti":[-14,11.292,0]},{"t":25,"s":[129.75,349.25,0]}],"ix":2,"l":2},"a":{"a":0,"k":[36,36,0],"ix":1,"l":2},"s":{"a":1,"k":[{"i":{"x":[0.332,0.332,0.667],"y":[1,1,1]},"o":{"x":[0.333,0.333,0.333],"y":[0,0,0]},"t":3.333,"s":[0,0,100]},{"i":{"x":[0.332,0.332,0.667],"y":[1,1,1]},"o":{"x":[0.333,0.333,0.333],"y":[0,0,0]},"t":14.167,"s":[20,20,100]},{"t":25,"s":[0,0,100]}],"ix":6,"l":2}},"ao":0,"w":72,"h":72,"ip":0,"op":150,"st":0,"bm":0},{"ddd":0,"ind":5,"ty":0,"nm":"闪电元素","refId":"comp_2","sr":1,"ks":{"o":{"a":1,"k":[{"i":{"x":[0.332],"y":[1]},"o":{"x":[0.333],"y":[0]},"t":0,"s":[0]},{"i":{"x":[0.332],"y":[1]},"o":{"x":[0.333],"y":[0]},"t":9.375,"s":[100]},{"t":18.75,"s":[0]}],"ix":11},"r":{"a":0,"k":0,"ix":10},"p":{"a":1,"k":[{"i":{"x":0.499,"y":1},"o":{"x":0.333,"y":0},"t":0,"s":[173,397.25,0],"to":[14.25,-17.542,0],"ti":[-14.25,18.792,0]},{"t":18.75,"s":[184.75,345.25,0]}],"ix":2,"l":2},"a":{"a":0,"k":[36,36,0],"ix":1,"l":2},"s":{"a":1,"k":[{"i":{"x":[0.332,0.332,0.667],"y":[1,1,1]},"o":{"x":[0.333,0.333,0.333],"y":[0,0,0]},"t":0,"s":[0,0,100]},{"i":{"x":[0.332,0.332,0.667],"y":[1,1,1]},"o":{"x":[0.333,0.333,0.333],"y":[0,0,0]},"t":9.375,"s":[26.944,26.944,100]},{"t":18.75,"s":[0,0,100]}],"ix":6,"l":2}},"ao":0,"w":72,"h":72,"ip":0,"op":150,"st":0,"bm":0},{"ddd":0,"ind":6,"ty":0,"nm":"闪电元素","refId":"comp_2","sr":1,"ks":{"o":{"a":1,"k":[{"i":{"x":[0.332],"y":[1]},"o":{"x":[0.333],"y":[0]},"t":12.5,"s":[0]},{"i":{"x":[0.332],"y":[1]},"o":{"x":[0.333],"y":[0]},"t":18.75,"s":[100]},{"t":25,"s":[0]}],"ix":11},"r":{"a":0,"k":0,"ix":10},"p":{"a":1,"k":[{"i":{"x":0.499,"y":1},"o":{"x":0.333,"y":0},"t":12.5,"s":[162.5,409.25,0],"to":[10.5,-14.042,0],"ti":[-16.25,13.042,0]},{"t":25,"s":[172.25,339,0]}],"ix":2,"l":2},"a":{"a":0,"k":[36,36,0],"ix":1,"l":2},"s":{"a":1,"k":[{"i":{"x":[0.332,0.332,0.667],"y":[1,1,1]},"o":{"x":[0.333,0.333,0.333],"y":[0,0,0]},"t":12.5,"s":[0,0,100]},{"i":{"x":[0.332,0.332,0.667],"y":[1,1,1]},"o":{"x":[0.333,0.333,0.333],"y":[0,0,0]},"t":18.75,"s":[12.361,12.361,100]},{"t":25,"s":[0,0,100]}],"ix":6,"l":2}},"ao":0,"w":72,"h":72,"ip":0,"op":150,"st":0,"bm":0}]},{"id":"comp_19","layers":[{"ddd":0,"ind":1,"ty":4,"nm":"闪电02","sr":1,"ks":{"o":{"a":0,"k":100,"ix":11},"r":{"a":0,"k":0,"ix":10},"p":{"a":0,"k":[78.494,69.992,0],"ix":2,"l":2},"a":{"a":0,"k":[18.305,23.739,0],"ix":1,"l":2},"s":{"a":0,"k":[100,100,100],"ix":6,"l":2}},"ao":0,"shapes":[{"ty":"gr","it":[{"ind":0,"ty":"sh","ix":1,"ks":{"a":0,"k":{"i":[[0,0],[0,0],[0,0],[0,0],[0,0],[0,0],[0,0]],"o":[[0,0],[0,0],[0,0],[0,0],[0,0],[0,0],[0,0]],"v":[[8.425,0],[0,30.451],[10.231,30.451],[7.222,47.479],[36.61,20.234],[24.173,20.234],[33.1,0]],"c":true},"ix":2},"nm":"路径 1","mn":"ADBE Vector Shape - Group","hd":false},{"ty":"op","nm":"位移路径 1","a":{"a":0,"k":-0.5,"ix":1},"lj":1,"ml":{"a":0,"k":4,"ix":3},"ix":3,"mn":"ADBE Vector Filter - Offset","hd":false},{"ty":"tr","p":{"a":0,"k":[0,0],"ix":2},"a":{"a":0,"k":[0,0],"ix":1},"s":{"a":0,"k":[100,100],"ix":3},"r":{"a":0,"k":0,"ix":6},"o":{"a":0,"k":100,"ix":7},"sk":{"a":0,"k":0,"ix":4},"sa":{"a":0,"k":0,"ix":5},"nm":"变换"}],"nm":"闪电02 Stroke","np":3,"cix":2,"bm":0,"ix":1,"mn":"ADBE Vector Group","hd":false},{"ty":"gr","it":[{"ind":0,"ty":"sh","ix":1,"ks":{"a":0,"k":{"i":[[0,0],[0,0],[0,0],[0,0],[0,0],[0,0],[0,0]],"o":[[0,0],[0,0],[0,0],[0,0],[0,0],[0,0],[0,0]],"v":[[8.425,0],[0,30.451],[10.231,30.451],[7.222,47.479],[36.61,20.234],[24.173,20.234],[33.1,0]],"c":true},"ix":2},"nm":"路径 1","mn":"ADBE Vector Shape - Group","hd":false},{"ty":"fl","c":{"a":0,"k":[0.839215686275,1,0.937577909582,1],"ix":4},"o":{"a":0,"k":100,"ix":5},"r":1,"bm":0,"nm":"填充 1","mn":"ADBE Vector Graphic - Fill","hd":false},{"ty":"tr","p":{"a":0,"k":[0,0],"ix":2},"a":{"a":0,"k":[0,0],"ix":1},"s":{"a":0,"k":[100,100],"ix":3},"r":{"a":0,"k":0,"ix":6},"o":{"a":0,"k":100,"ix":7},"sk":{"a":0,"k":0,"ix":4},"sa":{"a":0,"k":0,"ix":5},"nm":"变换"}],"nm":"闪电02 Fill","np":2,"cix":2,"bm":0,"ix":2,"mn":"ADBE Vector Group","hd":false}],"ip":0,"op":150,"st":0,"bm":0},{"ddd":0,"ind":2,"ty":4,"nm":"闪电01","sr":1,"ks":{"o":{"a":0,"k":100,"ix":11},"r":{"a":0,"k":0,"ix":10},"p":{"a":0,"k":[79.066,71.422,0],"ix":2,"l":2},"a":{"a":0,"k":[18.877,25.17,0],"ix":1,"l":2},"s":{"a":0,"k":[100,100,100],"ix":6,"l":2}},"ao":0,"shapes":[{"ty":"gr","it":[{"ind":0,"ty":"sh","ix":1,"ks":{"a":0,"k":{"i":[[0,0],[0,0],[0,0],[0,0],[0,0],[0,0],[0,0],[0,0],[0,0],[0,0],[0,0]],"o":[[0,0],[0,0],[0,0],[0,0],[0,0],[0,0],[0,0],[0,0],[0,0],[0,0],[0,0]],"v":[[9.569,2.86],[33.178,0],[34.244,2.86],[25.317,23.094],[36.61,20.307],[37.754,23.094],[8.366,50.339],[7.15,47.479],[11.375,33.311],[1.144,33.311],[0,30.318]],"c":true},"ix":2},"nm":"路径 1","mn":"ADBE Vector Shape - Group","hd":false},{"ty":"op","nm":"位移路径 1","a":{"a":0,"k":-0.5,"ix":1},"lj":1,"ml":{"a":0,"k":4,"ix":3},"ix":3,"mn":"ADBE Vector Filter - Offset","hd":false},{"ty":"tr","p":{"a":0,"k":[0,0],"ix":2},"a":{"a":0,"k":[0,0],"ix":1},"s":{"a":0,"k":[100,100],"ix":3},"r":{"a":0,"k":0,"ix":6},"o":{"a":0,"k":100,"ix":7},"sk":{"a":0,"k":0,"ix":4},"sa":{"a":0,"k":0,"ix":5},"nm":"变换"}],"nm":"闪电01 Stroke","np":3,"cix":2,"bm":0,"ix":1,"mn":"ADBE Vector Group","hd":false},{"ty":"gr","it":[{"ind":0,"ty":"sh","ix":1,"ks":{"a":0,"k":{"i":[[0,0],[0,0],[0,0],[0,0],[0,0],[0,0],[0,0],[0,0],[0,0],[0,0],[0,0]],"o":[[0,0],[0,0],[0,0],[0,0],[0,0],[0,0],[0,0],[0,0],[0,0],[0,0],[0,0]],"v":[[9.569,2.86],[33.178,0],[34.244,2.86],[25.317,23.094],[36.61,20.307],[37.754,23.094],[8.366,50.339],[7.15,47.479],[11.375,33.311],[1.144,33.311],[0,30.318]],"c":true},"ix":2},"nm":"路径 1","mn":"ADBE Vector Shape - Group","hd":false},{"ty":"fl","c":{"a":0,"k":[0,0.760784313725,0.494072558833,1],"ix":4},"o":{"a":0,"k":100,"ix":5},"r":1,"bm":0,"nm":"填充 1","mn":"ADBE Vector Graphic - Fill","hd":false},{"ty":"tr","p":{"a":0,"k":[0,0],"ix":2},"a":{"a":0,"k":[0,0],"ix":1},"s":{"a":0,"k":[100,100],"ix":3},"r":{"a":0,"k":0,"ix":6},"o":{"a":0,"k":100,"ix":7},"sk":{"a":0,"k":0,"ix":4},"sa":{"a":0,"k":0,"ix":5},"nm":"变换"}],"nm":"闪电01 Fill","np":2,"cix":2,"bm":0,"ix":2,"mn":"ADBE Vector Group","hd":false}],"ip":0,"op":150,"st":0,"bm":0}]},{"id":"comp_20","layers":[{"ddd":0,"ind":3,"ty":0,"nm":"波浪","refId":"comp_21","sr":1,"ks":{"o":{"a":0,"k":100,"ix":11},"r":{"a":0,"k":0,"ix":10},"p":{"a":1,"k":[{"i":{"x":0.833,"y":0.833},"o":{"x":0.167,"y":0.167},"t":0,"s":[147,320,0],"to":[17.667,0,0],"ti":[-17.667,0,0]},{"t":25,"s":[253,320,0]}],"ix":2,"l":2,"x":"var $bm_rt;\n$bm_rt = loopOut('cycle');"},"a":{"a":0,"k":[227,320,0],"ix":1,"l":2},"s":{"a":0,"k":[100,100,100],"ix":6,"l":2}},"ao":0,"w":454,"h":640,"ip":0,"op":150,"st":0,"bm":0},{"ddd":0,"ind":4,"ty":0,"nm":"波浪","td":1,"refId":"comp_21","sr":1,"ks":{"o":{"a":0,"k":100,"ix":11},"r":{"a":0,"k":0,"ix":10},"p":{"a":1,"k":[{"i":{"x":0.833,"y":0.833},"o":{"x":0.167,"y":0.167},"t":0,"s":[227,301,0],"to":[-17.333,0,0],"ti":[17.333,0,0]},{"t":25,"s":[123,301,0]}],"ix":2,"l":2,"x":"var $bm_rt;\n$bm_rt = loopOut('cycle');"},"a":{"a":0,"k":[227,320,0],"ix":1,"l":2},"s":{"a":0,"k":[100,100,100],"ix":6,"l":2}},"ao":0,"w":454,"h":640,"ip":0,"op":150,"st":0,"bm":0},{"ddd":0,"ind":5,"ty":4,"nm":"形状图层 1","tt":1,"sr":1,"ks":{"o":{"a":0,"k":75,"ix":11},"r":{"a":0,"k":0,"ix":10},"p":{"a":0,"k":[179,345,0],"ix":2,"l":2},"a":{"a":0,"k":[0,0,0],"ix":1,"l":2},"s":{"a":0,"k":[100,207.018,100],"ix":6,"l":2}},"ao":0,"shapes":[{"ty":"gr","it":[{"ty":"rc","d":1,"s":{"a":0,"k":[430,82],"ix":2},"p":{"a":0,"k":[0,0],"ix":3},"r":{"a":0,"k":0,"ix":4},"nm":"矩形路径 1","mn":"ADBE Vector Shape - Rect","hd":false},{"ty":"fl","c":{"a":0,"k":[1,1,1,1],"ix":4},"o":{"a":0,"k":100,"ix":5},"r":1,"bm":0,"nm":"填充 1","mn":"ADBE Vector Graphic - Fill","hd":false},{"ty":"tr","p":{"a":0,"k":[-8,16],"ix":2},"a":{"a":0,"k":[0,0],"ix":1},"s":{"a":0,"k":[100,100],"ix":3},"r":{"a":0,"k":0,"ix":6},"o":{"a":0,"k":100,"ix":7},"sk":{"a":0,"k":0,"ix":4},"sa":{"a":0,"k":0,"ix":5},"nm":"变换"}],"nm":"矩形 1","np":3,"cix":2,"bm":0,"ix":1,"mn":"ADBE Vector Group","hd":false}],"ip":0,"op":150,"st":0,"bm":0},{"ddd":0,"ind":6,"ty":0,"nm":"波浪","refId":"comp_21","sr":1,"ks":{"o":{"a":0,"k":100,"ix":11},"r":{"a":0,"k":0,"ix":10},"p":{"a":1,"k":[{"i":{"x":0.833,"y":0.833},"o":{"x":0.167,"y":0.167},"t":0,"s":[227,301,0],"to":[-17.333,0,0],"ti":[17.333,0,0]},{"t":25,"s":[123,301,0]}],"ix":2,"l":2,"x":"var $bm_rt;\n$bm_rt = loopOut('cycle');"},"a":{"a":0,"k":[227,320,0],"ix":1,"l":2},"s":{"a":0,"k":[100,100,100],"ix":6,"l":2}},"ao":0,"w":454,"h":640,"ip":0,"op":150,"st":0,"bm":0}]},{"id":"comp_21","layers":[{"ddd":0,"ind":1,"ty":4,"nm":"“波浪/波浪”轮廓 4","sr":1,"ks":{"o":{"a":0,"k":50,"ix":11},"r":{"a":0,"k":0,"ix":10},"p":{"a":0,"k":[389.84,369,0],"ix":2,"l":2},"a":{"a":0,"k":[204.5,107,0],"ix":1,"l":2},"s":{"a":0,"k":[26.163,26.163,100],"ix":6,"l":2}},"ao":0,"shapes":[{"ind":0,"ty":"sh","ix":1,"ks":{"a":0,"k":{"i":[[0,58],[-21.795,0],[-43.591,0],[-43.591,0],[-44.2,0],[-16.433,12],[0,0],[0,0]],"o":[[17.657,-11.274],[45.9,0],[43.59,0],[43.59,0],[21.795,0],[0,0],[0,0],[0,0]],"v":[[0.25,20.25],[51.25,3.829],[153.25,33.092],[255.25,3.829],[357.25,33.092],[408.25,20.25],[408.25,442.58],[0.25,442.58]],"c":true},"ix":2},"nm":"路径 1","mn":"ADBE Vector Shape - Group","hd":false},{"ty":"fl","c":{"a":0,"k":[0,1,0.588235174441,1],"ix":4},"o":{"a":0,"k":100,"ix":5},"r":1,"bm":0,"nm":"填充 1","mn":"ADBE Vector Graphic - Fill","hd":false}],"ip":0,"op":150,"st":0,"bm":0},{"ddd":0,"ind":2,"ty":4,"nm":"“波浪/波浪”轮廓 3","sr":1,"ks":{"o":{"a":0,"k":50,"ix":11},"r":{"a":0,"k":0,"ix":10},"p":{"a":0,"k":[283.188,369,0],"ix":2,"l":2},"a":{"a":0,"k":[204.5,107,0],"ix":1,"l":2},"s":{"a":0,"k":[26.163,26.163,100],"ix":6,"l":2}},"ao":0,"shapes":[{"ind":0,"ty":"sh","ix":1,"ks":{"a":0,"k":{"i":[[0,58],[-21.795,0],[-43.591,0],[-43.591,0],[-44.2,0],[-16.433,12],[0,0],[0,0]],"o":[[17.657,-11.274],[45.9,0],[43.59,0],[43.59,0],[21.795,0],[0,0],[0,0],[0,0]],"v":[[0.25,20.25],[51.25,3.829],[153.25,33.092],[255.25,3.829],[357.25,33.092],[408.25,20.25],[408.25,442.58],[0.25,442.58]],"c":true},"ix":2},"nm":"路径 1","mn":"ADBE Vector Shape - Group","hd":false},{"ty":"fl","c":{"a":0,"k":[0,1,0.588235174441,1],"ix":4},"o":{"a":0,"k":100,"ix":5},"r":1,"bm":0,"nm":"填充 1","mn":"ADBE Vector Graphic - Fill","hd":false}],"ip":0,"op":150,"st":0,"bm":0},{"ddd":0,"ind":3,"ty":4,"nm":"“波浪/波浪”轮廓 2","sr":1,"ks":{"o":{"a":0,"k":50,"ix":11},"r":{"a":0,"k":0,"ix":10},"p":{"a":0,"k":[176.563,369,0],"ix":2,"l":2},"a":{"a":0,"k":[204.5,107,0],"ix":1,"l":2},"s":{"a":0,"k":[26.163,26.163,100],"ix":6,"l":2}},"ao":0,"shapes":[{"ind":0,"ty":"sh","ix":1,"ks":{"a":0,"k":{"i":[[0,58],[-21.795,0],[-43.591,0],[-43.591,0],[-44.2,0],[-16.433,12],[0,0],[0,0]],"o":[[17.657,-11.274],[45.9,0],[43.59,0],[43.59,0],[21.795,0],[0,0],[0,0],[0,0]],"v":[[0.25,20.25],[51.25,3.829],[153.25,33.092],[255.25,3.829],[357.25,33.092],[408.25,20.25],[408.25,442.58],[0.25,442.58]],"c":true},"ix":2},"nm":"路径 1","mn":"ADBE Vector Shape - Group","hd":false},{"ty":"fl","c":{"a":0,"k":[0,1,0.588235174441,1],"ix":4},"o":{"a":0,"k":100,"ix":5},"r":1,"bm":0,"nm":"填充 1","mn":"ADBE Vector Graphic - Fill","hd":false}],"ip":0,"op":150,"st":0,"bm":0},{"ddd":0,"ind":4,"ty":4,"nm":"“波浪/波浪”轮廓","sr":1,"ks":{"o":{"a":0,"k":50,"ix":11},"r":{"a":0,"k":0,"ix":10},"p":{"a":0,"k":[69.938,369,0],"ix":2,"l":2},"a":{"a":0,"k":[204.5,107,0],"ix":1,"l":2},"s":{"a":0,"k":[26.163,26.163,100],"ix":6,"l":2}},"ao":0,"shapes":[{"ind":0,"ty":"sh","ix":1,"ks":{"a":0,"k":{"i":[[0,58],[-21.795,0],[-43.591,0],[-43.591,0],[-44.2,0],[-16.433,12],[0,0],[0,0]],"o":[[17.657,-11.274],[45.9,0],[43.59,0],[43.59,0],[21.795,0],[0,0],[0,0],[0,0]],"v":[[0.25,20.25],[51.25,3.829],[153.25,33.092],[255.25,3.829],[357.25,33.092],[408.25,20.25],[408.25,442.58],[0.25,442.58]],"c":true},"ix":2},"nm":"路径 1","mn":"ADBE Vector Shape - Group","hd":false},{"ty":"fl","c":{"a":0,"k":[0,1,0.588235174441,1],"ix":4},"o":{"a":0,"k":100,"ix":5},"r":1,"bm":0,"nm":"填充 1","mn":"ADBE Vector Graphic - Fill","hd":false}],"ip":0,"op":150,"st":0,"bm":0}]}],"layers":[{"ddd":0,"ind":1,"ty":0,"nm":"1080","refId":"comp_0","sr":1,"ks":{"o":{"a":0,"k":100,"ix":11},"r":{"a":0,"k":0,"ix":10},"p":{"a":0,"k":[540,960,0],"ix":2,"l":2},"a":{"a":0,"k":[180,320,0],"ix":1,"l":2},"s":{"a":0,"k":[300,300,100],"ix":6,"l":2}},"ao":0,"w":360,"h":640,"ip":0,"op":125,"st":0,"bm":0}],"markers":[]}