{"v":"5.7.1","fr":25,"ip":0,"op":138,"w":646,"h":646,"nm":"动效输出","ddd":0,"assets":[{"id":"image_0","w":87,"h":87,"u":"images/","p":"img_0.png","e":0},{"id":"image_1","w":65,"h":65,"u":"images/","p":"img_1.png","e":0},{"id":"image_2","w":87,"h":87,"u":"images/","p":"img_2.png","e":0},{"id":"image_3","w":1080,"h":1920,"u":"images/","p":"img_3.jpg","e":0},{"id":"image_4","w":1080,"h":1920,"u":"images/","p":"img_4.jpg","e":0},{"id":"image_5","w":1080,"h":1920,"u":"images/","p":"img_5.jpg","e":0},{"id":"image_6","w":202,"h":481,"u":"images/","p":"img_6.png","e":0}],"layers":[{"ddd":0,"ind":1,"ty":2,"nm":"雪3","refId":"image_0","sr":1,"ks":{"o":{"a":1,"k":[{"i":{"x":[0.667],"y":[1]},"o":{"x":[0.333],"y":[0]},"t":18,"s":[0]},{"i":{"x":[0.667],"y":[1]},"o":{"x":[0.333],"y":[0]},"t":22,"s":[70]},{"i":{"x":[0.667],"y":[1]},"o":{"x":[0.333],"y":[0]},"t":62,"s":[70]},{"i":{"x":[0.667],"y":[1]},"o":{"x":[0.333],"y":[0]},"t":66,"s":[0]},{"i":{"x":[0.667],"y":[1]},"o":{"x":[0.333],"y":[0]},"t":92,"s":[0]},{"i":{"x":[0.667],"y":[1]},"o":{"x":[0.333],"y":[0]},"t":96,"s":[70]},{"i":{"x":[0.667],"y":[1]},"o":{"x":[0.333],"y":[0]},"t":133,"s":[70]},{"t":137,"s":[0]}],"ix":11},"r":{"a":1,"k":[{"i":{"x":[0.667],"y":[1]},"o":{"x":[0.333],"y":[0]},"t":20,"s":[0]},{"i":{"x":[0.667],"y":[1]},"o":{"x":[0.333],"y":[0]},"t":66,"s":[120]},{"i":{"x":[0.667],"y":[1]},"o":{"x":[0.333],"y":[0]},"t":92,"s":[0]},{"t":137,"s":[120]}],"ix":10},"p":{"a":1,"k":[{"i":{"x":0.667,"y":1},"o":{"x":0.333,"y":0},"t":20,"s":[533.5,107.5,0],"to":[0,79.167,0],"ti":[0,0,0]},{"i":{"x":0.667,"y":1},"o":{"x":0.333,"y":0},"t":66,"s":[533.5,582.5,0],"to":[0,0,0],"ti":[0,0,0]},{"i":{"x":0.667,"y":1},"o":{"x":0.333,"y":0},"t":92,"s":[533.5,107.5,0],"to":[0,0,0],"ti":[0,-79.167,0]},{"t":137,"s":[533.5,582.5,0]}],"ix":2},"a":{"a":0,"k":[43.5,43.5,0],"ix":1},"s":{"a":0,"k":[100,100,100],"ix":6}},"ao":0,"ip":0,"op":138,"st":0,"bm":0},{"ddd":0,"ind":2,"ty":2,"nm":"雪2","refId":"image_1","sr":1,"ks":{"o":{"a":1,"k":[{"i":{"x":[0.667],"y":[1]},"o":{"x":[0.333],"y":[0]},"t":2,"s":[0]},{"i":{"x":[0.667],"y":[1]},"o":{"x":[0.333],"y":[0]},"t":6,"s":[100]},{"i":{"x":[0.667],"y":[1]},"o":{"x":[0.333],"y":[0]},"t":25,"s":[100]},{"i":{"x":[0.667],"y":[1]},"o":{"x":[0.333],"y":[0]},"t":30,"s":[0]},{"i":{"x":[0.667],"y":[1]},"o":{"x":[0.333],"y":[0]},"t":75,"s":[0]},{"i":{"x":[0.667],"y":[1]},"o":{"x":[0.333],"y":[0]},"t":79,"s":[100]},{"i":{"x":[0.667],"y":[1]},"o":{"x":[0.333],"y":[0]},"t":96,"s":[100]},{"t":101,"s":[0]}],"ix":11},"r":{"a":1,"k":[{"i":{"x":[0.667],"y":[1]},"o":{"x":[0.333],"y":[0]},"t":4,"s":[0]},{"i":{"x":[0.667],"y":[1]},"o":{"x":[0.333],"y":[0]},"t":30,"s":[120]},{"i":{"x":[0.667],"y":[1]},"o":{"x":[0.333],"y":[0]},"t":75,"s":[0]},{"t":101,"s":[120]}],"ix":10},"p":{"a":1,"k":[{"i":{"x":0.667,"y":1},"o":{"x":0.333,"y":0},"t":4,"s":[460.5,216.5,0],"to":[0,31.167,0],"ti":[0,0,0]},{"i":{"x":0.667,"y":1},"o":{"x":0.333,"y":0},"t":30,"s":[460.5,403.5,0],"to":[0,0,0],"ti":[0,0,0]},{"i":{"x":0.667,"y":1},"o":{"x":0.333,"y":0},"t":75,"s":[460.5,216.5,0],"to":[0,0,0],"ti":[0,-31.167,0]},{"t":101,"s":[460.5,403.5,0]}],"ix":2},"a":{"a":0,"k":[32.5,32.5,0],"ix":1},"s":{"a":0,"k":[100,100,100],"ix":6}},"ao":0,"ip":0,"op":138,"st":0,"bm":0},{"ddd":0,"ind":3,"ty":2,"nm":"雪1","refId":"image_2","sr":1,"ks":{"o":{"a":1,"k":[{"i":{"x":[0.667],"y":[1]},"o":{"x":[0.333],"y":[0]},"t":0,"s":[0]},{"i":{"x":[0.667],"y":[1]},"o":{"x":[0.333],"y":[0]},"t":6,"s":[100]},{"i":{"x":[0.667],"y":[1]},"o":{"x":[0.333],"y":[0]},"t":43,"s":[100]},{"i":{"x":[0.667],"y":[1]},"o":{"x":[0.333],"y":[0]},"t":47,"s":[0]},{"i":{"x":[0.667],"y":[1]},"o":{"x":[0.333],"y":[0]},"t":71,"s":[0]},{"i":{"x":[0.667],"y":[1]},"o":{"x":[0.333],"y":[0]},"t":77,"s":[100]},{"i":{"x":[0.667],"y":[1]},"o":{"x":[0.333],"y":[0]},"t":113,"s":[100]},{"t":117,"s":[0]}],"ix":11},"r":{"a":1,"k":[{"i":{"x":[0.667],"y":[1]},"o":{"x":[0.333],"y":[0]},"t":0,"s":[0]},{"i":{"x":[0.667],"y":[1]},"o":{"x":[0.333],"y":[0]},"t":47,"s":[120]},{"i":{"x":[0.667],"y":[1]},"o":{"x":[0.333],"y":[0]},"t":71,"s":[0]},{"t":117,"s":[120]}],"ix":10},"p":{"a":1,"k":[{"i":{"x":0.667,"y":1},"o":{"x":0.333,"y":0},"t":0,"s":[108.5,57.5,0],"to":[0,86.333,0],"ti":[0,0,0]},{"i":{"x":0.667,"y":1},"o":{"x":0.333,"y":0},"t":47,"s":[108.5,575.5,0],"to":[0,0,0],"ti":[0,0,0]},{"i":{"x":0.667,"y":1},"o":{"x":0.333,"y":0},"t":71,"s":[108.5,57.5,0],"to":[0,0,0],"ti":[0,-86.333,0]},{"t":117,"s":[108.5,575.5,0]}],"ix":2},"a":{"a":0,"k":[43.5,43.5,0],"ix":1},"s":{"a":0,"k":[100,100,100],"ix":6}},"ao":0,"ip":0,"op":138,"st":0,"bm":0},{"ddd":0,"ind":4,"ty":2,"nm":"上下扫描条纹","refId":"image_3","sr":1,"ks":{"o":{"a":0,"k":100,"ix":11},"r":{"a":0,"k":0,"ix":10},"p":{"a":1,"k":[{"i":{"x":0.667,"y":1},"o":{"x":0.333,"y":0},"t":0,"s":[323,173,0],"to":[0,66.833,0],"ti":[0,0,0]},{"i":{"x":0.667,"y":1},"o":{"x":0.333,"y":0},"t":28,"s":[323,574,0],"to":[0,0,0],"ti":[0,0,0]},{"i":{"x":0.667,"y":1},"o":{"x":0.333,"y":0},"t":59,"s":[323,173,0],"to":[0,0,0],"ti":[0,0,0]},{"i":{"x":0.667,"y":1},"o":{"x":0.333,"y":0},"t":99,"s":[323,574,0],"to":[0,0,0],"ti":[0,66.833,0]},{"t":137,"s":[323,173,0]}],"ix":2},"a":{"a":0,"k":[540,960,0],"ix":1},"s":{"a":0,"k":[100,100,100],"ix":6}},"ao":0,"hasMask":true,"masksProperties":[{"inv":false,"mode":"a","pt":{"a":0,"k":{"i":[[0,0],[-104.742,0],[0,0],[0,0],[104.758,0],[0,0]],"o":[[0,0],[104.758,0],[0,0],[0,0],[-104.742,0],[0,0]],"v":[[331,910],[540.476,909],[750,910],[750,910],[540.476,912],[331,910]],"c":true},"ix":1},"o":{"a":0,"k":100,"ix":3},"x":{"a":0,"k":0,"ix":4},"nm":"蒙版 1"}],"ip":0,"op":138,"st":0,"bm":0},{"ddd":0,"ind":5,"ty":2,"nm":"中心","refId":"image_4","sr":1,"ks":{"o":{"a":0,"k":100,"ix":11},"r":{"a":0,"k":0,"ix":10},"p":{"a":0,"k":[323,554,0],"ix":2},"a":{"a":0,"k":[540,960,0],"ix":1},"s":{"a":0,"k":[100,100,100],"ix":6}},"ao":0,"hasMask":true,"masksProperties":[{"inv":false,"mode":"a","pt":{"a":1,"k":[{"i":{"x":0.667,"y":1},"o":{"x":0.333,"y":0},"t":0,"s":[{"i":[[0,-25.756],[33.137,0],[0,33.137],[-22.789,8.508],[0,0.26],[0,0],[-11.598,0],[0,-11.598],[0,0],[0.009,-0.257]],"o":[[0,33.137],[-33.137,0],[0,-25.756],[-0.009,-0.257],[0,0],[0,-11.598],[11.598,0],[0,0],[0,0.26],[22.789,8.508]],"v":[[600,873],[540,933],[480,873],[519.02,816.774],[519,816],[519,548],[540,527],[561,548],[561,816],[560.98,816.774]],"c":true}]},{"i":{"x":0.667,"y":1},"o":{"x":0.333,"y":0},"t":28,"s":[{"i":[[0,-25.756],[33.137,0],[0,33.137],[-22.789,8.508],[0,0.26],[0,0],[-11.598,0],[0,-11.598],[0,0],[0.009,-0.257]],"o":[[0,33.137],[-33.137,0],[0,-25.756],[-0.009,-0.257],[0,0],[0,-11.598],[11.598,0],[0,0],[0,0.26],[22.789,8.508]],"v":[[600,873],[540,933],[480,873],[519.02,816.774],[519,816],[519,740],[540,719],[561,740],[561,816],[560.98,816.774]],"c":true}]},{"i":{"x":0.667,"y":1},"o":{"x":0.333,"y":0},"t":59,"s":[{"i":[[0,-25.756],[33.137,0],[0,33.137],[-22.789,8.508],[0,0.26],[0,0],[-11.598,0],[0,-11.598],[0,0],[0.009,-0.257]],"o":[[0,33.137],[-33.137,0],[0,-25.756],[-0.009,-0.257],[0,0],[0,-11.598],[11.598,0],[0,0],[0,0.26],[22.789,8.508]],"v":[[600,873],[540,933],[480,873],[519.02,816.774],[519,816],[519,548],[540,527],[561,548],[561,816],[560.98,816.774]],"c":true}]},{"i":{"x":0.667,"y":1},"o":{"x":0.333,"y":0},"t":99,"s":[{"i":[[0,-25.756],[33.137,0],[0,33.137],[-22.789,8.508],[0,0.26],[0,0],[-11.598,0],[0,-11.598],[0,0],[0.009,-0.257]],"o":[[0,33.137],[-33.137,0],[0,-25.756],[-0.009,-0.257],[0,0],[0,-11.598],[11.598,0],[0,0],[0,0.26],[22.789,8.508]],"v":[[600,873],[540,933],[480,873],[519.02,816.774],[519,816],[519,740],[540,719],[561,740],[561,816],[560.98,816.774]],"c":true}]},{"t":137,"s":[{"i":[[0,-25.756],[33.137,0],[0,33.137],[-22.789,8.508],[0,0.26],[0,0],[-11.598,0],[0,-11.598],[0,0],[0.009,-0.257]],"o":[[0,33.137],[-33.137,0],[0,-25.756],[-0.009,-0.257],[0,0],[0,-11.598],[11.598,0],[0,0],[0,0.26],[22.789,8.508]],"v":[[600,873],[540,933],[480,873],[519.02,816.774],[519,816],[519,548],[540,527],[561,548],[561,816],[560.98,816.774]],"c":true}]}],"ix":1},"o":{"a":0,"k":100,"ix":3},"x":{"a":0,"k":0,"ix":4},"nm":"蒙版 1"}],"ip":0,"op":138,"st":0,"bm":0},{"ddd":0,"ind":6,"ty":2,"nm":"中心不透明底部","refId":"image_5","sr":1,"ks":{"o":{"a":0,"k":40,"ix":11},"r":{"a":0,"k":0,"ix":10},"p":{"a":0,"k":[323,554,0],"ix":2},"a":{"a":0,"k":[540,960,0],"ix":1},"s":{"a":0,"k":[100,100,100],"ix":6}},"ao":0,"hasMask":true,"masksProperties":[{"inv":false,"mode":"a","pt":{"a":0,"k":{"i":[[-11.598,0],[0,-11.598],[0,0],[11.598,0],[0,11.598],[0,0]],"o":[[11.598,0],[0,0],[0,11.598],[-11.598,0],[0,0],[0,-11.598]],"v":[[540,527],[561,548],[561,816],[540,837],[519,816],[519,548]],"c":true},"ix":1},"o":{"a":0,"k":100,"ix":3},"x":{"a":0,"k":0,"ix":4},"nm":"蒙版 1"},{"inv":false,"mode":"a","pt":{"a":0,"k":{"i":[[-33.137,0],[0,-33.137],[33.137,0],[0,33.137]],"o":[[33.137,0],[0,33.137],[-33.137,0],[0,-33.137]],"v":[[540,813],[600,873],[540,933],[480,873]],"c":true},"ix":1},"o":{"a":0,"k":100,"ix":3},"x":{"a":0,"k":0,"ix":4},"nm":"蒙版 2"}],"ip":0,"op":138,"st":0,"bm":0},{"ddd":0,"ind":7,"ty":2,"nm":"温度计外边","refId":"image_6","sr":1,"ks":{"o":{"a":0,"k":100,"ix":11},"r":{"a":0,"k":0,"ix":10},"p":{"a":0,"k":[323,327.5,0],"ix":2},"a":{"a":0,"k":[101,240.5,0],"ix":1},"s":{"a":0,"k":[100,100,100],"ix":6}},"ao":0,"ip":0,"op":138,"st":0,"bm":0}],"markers":[]}